<?xml version="1.0"?>
<a:prstGeom xmlns:a="http://schemas.openxmlformats.org/drawingml/2006/3/main">
	<a:gdLst>
		<a:gd name="cd34" fmla="val 16200000"/>
		<a:gd name="cd38" fmla="val 8100000"/>
		<a:gd name="cd58" fmla="val 13500000"/>
		<a:gd name="cd78" fmla="val 18900000"/>
		<a:gd name="cd2"  fmla="val 10800000"/>
		<a:gd name="cd4"  fmla="val 5400000"/>
		<a:gd name="cd8"  fmla="val 2700000"/>
		<a:gd name="wd2"  fmla="*/ w 1 2"/>
		<a:gd name="wd3"  fmla="*/ w 1 3"/>
		<a:gd name="wd4"  fmla="*/ w 1 4"/>
		<a:gd name="wd5"  fmla="*/ w 1 5"/>
		<a:gd name="wd6"  fmla="*/ w 1 6"/>
		<a:gd name="wd8"  fmla="*/ w 1 8"/>
		<a:gd name="wd10" fmla="*/ w 1 10"/>
		<a:gd name="wd32" fmla="*/ w 1 32"/>
		<a:gd name="hd2"  fmla="*/ h 1 2"/>
		<a:gd name="hd3"  fmla="*/ h 1 3"/>
		<a:gd name="hd4"  fmla="*/ h 1 4"/>
		<a:gd name="hd5"  fmla="*/ h 1 5"/>
		<a:gd name="hd6"  fmla="*/ h 1 6"/>
		<a:gd name="hd8"  fmla="*/ h 1 8"/>
		<a:gd name="hc"   fmla="*/ w 1 2"/>
		<a:gd name="vc"   fmla="*/ h 1 2"/>
		<a:gd name="ss"   fmla="min w h"/>
		<a:gd name="ls"   fmla="max w h"/>
		<a:gd name="ssd2" fmla="*/ ss 1 2"/>
		<a:gd name="ssd4" fmla="*/ ss 1 4"/>
		<a:gd name="ssd6" fmla="*/ ss 1 6"/>
		<a:gd name="ssd8" fmla="*/ ss 1 8"/>
	</a:gdLst>
</a:prstGeom>
