<a:custGeom xmlns:a="http://schemas.openxmlformats.org/drawingml/2006/main">
    <a:avLst>
<!-- Adjust values are organized into y,x pairs, starting with the handle
      'closest' to the rectangle body and proceeding along each segment
      in the callout line. -->
      <a:gd name="adj1" fmla="val 18750"/>
<!-- y1 -->
      <a:gd name="adj2" fmla="val -8333"/>
<!-- x1 -->
      <a:gd name="adj3" fmla="val 18750"/>
<!-- y2 -->
      <a:gd name="adj4" fmla="val -16667"/>
<!-- x2 -->
      <a:gd name="adj5" fmla="val 100000"/>
<!-- y3 -->
      <a:gd name="adj6" fmla="val -16667"/>
<!-- x3 -->
      <a:gd name="adj7" fmla="val 112963"/>
<!-- y4 -->
      <a:gd name="adj8" fmla="val -8333"/>
<!-- x4 -->
    </a:avLst>
    <a:gdLst>
      <a:gd name="y1" fmla="*/ h adj1 100000"/>
      <a:gd name="x1" fmla="*/ w adj2 100000"/>
      <a:gd name="y2" fmla="*/ h adj3 100000"/>
      <a:gd name="x2" fmla="*/ w adj4 100000"/>
      <a:gd name="y3" fmla="*/ h adj5 100000"/>
      <a:gd name="x3" fmla="*/ w adj6 100000"/>
      <a:gd name="y4" fmla="*/ h adj7 100000"/>
      <a:gd name="x4" fmla="*/ w adj8 100000"/>
    </a:gdLst>
    <a:rect l="l" t="t" r="r" b="b"/>
    <a:pathLst>
      <a:path stroke="false" extrusionOk="false">
        <a:moveTo>
          <a:pt x="l" y="t"/>
        </a:moveTo>
        <a:lnTo>
          <a:pt x="r" y="t"/>
        </a:lnTo>
        <a:lnTo>
          <a:pt x="r" y="b"/>
        </a:lnTo>
        <a:lnTo>
          <a:pt x="l" y="b"/>
        </a:lnTo>
        <a:close/>
      </a:path>
      <a:path fill="none" extrusionOk="false">
        <a:moveTo>
          <a:pt x="x1" y="t"/>
        </a:moveTo>
        <a:close/>
        <a:lnTo>
          <a:pt x="x1" y="b"/>
        </a:lnTo>
      </a:path>
      <a:path fill="none" extrusionOk="false">
        <a:moveTo>
          <a:pt x="x1" y="y1"/>
        </a:moveTo>
        <a:lnTo>
          <a:pt x="x2" y="y2"/>
        </a:lnTo>
        <a:lnTo>
          <a:pt x="x3" y="y3"/>
        </a:lnTo>
        <a:lnTo>
          <a:pt x="x4" y="y4"/>
        </a:lnTo>
      </a:path>
    </a:pathLst>
</a:custGeom>
