<a:custGeom xmlns:a="http://schemas.openxmlformats.org/drawingml/2006/main">
    <a:gdLst>
      <a:gd name="t9" fmla="*/ ss 3 8"/>
      <a:gd name="g9" fmla="+- vc 0 t9"/>
      <a:gd name="g11" fmla="+- hc 0 t9"/>
      <a:gd name="g13" fmla="*/ ss 3 4"/>
      <a:gd name="g14" fmla="*/ g13 1 7"/>
      <a:gd name="g15" fmla="*/ g13 3 14"/>
      <a:gd name="g16" fmla="*/ g13 2 7"/>
      <a:gd name="g19" fmla="*/ g13 3 7"/>
      <a:gd name="g20" fmla="*/ g13 4 7"/>
      <a:gd name="g21" fmla="*/ g13 17 28"/>
      <a:gd name="g23" fmla="*/ g13 21 28"/>
      <a:gd name="g24" fmla="*/ g13 11 14"/>
      <a:gd name="g27" fmla="+- g9 g16 0"/>
      <a:gd name="g29" fmla="+- g9 g21 0"/>
      <a:gd name="g30" fmla="+- g9 g23 0"/>
      <a:gd name="g31" fmla="+- g9 g24 0"/>
      <a:gd name="g33" fmla="+- g11 g15 0"/>
      <a:gd name="g36" fmla="+- g11 g19 0"/>
      <a:gd name="g37" fmla="+- g11 g20 0"/>
      <a:gd name="g41" fmla="*/ g13 1 14"/>
      <a:gd name="g42" fmla="*/ g13 3 28"/>
    </a:gdLst>
    <a:rect l="l" t="t" r="r" b="b"/>
    <a:pathLst>
      <a:path stroke="false" extrusionOk="false">
        <a:moveTo>
          <a:pt x="l" y="t"/>
        </a:moveTo>
        <a:lnTo>
          <a:pt x="r" y="t"/>
        </a:lnTo>
        <a:lnTo>
          <a:pt x="r" y="b"/>
        </a:lnTo>
        <a:lnTo>
          <a:pt x="l" y="b"/>
        </a:lnTo>
        <a:close/>
      </a:path>
      <a:path stroke="false" fill="darken" extrusionOk="false">
        <a:moveTo>
          <a:pt x="g33" y="g27"/>
        </a:moveTo>
<!-- question -->
        <a:arcTo wR="g16" hR="g16" stAng="cd2" swAng="cd2"/>
        <a:arcTo wR="g14" hR="g15" stAng="0" swAng="cd4"/>
        <a:arcTo wR="g41" hR="g42" stAng="cd34" swAng="-5400000"/>
        <a:lnTo>
          <a:pt x="g37" y="g30"/>
        </a:lnTo>
        <a:lnTo>
          <a:pt x="g36" y="g30"/>
        </a:lnTo>
        <a:lnTo>
          <a:pt x="g36" y="g29"/>
        </a:lnTo>
        <a:arcTo wR="g14" hR="g15" stAng="cd2" swAng="cd4"/>
        <a:arcTo wR="g41" hR="g42" stAng="cd4" swAng="-5400000"/>
        <a:arcTo wR="g14" hR="g14" stAng="0" swAng="-10800000"/>
        <a:close/>
        <a:moveTo>
          <a:pt x="hc" y="g31"/>
        </a:moveTo>
<!-- dot -->
        <a:arcTo wR="g42" hR="g42" stAng="cd34" swAng="21600000"/>
        <a:close/>
      </a:path>
      <a:path fill="none" extrusionOk="false">
        <a:moveTo>
          <a:pt x="g33" y="g27"/>
        </a:moveTo>
<!-- question -->
        <a:arcTo wR="g16" hR="g16" stAng="cd2" swAng="cd2"/>
        <a:arcTo wR="g14" hR="g15" stAng="0" swAng="cd4"/>
        <a:arcTo wR="g41" hR="g42" stAng="cd34" swAng="-5400000"/>
        <a:lnTo>
          <a:pt x="g37" y="g30"/>
        </a:lnTo>
        <a:lnTo>
          <a:pt x="g36" y="g30"/>
        </a:lnTo>
        <a:lnTo>
          <a:pt x="g36" y="g29"/>
        </a:lnTo>
        <a:arcTo wR="g14" hR="g15" stAng="cd2" swAng="cd4"/>
        <a:arcTo wR="g41" hR="g42" stAng="cd4" swAng="-5400000"/>
        <a:arcTo wR="g14" hR="g14" stAng="0" swAng="-10800000"/>
        <a:close/>
        <a:moveTo>
          <a:pt x="hc" y="g31"/>
        </a:moveTo>
<!-- dot -->
        <a:arcTo wR="g42" hR="g42" stAng="cd34" swAng="21600000"/>
        <a:close/>
      </a:path>
      <a:path fill="none">
        <a:moveTo>
          <a:pt x="l" y="t"/>
        </a:moveTo>
<!-- rectangular extrudable profile -->
        <a:lnTo>
          <a:pt x="r" y="t"/>
        </a:lnTo>
        <a:lnTo>
          <a:pt x="r" y="b"/>
        </a:lnTo>
        <a:lnTo>
          <a:pt x="l" y="b"/>
        </a:lnTo>
        <a:close/>
      </a:path>
    </a:pathLst>
</a:custGeom>
