<a:custGeom xmlns:a="http://schemas.openxmlformats.org/drawingml/2006/main">
    <a:gdLst>
      <a:gd name="t9" fmla="*/ ss 3 8"/>
      <a:gd name="g9" fmla="+- vc 0 t9"/>
      <a:gd name="g11" fmla="+- hc 0 t9"/>
      <a:gd name="g13" fmla="*/ ss 3 4"/>
      <a:gd name="g14" fmla="*/ g13 1 32"/>
      <a:gd name="g17" fmla="*/ g13 5 16"/>
      <a:gd name="g18" fmla="*/ g13 3 8"/>
      <a:gd name="g19" fmla="*/ g13 13 32"/>
      <a:gd name="g20" fmla="*/ g13 19 32"/>
      <a:gd name="g22" fmla="*/ g13 11 16"/>
      <a:gd name="g23" fmla="*/ g13 13 16"/>
      <a:gd name="g24" fmla="*/ g13 7 8"/>
      <a:gd name="g25" fmla="+- g9 g14 0"/>
      <a:gd name="g28" fmla="+- g9 g17 0"/>
      <a:gd name="g29" fmla="+- g9 g18 0"/>
      <a:gd name="g30" fmla="+- g9 g23 0"/>
      <a:gd name="g31" fmla="+- g9 g24 0"/>
      <a:gd name="g32" fmla="+- g11 g17 0"/>
      <a:gd name="g34" fmla="+- g11 g19 0"/>
      <a:gd name="g35" fmla="+- g11 g20 0"/>
      <a:gd name="g37" fmla="+- g11 g22 0"/>
      <a:gd name="g38" fmla="*/ g13 3 32"/>
    </a:gdLst>
    <a:rect l="l" t="t" r="r" b="b"/>
    <a:pathLst>
      <a:path stroke="false" extrusionOk="false">
        <a:moveTo>
          <a:pt x="l" y="t"/>
        </a:moveTo>
        <a:lnTo>
          <a:pt x="r" y="t"/>
        </a:lnTo>
        <a:lnTo>
          <a:pt x="r" y="b"/>
        </a:lnTo>
        <a:lnTo>
          <a:pt x="l" y="b"/>
        </a:lnTo>
        <a:close/>
      </a:path>
      <a:path stroke="false" fill="darken" extrusionOk="false">
        <a:moveTo>
          <a:pt x="hc" y="g9"/>
        </a:moveTo>
<!-- outer circle -->
        <a:arcTo wR="t9" hR="t9" stAng="cd34" swAng="21600000"/>
        <a:close/>
        <a:moveTo>
          <a:pt x="hc" y="g25"/>
        </a:moveTo>
<!-- dot of i -->
        <a:arcTo wR="g38" hR="g38" stAng="cd34" swAng="21600000"/>
        <a:moveTo>
          <a:pt x="g32" y="g28"/>
        </a:moveTo>
<!-- body of i -->
        <a:lnTo>
          <a:pt x="g32" y="g29"/>
        </a:lnTo>
        <a:lnTo>
          <a:pt x="g34" y="g29"/>
        </a:lnTo>
        <a:lnTo>
          <a:pt x="g34" y="g30"/>
        </a:lnTo>
        <a:lnTo>
          <a:pt x="g32" y="g30"/>
        </a:lnTo>
        <a:lnTo>
          <a:pt x="g32" y="g31"/>
        </a:lnTo>
        <a:lnTo>
          <a:pt x="g37" y="g31"/>
        </a:lnTo>
        <a:lnTo>
          <a:pt x="g37" y="g30"/>
        </a:lnTo>
        <a:lnTo>
          <a:pt x="g35" y="g30"/>
        </a:lnTo>
        <a:lnTo>
          <a:pt x="g35" y="g28"/>
        </a:lnTo>
        <a:close/>
      </a:path>
      <a:path stroke="false" fill="lighten" extrusionOk="false">
        <a:moveTo>
          <a:pt x="hc" y="g25"/>
        </a:moveTo>
<!-- dot of i -->
        <a:arcTo wR="g38" hR="g38" stAng="cd34" swAng="21600000"/>
        <a:moveTo>
          <a:pt x="g32" y="g28"/>
        </a:moveTo>
<!-- body of i -->
        <a:lnTo>
          <a:pt x="g35" y="g28"/>
        </a:lnTo>
        <a:lnTo>
          <a:pt x="g35" y="g30"/>
        </a:lnTo>
        <a:lnTo>
          <a:pt x="g37" y="g30"/>
        </a:lnTo>
        <a:lnTo>
          <a:pt x="g37" y="g31"/>
        </a:lnTo>
        <a:lnTo>
          <a:pt x="g32" y="g31"/>
        </a:lnTo>
        <a:lnTo>
          <a:pt x="g32" y="g30"/>
        </a:lnTo>
        <a:lnTo>
          <a:pt x="g34" y="g30"/>
        </a:lnTo>
        <a:lnTo>
          <a:pt x="g34" y="g29"/>
        </a:lnTo>
        <a:lnTo>
          <a:pt x="g32" y="g29"/>
        </a:lnTo>
        <a:close/>
      </a:path>
      <a:path fill="none" extrusionOk="false">
        <a:moveTo>
          <a:pt x="hc" y="g9"/>
        </a:moveTo>
<!-- outer circle -->
        <a:arcTo wR="t9" hR="t9" stAng="cd34" swAng="21600000"/>
        <a:close/>
        <a:moveTo>
          <a:pt x="hc" y="g25"/>
        </a:moveTo>
<!-- dot of i -->
        <a:arcTo wR="g38" hR="g38" stAng="cd34" swAng="21600000"/>
        <a:moveTo>
          <a:pt x="g32" y="g28"/>
        </a:moveTo>
<!-- body of i -->
        <a:lnTo>
          <a:pt x="g35" y="g28"/>
        </a:lnTo>
        <a:lnTo>
          <a:pt x="g35" y="g30"/>
        </a:lnTo>
        <a:lnTo>
          <a:pt x="g37" y="g30"/>
        </a:lnTo>
        <a:lnTo>
          <a:pt x="g37" y="g31"/>
        </a:lnTo>
        <a:lnTo>
          <a:pt x="g32" y="g31"/>
        </a:lnTo>
        <a:lnTo>
          <a:pt x="g32" y="g30"/>
        </a:lnTo>
        <a:lnTo>
          <a:pt x="g34" y="g30"/>
        </a:lnTo>
        <a:lnTo>
          <a:pt x="g34" y="g29"/>
        </a:lnTo>
        <a:lnTo>
          <a:pt x="g32" y="g29"/>
        </a:lnTo>
        <a:close/>
      </a:path>
      <a:path fill="none">
        <a:moveTo>
          <a:pt x="l" y="t"/>
        </a:moveTo>
<!-- rectangular extrudable profile -->
        <a:lnTo>
          <a:pt x="r" y="t"/>
        </a:lnTo>
        <a:lnTo>
          <a:pt x="r" y="b"/>
        </a:lnTo>
        <a:lnTo>
          <a:pt x="l" y="b"/>
        </a:lnTo>
        <a:close/>
      </a:path>
    </a:pathLst>
</a:custGeom>
