<a:custGeom xmlns:a="http://schemas.openxmlformats.org/drawingml/2006/3/main">
    <a:gdLst>
      <a:gd name="t9" fmla="*/ ss 3 8"/>
      <a:gd name="g9" fmla="+- vc 0 t9"/>
      <a:gd name="g10" fmla="+- vc t9 0"/>
      <a:gd name="t11" fmla="*/ ss 9 32"/>
      <a:gd name="g11" fmla="+- hc 0 t11"/>
      <a:gd name="g12" fmla="+- hc t11 0"/>
      <a:gd name="g13" fmla="*/ ss 3 16"/>
      <a:gd name="g14" fmla="+- g12 0 g13"/>
      <a:gd name="g15" fmla="+- g9 g13 0"/>
    </a:gdLst>
    <a:rect l="l" t="t" r="r" b="b"/>
    <a:pathLst>
      <a:path stroke="false" extrusionOk="false">
        <a:moveTo>
          <a:pt x="l" y="t"/>
        </a:moveTo>
        <a:lnTo>
          <a:pt x="r" y="t"/>
        </a:lnTo>
        <a:lnTo>
          <a:pt x="r" y="b"/>
        </a:lnTo>
        <a:lnTo>
          <a:pt x="l" y="b"/>
        </a:lnTo>
        <a:close/>
      </a:path>
      <a:path stroke="false" fill="darkenLess" extrusionOk="false">
<!-- page -->
        <a:moveTo>
          <a:pt x="g11" y="g9"/>
        </a:moveTo>
        <a:lnTo>
          <a:pt x="g14" y="g9"/>
        </a:lnTo>
        <a:lnTo>
          <a:pt x="g14" y="g15"/>
        </a:lnTo>
        <a:lnTo>
          <a:pt x="g12" y="g15"/>
        </a:lnTo>
        <a:lnTo>
          <a:pt x="g12" y="g10"/>
        </a:lnTo>
        <a:lnTo>
          <a:pt x="g11" y="g10"/>
        </a:lnTo>
        <a:close/>
      </a:path>
      <a:path stroke="false" fill="darken" extrusionOk="false">
        <a:moveTo>
          <a:pt x="g14" y="g9"/>
        </a:moveTo>
<!-- corner -->
        <a:lnTo>
          <a:pt x="g14" y="g15"/>
        </a:lnTo>
        <a:lnTo>
          <a:pt x="g12" y="g15"/>
        </a:lnTo>
        <a:close/>
      </a:path>
      <a:path fill="none" extrusionOk="false">
        <a:moveTo>
          <a:pt x="g11" y="g9"/>
        </a:moveTo>
        <a:lnTo>
          <a:pt x="g14" y="g9"/>
        </a:lnTo>
        <a:lnTo>
          <a:pt x="g12" y="g15"/>
        </a:lnTo>
        <a:lnTo>
          <a:pt x="g12" y="g10"/>
        </a:lnTo>
        <a:lnTo>
          <a:pt x="g11" y="g10"/>
        </a:lnTo>
        <a:close/>
        <a:moveTo>
          <a:pt x="g12" y="g15"/>
        </a:moveTo>
        <a:lnTo>
          <a:pt x="g14" y="g15"/>
        </a:lnTo>
        <a:lnTo>
          <a:pt x="g14" y="g9"/>
        </a:lnTo>
      </a:path>
      <a:path fill="none">
        <a:moveTo>
          <a:pt x="l" y="t"/>
        </a:moveTo>
<!-- rectangular extrudable profile -->
        <a:lnTo>
          <a:pt x="r" y="t"/>
        </a:lnTo>
        <a:lnTo>
          <a:pt x="r" y="b"/>
        </a:lnTo>
        <a:lnTo>
          <a:pt x="l" y="b"/>
        </a:lnTo>
        <a:close/>
      </a:path>
    </a:pathLst>
</a:custGeom>
