<a:custGeom xmlns:a="http://schemas.openxmlformats.org/drawingml/2006/main">
    <a:gdLst>
      <a:gd name="t9" fmla="*/ ss 3 8"/>
      <a:gd name="g9" fmla="+- vc 0 t9"/>
      <a:gd name="g10" fmla="+- vc t9 0"/>
      <a:gd name="g11" fmla="+- hc 0 t9"/>
      <a:gd name="g12" fmla="+- hc t9 0"/>
      <a:gd name="g13" fmla="*/ ss 3 4"/>
      <a:gd name="g14" fmla="*/ g13 7 8"/>
      <a:gd name="g15" fmla="*/ g13 3 4"/>
      <a:gd name="g16" fmla="*/ g13 5 8"/>
      <a:gd name="g17" fmla="*/ g13 3 8"/>
      <a:gd name="g18" fmla="*/ g13 1 4"/>
      <a:gd name="g19" fmla="+- g9 g15 0"/>
      <a:gd name="g20" fmla="+- g9 g16 0"/>
      <a:gd name="g21" fmla="+- g9 g18 0"/>
      <a:gd name="g22" fmla="+- g11 g14 0"/>
      <a:gd name="g23" fmla="+- g11 g15 0"/>
      <a:gd name="g24" fmla="+- g11 g16 0"/>
      <a:gd name="g25" fmla="+- g11 g17 0"/>
      <a:gd name="g26" fmla="+- g11 g18 0"/>
      <a:gd name="g27" fmla="*/ g13 1 8"/>
    </a:gdLst>
    <a:rect l="l" t="t" r="r" b="b"/>
    <a:pathLst>
      <a:path stroke="false" extrusionOk="false">
        <a:moveTo>
          <a:pt x="l" y="t"/>
        </a:moveTo>
        <a:lnTo>
          <a:pt x="r" y="t"/>
        </a:lnTo>
        <a:lnTo>
          <a:pt x="r" y="b"/>
        </a:lnTo>
        <a:lnTo>
          <a:pt x="l" y="b"/>
        </a:lnTo>
        <a:close/>
      </a:path>
      <a:path stroke="false" fill="darken" extrusionOk="false">
        <a:moveTo>
          <a:pt x="g12" y="g21"/>
        </a:moveTo>
        <a:lnTo>
          <a:pt x="g23" y="g9"/>
        </a:lnTo>
        <a:lnTo>
          <a:pt x="hc" y="g21"/>
        </a:lnTo>
        <a:lnTo>
          <a:pt x="g24" y="g21"/>
        </a:lnTo>
        <a:lnTo>
          <a:pt x="g24" y="g20"/>
        </a:lnTo>
        <a:arcTo wR="g27" hR="g27" stAng="0" swAng="cd4"/>
        <a:lnTo>
          <a:pt x="g25" y="g19"/>
        </a:lnTo>
        <a:arcTo wR="g27" hR="g27" stAng="cd4" swAng="cd4"/>
        <a:lnTo>
          <a:pt x="g26" y="g21"/>
        </a:lnTo>
        <a:lnTo>
          <a:pt x="g11" y="g21"/>
        </a:lnTo>
        <a:lnTo>
          <a:pt x="g11" y="g20"/>
        </a:lnTo>
        <a:arcTo wR="g17" hR="g17" stAng="cd2" swAng="-5400000"/>
        <a:lnTo>
          <a:pt x="hc" y="g10"/>
        </a:lnTo>
        <a:arcTo wR="g17" hR="g17" stAng="cd4" swAng="-5400000"/>
        <a:lnTo>
          <a:pt x="g22" y="g21"/>
        </a:lnTo>
        <a:close/>
      </a:path>
      <a:path fill="none" extrusionOk="false">
        <a:moveTo>
          <a:pt x="g12" y="g21"/>
        </a:moveTo>
        <a:lnTo>
          <a:pt x="g22" y="g21"/>
        </a:lnTo>
        <a:lnTo>
          <a:pt x="g22" y="g20"/>
        </a:lnTo>
        <a:arcTo wR="g17" hR="g17" stAng="0" swAng="cd4"/>
        <a:lnTo>
          <a:pt x="g25" y="g10"/>
        </a:lnTo>
        <a:arcTo wR="g17" hR="g17" stAng="cd4" swAng="cd4"/>
        <a:lnTo>
          <a:pt x="g11" y="g21"/>
        </a:lnTo>
        <a:lnTo>
          <a:pt x="g26" y="g21"/>
        </a:lnTo>
        <a:lnTo>
          <a:pt x="g26" y="g20"/>
        </a:lnTo>
        <a:arcTo wR="g27" hR="g27" stAng="cd2" swAng="-5400000"/>
        <a:lnTo>
          <a:pt x="hc" y="g19"/>
        </a:lnTo>
        <a:arcTo wR="g27" hR="g27" stAng="cd4" swAng="-5400000"/>
        <a:lnTo>
          <a:pt x="g24" y="g21"/>
        </a:lnTo>
        <a:lnTo>
          <a:pt x="hc" y="g21"/>
        </a:lnTo>
        <a:lnTo>
          <a:pt x="g23" y="g9"/>
        </a:lnTo>
        <a:close/>
      </a:path>
      <a:path fill="none">
        <a:moveTo>
          <a:pt x="l" y="t"/>
        </a:moveTo>
<!-- rectangular extrudable profile -->
        <a:lnTo>
          <a:pt x="r" y="t"/>
        </a:lnTo>
        <a:lnTo>
          <a:pt x="r" y="b"/>
        </a:lnTo>
        <a:lnTo>
          <a:pt x="l" y="b"/>
        </a:lnTo>
        <a:close/>
      </a:path>
    </a:pathLst>
</a:custGeom>
