<a:custGeom xmlns:a="http://schemas.openxmlformats.org/drawingml/2006/main">
    <a:gdLst>
      <a:gd name="t9" fmla="*/ ss 3 8"/>
      <a:gd name="g9" fmla="+- vc 0 t9"/>
      <a:gd name="g10" fmla="+- vc t9 0"/>
      <a:gd name="g11" fmla="+- hc 0 t9"/>
      <a:gd name="g12" fmla="+- hc t9 0"/>
      <a:gd name="g13" fmla="*/ ss 3 4"/>
      <a:gd name="g14" fmla="*/ g13 1 8"/>
      <a:gd name="g15" fmla="*/ g13 1 4"/>
      <a:gd name="g16" fmla="+- g11 g14 0"/>
      <a:gd name="g17" fmla="+- g11 g15 0"/>
    </a:gdLst>
    <a:rect l="l" t="t" r="r" b="b"/>
    <a:pathLst>
      <a:path stroke="false" extrusionOk="false">
        <a:moveTo>
          <a:pt x="l" y="t"/>
        </a:moveTo>
        <a:lnTo>
          <a:pt x="r" y="t"/>
        </a:lnTo>
        <a:lnTo>
          <a:pt x="r" y="b"/>
        </a:lnTo>
        <a:lnTo>
          <a:pt x="l" y="b"/>
        </a:lnTo>
        <a:close/>
      </a:path>
      <a:path stroke="false" fill="darken" extrusionOk="false">
        <a:moveTo>
          <a:pt x="g17" y="vc"/>
        </a:moveTo>
<!-- triangle -->
        <a:lnTo>
          <a:pt x="g12" y="g9"/>
        </a:lnTo>
        <a:lnTo>
          <a:pt x="g12" y="g10"/>
        </a:lnTo>
        <a:close/>
        <a:moveTo>
          <a:pt x="g16" y="g9"/>
        </a:moveTo>
<!-- bar -->
        <a:lnTo>
          <a:pt x="g11" y="g9"/>
        </a:lnTo>
        <a:lnTo>
          <a:pt x="g11" y="g10"/>
        </a:lnTo>
        <a:lnTo>
          <a:pt x="g16" y="g10"/>
        </a:lnTo>
        <a:close/>
      </a:path>
      <a:path fill="none" extrusionOk="false">
        <a:moveTo>
          <a:pt x="g17" y="vc"/>
        </a:moveTo>
<!-- triangle -->
        <a:lnTo>
          <a:pt x="g12" y="g9"/>
        </a:lnTo>
        <a:lnTo>
          <a:pt x="g12" y="g10"/>
        </a:lnTo>
        <a:close/>
        <a:moveTo>
          <a:pt x="g16" y="g9"/>
        </a:moveTo>
<!-- bar -->
        <a:lnTo>
          <a:pt x="g16" y="g10"/>
        </a:lnTo>
        <a:lnTo>
          <a:pt x="g11" y="g10"/>
        </a:lnTo>
        <a:lnTo>
          <a:pt x="g11" y="g9"/>
        </a:lnTo>
        <a:close/>
      </a:path>
      <a:path fill="none">
        <a:moveTo>
          <a:pt x="l" y="t"/>
        </a:moveTo>
<!-- rectangular extrudable profile -->
        <a:lnTo>
          <a:pt x="r" y="t"/>
        </a:lnTo>
        <a:lnTo>
          <a:pt x="r" y="b"/>
        </a:lnTo>
        <a:lnTo>
          <a:pt x="l" y="b"/>
        </a:lnTo>
        <a:close/>
      </a:path>
    </a:pathLst>
</a:custGeom>
