<a:custGeom xmlns:a="http://schemas.openxmlformats.org/drawingml/2006/3/main">
    <a:gdLst>
      <a:gd name="t9" fmla="*/ ss 3 8"/>
      <a:gd name="g9" fmla="+- vc 0 t9"/>
      <a:gd name="g10" fmla="+- vc t9 0"/>
      <a:gd name="g11" fmla="+- hc 0 t9"/>
      <a:gd name="g12" fmla="+- hc t9 0"/>
      <a:gd name="g13" fmla="*/ ss 3 4"/>
      <a:gd name="g14" fmla="*/ g13 1455 21600"/>
      <a:gd name="g15" fmla="*/ g13 1905 21600"/>
      <a:gd name="g16" fmla="*/ g13 2325 21600"/>
      <a:gd name="g17" fmla="*/ g13 16155 21600"/>
      <a:gd name="g18" fmla="*/ g13 17010 21600"/>
      <a:gd name="g19" fmla="*/ g13 19335 21600"/>
      <a:gd name="g20" fmla="*/ g13 19725 21600"/>
      <a:gd name="g21" fmla="*/ g13 20595 21600"/>
      <a:gd name="g22" fmla="*/ g13 5280 21600"/>
      <a:gd name="g23" fmla="*/ g13 5730 21600"/>
      <a:gd name="g24" fmla="*/ g13 6630 21600"/>
      <a:gd name="g25" fmla="*/ g13 7492 21600"/>
      <a:gd name="g26" fmla="*/ g13 9067 21600"/>
      <a:gd name="g27" fmla="*/ g13 9555 21600"/>
      <a:gd name="g28" fmla="*/ g13 13342 21600"/>
      <a:gd name="g29" fmla="*/ g13 14580 21600"/>
      <a:gd name="g30" fmla="*/ g13 15592 21600"/>
      <a:gd name="g31" fmla="+- g11 g14 0"/>
      <a:gd name="g32" fmla="+- g11 g15 0"/>
      <a:gd name="g33" fmla="+- g11 g16 0"/>
      <a:gd name="g34" fmla="+- g11 g17 0"/>
      <a:gd name="g35" fmla="+- g11 g18 0"/>
      <a:gd name="g36" fmla="+- g11 g19 0"/>
      <a:gd name="g37" fmla="+- g11 g20 0"/>
      <a:gd name="g38" fmla="+- g11 g21 0"/>
      <a:gd name="g39" fmla="+- g9 g22 0"/>
      <a:gd name="g40" fmla="+- g9 g23 0"/>
      <a:gd name="g41" fmla="+- g9 g24 0"/>
      <a:gd name="g42" fmla="+- g9 g25 0"/>
      <a:gd name="g43" fmla="+- g9 g26 0"/>
      <a:gd name="g44" fmla="+- g9 g27 0"/>
      <a:gd name="g45" fmla="+- g9 g28 0"/>
      <a:gd name="g46" fmla="+- g9 g29 0"/>
      <a:gd name="g47" fmla="+- g9 g30 0"/>
      <a:gd name="g48" fmla="+- g9 g31 0"/>
    </a:gdLst>
    <a:rect l="l" t="t" r="r" b="b"/>
    <a:pathLst>
      <a:path stroke="false" extrusionOk="false">
        <a:moveTo>
          <a:pt x="l" y="t"/>
        </a:moveTo>
        <a:lnTo>
          <a:pt x="r" y="t"/>
        </a:lnTo>
        <a:lnTo>
          <a:pt x="r" y="b"/>
        </a:lnTo>
        <a:lnTo>
          <a:pt x="l" y="b"/>
        </a:lnTo>
        <a:close/>
      </a:path>
      <a:path stroke="false" fill="darken" extrusionOk="false">
        <a:moveTo>
          <a:pt x="g11" y="g39"/>
        </a:moveTo>
<!-- camera -->
        <a:lnTo>
          <a:pt x="g11" y="g44"/>
        </a:lnTo>
        <a:lnTo>
          <a:pt x="g31" y="g44"/>
        </a:lnTo>
        <a:lnTo>
          <a:pt x="g32" y="g43"/>
        </a:lnTo>
        <a:lnTo>
          <a:pt x="g33" y="g43"/>
        </a:lnTo>
        <a:lnTo>
          <a:pt x="g33" y="g47"/>
        </a:lnTo>
        <a:lnTo>
          <a:pt x="g35" y="g47"/>
        </a:lnTo>
        <a:lnTo>
          <a:pt x="g35" y="g45"/>
        </a:lnTo>
        <a:lnTo>
          <a:pt x="g36" y="g45"/>
        </a:lnTo>
        <a:lnTo>
          <a:pt x="g38" y="g46"/>
        </a:lnTo>
        <a:lnTo>
          <a:pt x="g12" y="g46"/>
        </a:lnTo>
        <a:lnTo>
          <a:pt x="g12" y="g41"/>
        </a:lnTo>
        <a:lnTo>
          <a:pt x="g38" y="g41"/>
        </a:lnTo>
        <a:lnTo>
          <a:pt x="g37" y="g42"/>
        </a:lnTo>
        <a:lnTo>
          <a:pt x="g35" y="g42"/>
        </a:lnTo>
        <a:lnTo>
          <a:pt x="g35" y="g41"/>
        </a:lnTo>
        <a:lnTo>
          <a:pt x="g34" y="g40"/>
        </a:lnTo>
        <a:lnTo>
          <a:pt x="g32" y="g40"/>
        </a:lnTo>
        <a:lnTo>
          <a:pt x="g31" y="g39"/>
        </a:lnTo>
        <a:close/>
      </a:path>
      <a:path fill="none" extrusionOk="false">
        <a:moveTo>
          <a:pt x="g11" y="g39"/>
        </a:moveTo>
<!-- camera -->
        <a:lnTo>
          <a:pt x="g31" y="g39"/>
        </a:lnTo>
        <a:lnTo>
          <a:pt x="g32" y="g40"/>
        </a:lnTo>
        <a:lnTo>
          <a:pt x="g34" y="g40"/>
        </a:lnTo>
        <a:lnTo>
          <a:pt x="g35" y="g41"/>
        </a:lnTo>
        <a:lnTo>
          <a:pt x="g35" y="g42"/>
        </a:lnTo>
        <a:lnTo>
          <a:pt x="g37" y="g42"/>
        </a:lnTo>
        <a:lnTo>
          <a:pt x="g38" y="g41"/>
        </a:lnTo>
        <a:lnTo>
          <a:pt x="g12" y="g41"/>
        </a:lnTo>
        <a:lnTo>
          <a:pt x="g12" y="g46"/>
        </a:lnTo>
        <a:lnTo>
          <a:pt x="g38" y="g46"/>
        </a:lnTo>
        <a:lnTo>
          <a:pt x="g36" y="g45"/>
        </a:lnTo>
        <a:lnTo>
          <a:pt x="g35" y="g45"/>
        </a:lnTo>
        <a:lnTo>
          <a:pt x="g35" y="g47"/>
        </a:lnTo>
        <a:lnTo>
          <a:pt x="g33" y="g47"/>
        </a:lnTo>
        <a:lnTo>
          <a:pt x="g33" y="g43"/>
        </a:lnTo>
        <a:lnTo>
          <a:pt x="g32" y="g43"/>
        </a:lnTo>
        <a:lnTo>
          <a:pt x="g31" y="g44"/>
        </a:lnTo>
        <a:lnTo>
          <a:pt x="g11" y="g44"/>
        </a:lnTo>
        <a:close/>
      </a:path>
      <a:path fill="none">
        <a:moveTo>
          <a:pt x="l" y="t"/>
        </a:moveTo>
<!-- rectangular extrudable profile -->
        <a:lnTo>
          <a:pt x="r" y="t"/>
        </a:lnTo>
        <a:lnTo>
          <a:pt x="r" y="b"/>
        </a:lnTo>
        <a:lnTo>
          <a:pt x="l" y="b"/>
        </a:lnTo>
        <a:close/>
      </a:path>
    </a:pathLst>
</a:custGeom>
