<a:custGeom xmlns:a="http://schemas.openxmlformats.org/drawingml/2006/main">
    <a:avLst>
      <a:gd name="adj1" fmla="val 16200000"/>
<!-- 270 degrees start angle -->
      <a:gd name="adj2" fmla="val 0"/>
<!-- end angle -->
    </a:avLst>
    <a:gdLst>
      <a:gd name="stAng" fmla="pin 0 adj1 21599999"/>
      <a:gd name="enAng" fmla="pin 0 adj2 21599999"/>
      <a:gd name="sw11" fmla="+- enAng 0 stAng"/>
<!-- sweep angle, possibly negative -->
      <a:gd name="sw12" fmla="+- sw11 21600000 0"/>
<!-- sweep angle, always positive -->
      <a:gd name="swAng" fmla="?: sw11 sw11 sw12"/>
<!-- min pos sweep angle -->
      <a:gd name="wt1" fmla="sin wd2 stAng"/>
      <a:gd name="ht1" fmla="cos hd2 stAng"/>
      <a:gd name="dx1" fmla="cat2 wd2 ht1 wt1"/>
      <a:gd name="dy1" fmla="sat2 hd2 ht1 wt1"/>
      <a:gd name="wt2" fmla="sin wd2 enAng"/>
      <a:gd name="ht2" fmla="cos hd2 enAng"/>
      <a:gd name="dx2" fmla="cat2 wd2 ht2 wt2"/>
      <a:gd name="dy2" fmla="sat2 hd2 ht2 wt2"/>
      <a:gd name="x1" fmla="+- hc dx1 0"/>
<!-- x pos of start point -->
      <a:gd name="y1" fmla="+- vc dy1 0"/>
<!-- y pos of start point -->
      <a:gd name="x2" fmla="+- hc dx2 0"/>
<!-- x pos of end point -->
      <a:gd name="y2" fmla="+- vc dy2 0"/>
<!-- y pos of end point -->
      <a:gd name="sw0" fmla="+- 21600000 0 stAng"/>
      <a:gd name="da1" fmla="+- swAng 0 sw0"/>
      <a:gd name="g1" fmla="max x1 x2"/>
      <a:gd name="ir" fmla="?: da1 r g1"/>
      <a:gd name="sw1" fmla="+- cd4 0 stAng"/>
      <a:gd name="sw2" fmla="+- 27000000 0 stAng"/>
      <a:gd name="sw3" fmla="?: sw1 sw1 sw2"/>
      <a:gd name="da2" fmla="+- swAng 0 sw3"/>
      <a:gd name="g5" fmla="max y1 y2"/>
      <a:gd name="ib" fmla="?: da2 b g5"/>
      <a:gd name="sw4" fmla="+- cd2 0 stAng"/>
      <a:gd name="sw5" fmla="+- 32400000 0 stAng"/>
      <a:gd name="sw6" fmla="?: sw4 sw4 sw5"/>
      <a:gd name="da3" fmla="+- swAng 0 sw6"/>
      <a:gd name="g9" fmla="min x1 x2"/>
      <a:gd name="il" fmla="?: da3 l g9"/>
      <a:gd name="sw7" fmla="+- cd34 0 stAng"/>
      <a:gd name="sw8" fmla="+- 37800000 0 stAng"/>
      <a:gd name="sw9" fmla="?: sw7 sw7 sw8"/>
      <a:gd name="da4" fmla="+- swAng 0 sw9"/>
      <a:gd name="g13" fmla="min y1 y2"/>
      <a:gd name="it" fmla="?: da4 t g13"/>
      <a:gd name="cang1" fmla="+- stAng 0 cd4"/>
      <a:gd name="cang2" fmla="+- enAng cd4 0"/>
      <a:gd name="cang3" fmla="+/ cang1 cang2 2"/>
    </a:gdLst>
    <a:rect l="il" t="it" r="ir" b="ib"/>
    <a:pathLst>
      <a:path stroke="false" extrusionOk="false">
<!-- fill face -->
        <a:moveTo>
          <a:pt x="x1" y="y1"/>
        </a:moveTo>
        <a:arcTo wR="wd2" hR="hd2" stAng="stAng" swAng="swAng"/>
        <a:lnTo>
          <a:pt x="hc" y="vc"/>
        </a:lnTo>
        <a:close/>
      </a:path>
      <a:path fill="none">
<!-- lines -->
        <a:moveTo>
          <a:pt x="x1" y="y1"/>
        </a:moveTo>
        <a:arcTo wR="wd2" hR="hd2" stAng="stAng" swAng="swAng"/>
      </a:path>
    </a:pathLst>
</a:custGeom>
