<a:custGeom xmlns:a="http://schemas.openxmlformats.org/drawingml/2006/main">
    <a:avLst>
      <a:gd name="adj1" fmla="val 25000"/>
<!-- thickness of arrow -->
      <a:gd name="adj2" fmla="val 25000"/>
<!-- half width of arrowhead -->
      <a:gd name="adj3" fmla="val 25000"/>
<!-- height of arrowhead -->
    </a:avLst>
    <a:gdLst>
      <a:gd name="a1" fmla="pin 0 adj1 50000"/>
      <a:gd name="a2" fmla="pin 0 adj2 50000"/>
      <a:gd name="a3" fmla="pin 0 adj3 50000"/>
      <a:gd name="y1" fmla="*/ ss a3 100000"/>
      <a:gd name="dx1" fmla="*/ ss a2 50000"/>
<!-- full width of head -->
      <a:gd name="x1" fmla="+- r 0 dx1"/>
      <a:gd name="dx3" fmla="*/ ss a2 100000"/>
<!-- half width of head -->
      <a:gd name="x3" fmla="+- r 0 dx3"/>
      <a:gd name="dx2" fmla="*/ ss a1 200000"/>
<!-- half width of shaft -->
      <a:gd name="x2" fmla="+- x3 0 dx2"/>
      <a:gd name="x4" fmla="+- x3 dx2 0"/>
      <a:gd name="dy2" fmla="*/ ss a1 100000"/>
<!-- full width of shaft -->
      <a:gd name="y2" fmla="+- b 0 dy2"/>
      <a:gd name="x0" fmla="*/ x4 1 2"/>
      <a:gd name="y3" fmla="+/ y2 b 2"/>
      <a:gd name="y15" fmla="+/ y1 b 2"/>
    </a:gdLst>
    <a:rect l="l" t="y2" r="x4" b="b"/>
    <a:pathLst>
      <a:path>
        <a:moveTo>
          <a:pt x="l" y="y2"/>
        </a:moveTo>
        <a:lnTo>
          <a:pt x="x2" y="y2"/>
        </a:lnTo>
        <a:lnTo>
          <a:pt x="x2" y="y1"/>
        </a:lnTo>
        <a:lnTo>
          <a:pt x="x1" y="y1"/>
        </a:lnTo>
        <a:lnTo>
          <a:pt x="x3" y="t"/>
        </a:lnTo>
        <a:lnTo>
          <a:pt x="r" y="y1"/>
        </a:lnTo>
        <a:lnTo>
          <a:pt x="x4" y="y1"/>
        </a:lnTo>
        <a:lnTo>
          <a:pt x="x4" y="b"/>
        </a:lnTo>
        <a:lnTo>
          <a:pt x="l" y="b"/>
        </a:lnTo>
        <a:close/>
      </a:path>
    </a:pathLst>
</a:custGeom>
