<a:custGeom xmlns:a="http://schemas.openxmlformats.org/drawingml/2006/3/main">
    <a:avLst>
      <a:gd name="adj1" fmla="val 25000"/>
<!-- thickness of arrow -->
      <a:gd name="adj2" fmla="val 25000"/>
<!-- half width of arrowhead -->
      <a:gd name="adj3" fmla="val 25000"/>
<!-- height of arrowhead -->
      <a:gd name="adj4" fmla="val 43750"/>
<!-- amount of bend -->
    </a:avLst>
    <a:gdLst>
      <a:gd name="a2" fmla="pin 0 adj2 50000"/>
      <a:gd name="maxAdj1" fmla="*/ a2 2 1"/>
<!-- up to width of arrowhead -->
      <a:gd name="a1" fmla="pin 0 adj1 maxAdj1"/>
      <a:gd name="a3" fmla="pin 0 adj3 50000"/>
      <a:gd name="th" fmla="*/ ss a1 100000"/>
<!-- width of shaft -->
      <a:gd name="aw2" fmla="*/ ss a2 100000"/>
<!-- half width of arrowhead -->
      <a:gd name="th2" fmla="*/ th 1 2"/>
      <a:gd name="dh2" fmla="+- aw2 0 th2"/>
<!-- gap from head to shaft -->
      <a:gd name="ah" fmla="*/ ss a3 100000"/>
<!-- height of arrowhead -->
      <a:gd name="bw" fmla="+- r 0 ah"/>
<!-- bend width -->
      <a:gd name="bh" fmla="+- b 0 dh2"/>
<!-- bend height -->
      <a:gd name="bs" fmla="min bw bh"/>
<!-- bend ss -->
      <a:gd name="maxAdj4" fmla="*/ 100000 bs ss"/>
      <a:gd name="a4" fmla="pin 0 adj4 maxAdj4"/>
<!-- x1 == th -->
      <a:gd name="bd" fmla="*/ ss a4 100000"/>
<!-- bend offset -->
<!-- x2 == bd -->
      <a:gd name="bd3" fmla="+- bd 0 th"/>
      <a:gd name="bd2" fmla="max bd3 0"/>
      <a:gd name="x3" fmla="+- th bd2 0"/>
      <a:gd name="x4" fmla="+- r 0 ah"/>
<!-- y1 == dh2 -->
<!-- y2 == aw2 -->
      <a:gd name="y3" fmla="+- dh2 th 0"/>
      <a:gd name="y4" fmla="+- y3 dh2 0"/>
      <a:gd name="y5" fmla="+- dh2 bd 0"/>
      <a:gd name="y6" fmla="+- y3 bd2 0"/>
    </a:gdLst>
    <a:rect l="l" t="t" r="r" b="b"/>
    <a:pathLst>
      <a:path>
        <a:moveTo>
          <a:pt x="l" y="b"/>
        </a:moveTo>
        <a:lnTo>
          <a:pt x="l" y="y5"/>
        </a:lnTo>
        <a:arcTo wR="bd" hR="bd" stAng="cd2" swAng="cd4"/>
        <a:lnTo>
          <a:pt x="x4" y="dh2"/>
        </a:lnTo>
        <a:lnTo>
          <a:pt x="x4" y="t"/>
        </a:lnTo>
        <a:lnTo>
          <a:pt x="r" y="aw2"/>
        </a:lnTo>
        <a:lnTo>
          <a:pt x="x4" y="y4"/>
        </a:lnTo>
        <a:lnTo>
          <a:pt x="x4" y="y3"/>
        </a:lnTo>
        <a:lnTo>
          <a:pt x="x3" y="y3"/>
        </a:lnTo>
        <a:arcTo wR="bd2" hR="bd2" stAng="cd34" swAng="-5400000"/>
        <a:lnTo>
          <a:pt x="th" y="b"/>
        </a:lnTo>
        <a:close/>
      </a:path>
    </a:pathLst>
</a:custGeom>
