<a:custGeom xmlns:a="http://schemas.openxmlformats.org/drawingml/2006/3/main">
    <a:avLst>
      <a:gd name="adj1" fmla="val 50000"/>
<!-- 50% -->
      <a:gd name="adj2" fmla="val 50000"/>
<!-- 50% -->
    </a:avLst>
    <a:gdLst>
      <a:gd name="x1" fmla="*/ w adj1 100000"/>
<!-- x pos 1st bend -->
      <a:gd name="x2" fmla="+/ x1 r 2"/>
<!-- x pos of y2 adj handle -->
      <a:gd name="y2" fmla="*/ h adj2 100000"/>
<!-- y pos 2nd bend -->
      <a:gd name="y1" fmla="+/ t y2 2"/>
<!-- y pos x1 adj handle -->
    </a:gdLst>
    <a:rect l="l" t="t" r="r" b="b"/>
    <a:pathLst>
      <a:path fill="none">
        <a:moveTo>
          <a:pt x="l" y="t"/>
        </a:moveTo>
        <a:lnTo>
          <a:pt x="x1" y="t"/>
        </a:lnTo>
        <a:lnTo>
          <a:pt x="x1" y="y2"/>
        </a:lnTo>
        <a:lnTo>
          <a:pt x="r" y="y2"/>
        </a:lnTo>
        <a:lnTo>
          <a:pt x="r" y="b"/>
        </a:lnTo>
      </a:path>
    </a:pathLst>
</a:custGeom>
