<a:custGeom xmlns:a="http://schemas.openxmlformats.org/drawingml/2006/main">
    <a:avLst>
      <a:gd name="adj1" fmla="val 50000"/>
<!-- 50% -->
    </a:avLst>
    <a:gdLst>
      <a:gd name="x1" fmla="*/ w adj1 100000"/>
<!-- x pos -->
    </a:gdLst>
    <a:rect l="l" t="t" r="r" b="b"/>
    <a:pathLst>
      <a:path fill="none">
        <a:moveTo>
          <a:pt x="l" y="t"/>
        </a:moveTo>
        <a:lnTo>
          <a:pt x="x1" y="t"/>
        </a:lnTo>
        <a:lnTo>
          <a:pt x="x1" y="b"/>
        </a:lnTo>
        <a:lnTo>
          <a:pt x="r" y="b"/>
        </a:lnTo>
      </a:path>
    </a:pathLst>
</a:custGeom>
