<a:custGeom xmlns:a="http://schemas.openxmlformats.org/drawingml/2006/3/main">
    <a:avLst>
      <a:gd name="adj1" fmla="val 10800000"/>
<!-- 180 degrees start angle -->
      <a:gd name="adj2" fmla="val 0"/>
<!-- 0 degrees end angle -->
      <a:gd name="adj3" fmla="val 25000"/>
<!-- thickness of arc -->
    </a:avLst>
    <a:gdLst>
      <a:gd name="stAng" fmla="pin 0 adj1 21599999"/>
      <a:gd name="istAng" fmla="pin 0 adj2 21599999"/>
      <a:gd name="a3" fmla="pin 0 adj3 50000"/>
      <a:gd name="sw11" fmla="+- istAng 0 stAng"/>
<!-- sweep angle, possibly negative -->
      <a:gd name="sw12" fmla="+- sw11 21600000 0"/>
<!-- sweep angle, always positive -->
      <a:gd name="swAng" fmla="?: sw11 sw11 sw12"/>
<!-- min pos sweep angle -->
      <a:gd name="iswAng" fmla="+- 0 0 swAng"/>
<!-- inverse sweep angle -->
      <a:gd name="wt1" fmla="sin wd2 stAng"/>
      <a:gd name="ht1" fmla="cos hd2 stAng"/>
      <a:gd name="wt3" fmla="sin wd2 istAng"/>
      <a:gd name="ht3" fmla="cos hd2 istAng"/>
      <a:gd name="dx1" fmla="cat2 wd2 ht1 wt1"/>
      <a:gd name="dy1" fmla="sat2 hd2 ht1 wt1"/>
      <a:gd name="dx3" fmla="cat2 wd2 ht3 wt3"/>
      <a:gd name="dy3" fmla="sat2 hd2 ht3 wt3"/>
      <a:gd name="x1" fmla="+- hc dx1 0"/>
<!-- x pos of start point on outer arc -->
      <a:gd name="y1" fmla="+- vc dy1 0"/>
<!-- y pos of start point on outer arc -->
      <a:gd name="x3" fmla="+- hc dx3 0"/>
<!-- x pos of end point on outer arc -->
      <a:gd name="y3" fmla="+- vc dy3 0"/>
<!-- y pos of end point on outer arc -->
      <a:gd name="dr" fmla="*/ ss a3 100000"/>
      <a:gd name="iwd2" fmla="+- wd2 0 dr"/>
      <a:gd name="ihd2" fmla="+- hd2 0 dr"/>
      <a:gd name="wt2" fmla="sin iwd2 istAng"/>
      <a:gd name="ht2" fmla="cos ihd2 istAng"/>
      <a:gd name="wt4" fmla="sin iwd2 stAng"/>
      <a:gd name="ht4" fmla="cos ihd2 stAng"/>
      <a:gd name="dx2" fmla="cat2 iwd2 ht2 wt2"/>
      <a:gd name="dy2" fmla="sat2 ihd2 ht2 wt2"/>
      <a:gd name="dx4" fmla="cat2 iwd2 ht4 wt4"/>
      <a:gd name="dy4" fmla="sat2 ihd2 ht4 wt4"/>
      <a:gd name="x2" fmla="+- hc dx2 0"/>
<!-- x pos of start point on inner arc -->
      <a:gd name="y2" fmla="+- vc dy2 0"/>
<!-- y pos of start point on inner arc-->
      <a:gd name="x4" fmla="+- hc dx4 0"/>
<!-- x pos of end point on inner arc -->
      <a:gd name="y4" fmla="+- vc dy4 0"/>
<!-- y pos of end point on inner arc-->
      <a:gd name="sw0" fmla="+- 21600000 0 stAng"/>
      <a:gd name="da1" fmla="+- swAng 0 sw0"/>
      <a:gd name="g1" fmla="max x1 x2"/>
      <a:gd name="g2" fmla="max x3 x4"/>
      <a:gd name="g3" fmla="max g1 g2"/>
      <a:gd name="ir" fmla="?: da1 r g3"/>
      <a:gd name="sw1" fmla="+- cd4 0 stAng"/>
      <a:gd name="sw2" fmla="+- 27000000 0 stAng"/>
      <a:gd name="sw3" fmla="?: sw1 sw1 sw2"/>
      <a:gd name="da2" fmla="+- swAng 0 sw3"/>
      <a:gd name="g5" fmla="max y1 y2"/>
      <a:gd name="g6" fmla="max y3 y4"/>
      <a:gd name="g7" fmla="max g5 g6"/>
      <a:gd name="ib" fmla="?: da2 b g7"/>
      <a:gd name="sw4" fmla="+- cd2 0 stAng"/>
      <a:gd name="sw5" fmla="+- 32400000 0 stAng"/>
      <a:gd name="sw6" fmla="?: sw4 sw4 sw5"/>
      <a:gd name="da3" fmla="+- swAng 0 sw6"/>
      <a:gd name="g9" fmla="min x1 x2"/>
      <a:gd name="g10" fmla="min x3 x4"/>
      <a:gd name="g11" fmla="min g9 g10"/>
      <a:gd name="il" fmla="?: da3 l g11"/>
      <a:gd name="sw7" fmla="+- cd34 0 stAng"/>
      <a:gd name="sw8" fmla="+- 37800000 0 stAng"/>
      <a:gd name="sw9" fmla="?: sw7 sw7 sw8"/>
      <a:gd name="da4" fmla="+- swAng 0 sw9"/>
      <a:gd name="g13" fmla="min y1 y2"/>
      <a:gd name="g14" fmla="min y3 y4"/>
      <a:gd name="g15" fmla="min g13 g14"/>
      <a:gd name="it" fmla="?: da4 t g15"/>
      <a:gd name="x5" fmla="+/ x1 x4 2"/>
<!-- x pos of start connection -->
      <a:gd name="y5" fmla="+/ y1 y4 2"/>
<!-- y pos of start connection -->
      <a:gd name="x6" fmla="+/ x3 x2 2"/>
<!-- x pos of start connection -->
      <a:gd name="y6" fmla="+/ y3 y2 2"/>
<!-- y pos of start connection -->
      <a:gd name="cang1" fmla="+- stAng 0 cd4"/>
      <a:gd name="cang2" fmla="+- istAng cd4 0"/>
      <a:gd name="cang3" fmla="+/ cang1 cang2 2"/>
    </a:gdLst>
    <a:rect l="il" t="it" r="ir" b="ib"/>
    <a:pathLst>
      <a:path>
        <a:moveTo>
          <a:pt x="x1" y="y1"/>
        </a:moveTo>
        <a:arcTo wR="wd2" hR="hd2" stAng="stAng" swAng="swAng"/>
        <a:lnTo>
          <a:pt x="x2" y="y2"/>
        </a:lnTo>
        <a:arcTo wR="iwd2" hR="ihd2" stAng="istAng" swAng="iswAng"/>
        <a:close/>
      </a:path>
    </a:pathLst>
</a:custGeom>
