<a:custGeom xmlns:a="http://schemas.openxmlformats.org/drawingml/2006/main">
    <a:avLst>
      <a:gd name="adj" fmla="val 8333"/>
<!-- 1/12 -->
    </a:avLst>
    <a:gdLst>
      <a:gd name="a" fmla="pin 0 adj 25000"/>
      <a:gd name="x1" fmla="*/ ss a 100000"/>
      <a:gd name="x2" fmla="*/ ss a 50000"/>
      <a:gd name="x3" fmla="+- r 0 x2"/>
      <a:gd name="x4" fmla="+- r 0 x1"/>
<!-- y1 == x1 -->
      <a:gd name="y2" fmla="+- vc 0 x1"/>
      <a:gd name="y3" fmla="+- vc x1 0"/>
      <a:gd name="y4" fmla="+- b 0 x1"/>
      <a:gd name="it" fmla="*/ x1 29289 100000"/>
<!-- 1 - cos 45 -->
      <a:gd name="il" fmla="+- x1 it 0"/>
      <a:gd name="ir" fmla="+- r 0 il"/>
      <a:gd name="ib" fmla="+- b 0 it"/>
    </a:gdLst>
    <a:rect l="il" t="il" r="ir" b="ib"/>
    <a:pathLst>
      <a:path stroke="false" extrusionOk="false">
        <a:moveTo>
          <a:pt x="x2" y="b"/>
        </a:moveTo>
        <a:arcTo wR="x1" hR="x1" stAng="cd4" swAng="cd4"/>
        <a:lnTo>
          <a:pt x="x1" y="y3"/>
        </a:lnTo>
        <a:arcTo wR="x1" hR="x1" stAng="0" swAng="-5400000"/>
        <a:arcTo wR="x1" hR="x1" stAng="cd4" swAng="-5400000"/>
        <a:lnTo>
          <a:pt x="x1" y="x1"/>
        </a:lnTo>
        <a:arcTo wR="x1" hR="x1" stAng="cd2" swAng="cd4"/>
        <a:lnTo>
          <a:pt x="x3" y="t"/>
        </a:lnTo>
        <a:arcTo wR="x1" hR="x1" stAng="cd34" swAng="cd4"/>
        <a:lnTo>
          <a:pt x="x4" y="y2"/>
        </a:lnTo>
        <a:arcTo wR="x1" hR="x1" stAng="cd2" swAng="-5400000"/>
        <a:arcTo wR="x1" hR="x1" stAng="cd34" swAng="-5400000"/>
        <a:lnTo>
          <a:pt x="x4" y="y4"/>
        </a:lnTo>
        <a:arcTo wR="x1" hR="x1" stAng="0" swAng="cd4"/>
        <a:close/>
      </a:path>
      <a:path fill="none">
        <a:moveTo>
          <a:pt x="x2" y="b"/>
        </a:moveTo>
        <a:arcTo wR="x1" hR="x1" stAng="cd4" swAng="cd4"/>
        <a:lnTo>
          <a:pt x="x1" y="y3"/>
        </a:lnTo>
        <a:arcTo wR="x1" hR="x1" stAng="0" swAng="-5400000"/>
        <a:arcTo wR="x1" hR="x1" stAng="cd4" swAng="-5400000"/>
        <a:lnTo>
          <a:pt x="x1" y="x1"/>
        </a:lnTo>
        <a:arcTo wR="x1" hR="x1" stAng="cd2" swAng="cd4"/>
        <a:moveTo>
          <a:pt x="x3" y="t"/>
        </a:moveTo>
        <a:arcTo wR="x1" hR="x1" stAng="cd34" swAng="cd4"/>
        <a:lnTo>
          <a:pt x="x4" y="y2"/>
        </a:lnTo>
        <a:arcTo wR="x1" hR="x1" stAng="cd2" swAng="-5400000"/>
        <a:arcTo wR="x1" hR="x1" stAng="cd34" swAng="-5400000"/>
        <a:lnTo>
          <a:pt x="x4" y="y4"/>
        </a:lnTo>
        <a:arcTo wR="x1" hR="x1" stAng="0" swAng="cd4"/>
      </a:path>
    </a:pathLst>
</a:custGeom>
