<a:custGeom xmlns:a="http://schemas.openxmlformats.org/drawingml/2006/3/main">
    <a:avLst>
      <a:gd name="adj" fmla="val 25000"/>
<!-- 25% -->
    </a:avLst>
    <a:gdLst>
      <a:gd name="maxAdj" fmla="*/ 50000 h ss"/>
      <a:gd name="a" fmla="pin 0 adj maxAdj"/>
      <a:gd name="y1" fmla="*/ ss a 200000"/>
      <a:gd name="y2" fmla="+- y1 y1 0"/>
      <a:gd name="y3" fmla="+- b 0 y1"/>
    </a:gdLst>
    <a:rect l="l" t="y2" r="r" b="y3"/>
    <a:pathLst>
      <a:path stroke="false" extrusionOk="false">
<!-- front face -->
        <a:moveTo>
          <a:pt x="l" y="y1"/>
        </a:moveTo>
        <a:arcTo wR="wd2" hR="y1" stAng="cd2" swAng="10800000"/>
        <a:lnTo>
          <a:pt x="r" y="y3"/>
        </a:lnTo>
        <a:arcTo wR="wd2" hR="y1" stAng="0" swAng="cd2"/>
        <a:close/>
      </a:path>
      <a:path stroke="false" fill="lighten" extrusionOk="false">
<!-- top face -->
        <a:moveTo>
          <a:pt x="l" y="y1"/>
        </a:moveTo>
        <a:arcTo wR="wd2" hR="y1" stAng="cd2" swAng="cd2"/>
        <a:arcTo wR="wd2" hR="y1" stAng="0" swAng="cd2"/>
        <a:close/>
      </a:path>
      <a:path fill="none" extrusionOk="false">
<!-- lines -->
        <a:moveTo>
          <a:pt x="r" y="y1"/>
        </a:moveTo>
        <a:arcTo wR="wd2" hR="y1" stAng="0" swAng="cd2"/>
        <a:arcTo wR="wd2" hR="y1" stAng="cd2" swAng="cd2"/>
        <a:lnTo>
          <a:pt x="r" y="y3"/>
        </a:lnTo>
        <a:arcTo wR="wd2" hR="y1" stAng="0" swAng="cd2"/>
        <a:lnTo>
          <a:pt x="l" y="y1"/>
        </a:lnTo>
      </a:path>
    </a:pathLst>
</a:custGeom>
