<a:custGeom xmlns:a="http://schemas.openxmlformats.org/drawingml/2006/main">
    <a:pathLst>
      <a:path w="10" h="10" fill="none" extrusionOk="false">
        <a:moveTo>
          <a:pt x="0" y="0"/>
        </a:moveTo>
        <a:lnTo>
          <a:pt x="10" y="10"/>
        </a:lnTo>
        <a:moveTo>
          <a:pt x="0" y="10"/>
        </a:moveTo>
        <a:lnTo>
          <a:pt x="10" y="0"/>
        </a:lnTo>
      </a:path>
      <a:path w="10" h="10" stroke="false">
        <a:moveTo>
          <a:pt x="0" y="0"/>
        </a:moveTo>
        <a:lnTo>
          <a:pt x="0" y="10"/>
        </a:lnTo>
        <a:lnTo>
          <a:pt x="10" y="10"/>
        </a:lnTo>
        <a:lnTo>
          <a:pt x="10" y="0"/>
        </a:lnTo>
        <a:close/>
      </a:path>
    </a:pathLst>
</a:custGeom>
