<a:custGeom xmlns:a="http://schemas.openxmlformats.org/drawingml/2006/3/main">
    <a:avLst>
      <a:gd name="adj" fmla="val 50000"/>
    </a:avLst>
    <a:gdLst>
      <a:gd name="maxAdj" fmla="*/ 100000 w ss"/>
<!-- max position of ah: full width -->
      <a:gd name="a" fmla="pin 0 adj maxAdj"/>
      <a:gd name="x1" fmla="*/ ss a 100000"/>
      <a:gd name="x2" fmla="+- r 0 x1"/>
      <a:gd name="dx" fmla="+- x2 0 x1"/>
      <a:gd name="il" fmla="?: dx x1 l"/>
      <a:gd name="ir" fmla="?: dx x2 r"/>
    </a:gdLst>
<!-- NOTE: Not the same as legacy. Legacy uses same rect as 'homePlate' -->
    <a:rect l="il" t="t" r="ir" b="b"/>
    <a:pathLst>
      <a:path>
        <a:moveTo>
          <a:pt x="l" y="t"/>
        </a:moveTo>
        <a:lnTo>
          <a:pt x="x2" y="t"/>
        </a:lnTo>
        <a:lnTo>
          <a:pt x="r" y="vc"/>
        </a:lnTo>
        <a:lnTo>
          <a:pt x="x2" y="b"/>
        </a:lnTo>
        <a:lnTo>
          <a:pt x="l" y="b"/>
        </a:lnTo>
        <a:lnTo>
          <a:pt x="x1" y="vc"/>
        </a:lnTo>
        <a:close/>
      </a:path>
    </a:pathLst>
</a:custGeom>
