<a:custGeom xmlns:a="http://schemas.openxmlformats.org/drawingml/2006/main">
    <a:avLst>
      <a:gd name="adj1" fmla="val 2700000"/>
<!-- 45 degrees start angle -->
      <a:gd name="adj2" fmla="val 16200000"/>
<!-- 270 degrees end angle -->
    </a:avLst>
    <a:gdLst>
      <a:gd name="stAng" fmla="pin 0 adj1 21599999"/>
      <a:gd name="enAng" fmla="pin 0 adj2 21599999"/>
      <a:gd name="sw1" fmla="+- enAng 0 stAng"/>
<!-- sweep angle, possibly negative -->
      <a:gd name="sw2" fmla="+- sw1 21600000 0"/>
<!-- sweep angle, always positive -->
      <a:gd name="swAng" fmla="?: sw1 sw1 sw2"/>
<!-- min pos sweep angle -->
      <a:gd name="wt1" fmla="sin wd2 stAng"/>
      <a:gd name="ht1" fmla="cos hd2 stAng"/>
      <a:gd name="dx1" fmla="cat2 wd2 ht1 wt1"/>
      <a:gd name="dy1" fmla="sat2 hd2 ht1 wt1"/>
      <a:gd name="wt2" fmla="sin wd2 enAng"/>
      <a:gd name="ht2" fmla="cos hd2 enAng"/>
      <a:gd name="dx2" fmla="cat2 wd2 ht2 wt2"/>
      <a:gd name="dy2" fmla="sat2 hd2 ht2 wt2"/>
      <a:gd name="x1" fmla="+- hc dx1 0"/>
<!-- x pos of start point -->
      <a:gd name="y1" fmla="+- vc dy1 0"/>
<!-- y pos of start point -->
      <a:gd name="x2" fmla="+- hc dx2 0"/>
<!-- x pos of end point -->
      <a:gd name="y2" fmla="+- vc dy2 0"/>
<!-- y pos of end point -->
      <a:gd name="x3" fmla="+/ x1 x2 2"/>
      <a:gd name="y3" fmla="+/ y1 y2 2"/>
      <a:gd name="midAng0" fmla="*/ swAng 1 2"/>
      <a:gd name="midAng" fmla="+- stAng midAng0 cd2"/>
      <a:gd name="idx" fmla="cos wd2 2700000"/>
      <a:gd name="idy" fmla="sin hd2 2700000"/>
      <a:gd name="il" fmla="+- hc 0 idx"/>
      <a:gd name="ir" fmla="+- hc idx 0"/>
      <a:gd name="it" fmla="+- vc 0 idy"/>
      <a:gd name="ib" fmla="+- vc idy 0"/>
    </a:gdLst>
    <a:rect l="il" t="it" r="ir" b="ib"/>
    <a:pathLst>
      <a:path>
        <a:moveTo>
          <a:pt x="x1" y="y1"/>
        </a:moveTo>
        <a:arcTo wR="wd2" hR="hd2" stAng="stAng" swAng="swAng"/>
        <a:close/>
      </a:path>
    </a:pathLst>
</a:custGeom>
