<a:custGeom xmlns:a="http://schemas.openxmlformats.org/drawingml/2006/main">
    <a:gdLst>
      <a:gd name="il" fmla="*/ w 2977 21600"/>
      <a:gd name="it" fmla="*/ h 3262 21600"/>
      <a:gd name="ir" fmla="*/ w 17087 21600"/>
      <a:gd name="ib" fmla="*/ h 17337 21600"/>
      <a:gd name="g27" fmla="*/ w 67 21600"/>
      <a:gd name="g28" fmla="*/ h 21577 21600"/>
      <a:gd name="g29" fmla="*/ w 21582 21600"/>
      <a:gd name="g30" fmla="*/ h 1235 21600"/>
    </a:gdLst>
    <a:rect l="il" t="it" r="ir" b="ib"/>
    <a:pathLst>
      <a:path w="43200" h="43200">
        <a:moveTo>
          <a:pt x="3900" y="14370"/>
        </a:moveTo>
        <a:arcTo wR="6753" hR="9190" stAng="-11429249" swAng="7426832"/>
        <a:arcTo wR="5333" hR="7267" stAng="-8646143" swAng="5396714"/>
        <a:arcTo wR="4365" hR="5945" stAng="-8748475" swAng="5983381"/>
        <a:arcTo wR="4857" hR="6595" stAng="-7859164" swAng="7034504"/>
        <a:arcTo wR="5333" hR="7273" stAng="-4722533" swAng="6541615"/>
        <a:arcTo wR="6775" hR="9220" stAng="-2776035" swAng="7816140"/>
        <a:arcTo wR="5785" hR="7867" stAng="37501" swAng="6842000"/>
        <a:arcTo wR="6752" hR="9215" stAng="1347096" swAng="6910353"/>
        <a:arcTo wR="7720" hR="10543" stAng="3974558" swAng="4542661"/>
        <a:arcTo wR="4360" hR="5918" stAng="-16496525" swAng="8804134"/>
        <a:arcTo wR="4345" hR="5945" stAng="-14809710" swAng="9151131"/>
        <a:close/>
      </a:path>
      <a:path w="43200" h="43200" fill="none" extrusionOk="false">
        <a:moveTo>
          <a:pt x="4693" y="26177"/>
        </a:moveTo>
        <a:arcTo wR="4345" hR="5945" stAng="5204520" swAng="1585770"/>
        <a:moveTo>
          <a:pt x="6928" y="34899"/>
        </a:moveTo>
        <a:arcTo wR="4360" hR="5918" stAng="4416628" swAng="686848"/>
        <a:moveTo>
          <a:pt x="16478" y="39090"/>
        </a:moveTo>
        <a:arcTo wR="6752" hR="9215" stAng="8257449" swAng="844866"/>
        <a:moveTo>
          <a:pt x="28827" y="34751"/>
        </a:moveTo>
        <a:arcTo wR="6752" hR="9215" stAng="387196" swAng="959901"/>
        <a:moveTo>
          <a:pt x="34129" y="22954"/>
        </a:moveTo>
        <a:arcTo wR="5785" hR="7867" stAng="-4217541" swAng="4255042"/>
        <a:moveTo>
          <a:pt x="41798" y="15354"/>
        </a:moveTo>
        <a:arcTo wR="5333" hR="7273" stAng="1819082" swAng="1665090"/>
        <a:moveTo>
          <a:pt x="38324" y="5426"/>
        </a:moveTo>
        <a:arcTo wR="4857" hR="6595" stAng="-824660" swAng="891534"/>
        <a:moveTo>
          <a:pt x="29078" y="3952"/>
        </a:moveTo>
        <a:arcTo wR="4857" hR="6595" stAng="-8950887" swAng="1091722"/>
        <a:moveTo>
          <a:pt x="22141" y="4720"/>
        </a:moveTo>
        <a:arcTo wR="4365" hR="5945" stAng="-9809656" swAng="1061181"/>
        <a:moveTo>
          <a:pt x="14000" y="5192"/>
        </a:moveTo>
        <a:arcTo wR="6753" hR="9190" stAng="-4002417" swAng="739161"/>
        <a:moveTo>
          <a:pt x="4127" y="15789"/>
        </a:moveTo>
        <a:arcTo wR="6753" hR="9190" stAng="9459261" swAng="711490"/>
      </a:path>
    </a:pathLst>
</a:custGeom>
