<a:custGeom xmlns:a="http://schemas.openxmlformats.org/drawingml/2006/main">
    <a:avLst>
      <a:gd name="adj1" fmla="val -20833"/>
<!-- x pos -->
      <a:gd name="adj2" fmla="val 62500"/>
<!-- y pos -->
    </a:avLst>
    <a:gdLst>
      <a:gd name="dxPos" fmla="*/ w adj1 100000"/>
      <a:gd name="dyPos" fmla="*/ h adj2 100000"/>
      <a:gd name="xPos" fmla="+- hc dxPos 0"/>
      <a:gd name="yPos" fmla="+- vc dyPos 0"/>
      <a:gd name="ht" fmla="cat2 hd2 dxPos dyPos"/>
      <a:gd name="wt" fmla="sat2 wd2 dxPos dyPos"/>
      <a:gd name="g2" fmla="cat2 wd2 ht wt"/>
      <a:gd name="g3" fmla="sat2 hd2 ht wt"/>
      <a:gd name="g4" fmla="+- hc g2 0"/>
<!-- x of ellipse point from center to xPos -->
      <a:gd name="g5" fmla="+- vc g3 0"/>
<!-- y of ellipse point from center to yPos -->
      <a:gd name="g6" fmla="+- g4 0 xPos"/>
<!-- x distance of gap -->
      <a:gd name="g7" fmla="+- g5 0 yPos"/>
<!-- y distance of gap -->
      <a:gd name="g8" fmla="mod g6 g7 0"/>
<!-- distance from ellipse pt to adj pt == gap distance -->
      <a:gd name="g9" fmla="*/ ss 6600 21600"/>
<!-- 11 bubble rad -->
      <a:gd name="g10" fmla="+- g8 0 g9"/>
<!-- gap distance minus 11 bubble radius -->
      <a:gd name="g11" fmla="*/ g10 1 3"/>
<!-- 1/3 (gap - 11 bubble rad) -->
      <a:gd name="g12" fmla="*/ ss 1800 21600"/>
<!-- 3 bubble rad -->
      <a:gd name="g13" fmla="+- g11 g12 0"/>
<!-- 1/3 + 3 bubble rad -->
      <a:gd name="g14" fmla="*/ g13 g6 g8"/>
<!-- x offset to bubble -->
      <a:gd name="g15" fmla="*/ g13 g7 g8"/>
<!-- y offset to bubble -->
      <a:gd name="g16" fmla="+- g14 xPos 0"/>
<!-- x pos of bubble -->
      <a:gd name="g17" fmla="+- g15 yPos 0"/>
<!-- y pos of bubble -->
      <a:gd name="g18" fmla="*/ ss 4800 21600"/>
<!-- 8 bubble rad -->
      <a:gd name="g19" fmla="*/ g11 2 1"/>
<!-- 2/3 (gap - 11 bubble rad) -->
      <a:gd name="g20" fmla="+- g18 g19 0"/>
<!-- 2/3 + 8 bubble rad -->
      <a:gd name="g21" fmla="*/ g20 g6 g8"/>
      <a:gd name="g22" fmla="*/ g20 g7 g8"/>
      <a:gd name="g23" fmla="+- g21 xPos 0"/>
      <a:gd name="g24" fmla="+- g22 yPos 0"/>
      <a:gd name="g25" fmla="*/ ss 1200 21600"/>
      <a:gd name="g26" fmla="*/ ss 600 21600"/>
      <a:gd name="x23" fmla="+- xPos g26 0"/>
      <a:gd name="x24" fmla="+- g16 g25 0"/>
      <a:gd name="x25" fmla="+- g23 g12 0"/>
      <a:gd name="il" fmla="*/ w 2977 21600"/>
      <a:gd name="it" fmla="*/ h 3262 21600"/>
      <a:gd name="ir" fmla="*/ w 17087 21600"/>
      <a:gd name="ib" fmla="*/ h 17337 21600"/>
      <a:gd name="g27" fmla="*/ w 67 21600"/>
      <a:gd name="g28" fmla="*/ h 21577 21600"/>
      <a:gd name="g29" fmla="*/ w 21582 21600"/>
      <a:gd name="g30" fmla="*/ h 1235 21600"/>
      <a:gd name="pang" fmla="at2 dxPos dyPos"/>
    </a:gdLst>
    <a:rect l="il" t="it" r="ir" b="ib"/>
    <a:pathLst>
      <a:path w="43200" h="43200">
        <a:moveTo>
          <a:pt x="3900" y="14370"/>
        </a:moveTo>
        <a:arcTo wR="6753" hR="9190" stAng="-11429249" swAng="7426832"/>
        <a:arcTo wR="5333" hR="7267" stAng="-8646143" swAng="5396714"/>
        <a:arcTo wR="4365" hR="5945" stAng="-8748475" swAng="5983381"/>
        <a:arcTo wR="4857" hR="6595" stAng="-7859164" swAng="7034504"/>
        <a:arcTo wR="5333" hR="7273" stAng="-4722533" swAng="6541615"/>
        <a:arcTo wR="6775" hR="9220" stAng="-2776035" swAng="7816140"/>
        <a:arcTo wR="5785" hR="7867" stAng="37501" swAng="6842000"/>
        <a:arcTo wR="6752" hR="9215" stAng="1347096" swAng="6910353"/>
        <a:arcTo wR="7720" hR="10543" stAng="3974558" swAng="4542661"/>
        <a:arcTo wR="4360" hR="5918" stAng="-16496525" swAng="8804134"/>
        <a:arcTo wR="4345" hR="5945" stAng="-14809710" swAng="9151131"/>
        <a:close/>
      </a:path>
      <a:path w="43200" h="43200" fill="none" extrusionOk="false">
        <a:moveTo>
          <a:pt x="4693" y="26177"/>
        </a:moveTo>
        <a:arcTo wR="4345" hR="5945" stAng="5204520" swAng="1585770"/>
        <a:moveTo>
          <a:pt x="6928" y="34899"/>
        </a:moveTo>
        <a:arcTo wR="4360" hR="5918" stAng="4416628" swAng="686848"/>
        <a:moveTo>
          <a:pt x="16478" y="39090"/>
        </a:moveTo>
        <a:arcTo wR="6752" hR="9215" stAng="8257449" swAng="844866"/>
        <a:moveTo>
          <a:pt x="28827" y="34751"/>
        </a:moveTo>
        <a:arcTo wR="6752" hR="9215" stAng="387196" swAng="959901"/>
        <a:moveTo>
          <a:pt x="34129" y="22954"/>
        </a:moveTo>
        <a:arcTo wR="5785" hR="7867" stAng="-4217541" swAng="4255042"/>
        <a:moveTo>
          <a:pt x="41798" y="15354"/>
        </a:moveTo>
        <a:arcTo wR="5333" hR="7273" stAng="1819082" swAng="1665090"/>
        <a:moveTo>
          <a:pt x="38324" y="5426"/>
        </a:moveTo>
        <a:arcTo wR="4857" hR="6595" stAng="-824660" swAng="891534"/>
        <a:moveTo>
          <a:pt x="29078" y="3952"/>
        </a:moveTo>
        <a:arcTo wR="4857" hR="6595" stAng="-8950887" swAng="1091722"/>
        <a:moveTo>
          <a:pt x="22141" y="4720"/>
        </a:moveTo>
        <a:arcTo wR="4365" hR="5945" stAng="-9809656" swAng="1061181"/>
        <a:moveTo>
          <a:pt x="14000" y="5192"/>
        </a:moveTo>
        <a:arcTo wR="6753" hR="9190" stAng="-4002417" swAng="739161"/>
        <a:moveTo>
          <a:pt x="4127" y="15789"/>
        </a:moveTo>
        <a:arcTo wR="6753" hR="9190" stAng="9459261" swAng="711490"/>
      </a:path>
      <a:path>
        <a:moveTo>
          <a:pt x="x25" y="g24"/>
        </a:moveTo>
        <a:arcTo wR="g12" hR="g12" stAng="0" swAng="21600000"/>
        <a:close/>
      </a:path>
      <a:path>
        <a:moveTo>
          <a:pt x="x24" y="g17"/>
        </a:moveTo>
        <a:arcTo wR="g25" hR="g25" stAng="0" swAng="21600000"/>
        <a:close/>
      </a:path>
      <a:path>
        <a:moveTo>
          <a:pt x="x23" y="yPos"/>
        </a:moveTo>
        <a:arcTo wR="g26" hR="g26" stAng="0" swAng="21600000"/>
        <a:close/>
      </a:path>
    </a:pathLst>
</a:custGeom>
