<a:custGeom xmlns:a="http://schemas.openxmlformats.org/drawingml/2006/main">
    <a:gdLst>
      <a:gd name="md" fmla="mod w h 0"/>
      <a:gd name="dx" fmla="*/ 1 md 20"/>
<!-- offset: 0.05 * sqrt(w^2 + h^2) -->
      <a:gd name="y1" fmla="+- 0 b dx"/>
<!-- b - offset -->
      <a:gd name="x1" fmla="+- 0 r dx"/>
<!-- r - offset -->
    </a:gdLst>
    <a:rect l="dx" t="dx" r="x1" b="y1"/>
    <a:pathLst>
      <a:path>
        <a:moveTo>
          <a:pt x="l" y="t"/>
        </a:moveTo>
        <a:lnTo>
          <a:pt x="dx" y="t"/>
        </a:lnTo>
        <a:lnTo>
          <a:pt x="l" y="dx"/>
        </a:lnTo>
        <a:close/>
      </a:path>
      <a:path>
        <a:moveTo>
          <a:pt x="l" y="y1"/>
        </a:moveTo>
        <a:lnTo>
          <a:pt x="dx" y="b"/>
        </a:lnTo>
        <a:lnTo>
          <a:pt x="l" y="b"/>
        </a:lnTo>
        <a:close/>
      </a:path>
      <a:path>
        <a:moveTo>
          <a:pt x="x1" y="t"/>
        </a:moveTo>
        <a:lnTo>
          <a:pt x="r" y="t"/>
        </a:lnTo>
        <a:lnTo>
          <a:pt x="r" y="dx"/>
        </a:lnTo>
        <a:close/>
      </a:path>
      <a:path>
        <a:moveTo>
          <a:pt x="r" y="y1"/>
        </a:moveTo>
        <a:lnTo>
          <a:pt x="r" y="b"/>
        </a:lnTo>
        <a:lnTo>
          <a:pt x="x1" y="b"/>
        </a:lnTo>
        <a:close/>
      </a:path>
    </a:pathLst>
</a:custGeom>
