<a:custGeom xmlns:a="http://schemas.openxmlformats.org/drawingml/2006/main">
    <a:avLst>
      <a:gd name="adj1" fmla="val 50000"/>
<!-- vert offset -->
      <a:gd name="adj2" fmla="val 50000"/>
<!-- horz offset -->
    </a:avLst>
    <a:gdLst>
      <a:gd name="maxAdj1" fmla="*/ 100000 h ss"/>
      <a:gd name="maxAdj2" fmla="*/ 100000 w ss"/>
      <a:gd name="a1" fmla="pin 0 adj1 maxAdj1"/>
      <a:gd name="a2" fmla="pin 0 adj2 maxAdj2"/>
      <a:gd name="x1" fmla="*/ ss a2 100000"/>
      <a:gd name="dy1" fmla="*/ ss a1 100000"/>
      <a:gd name="y1" fmla="+- b 0 dy1"/>
      <a:gd name="cx1" fmla="*/ x1 1 2"/>
      <a:gd name="cy1" fmla="+/ y1 r 2"/>
      <a:gd name="d" fmla="+- w 0 h"/>
      <a:gd name="it" fmla="?: d y1 t"/>
      <a:gd name="ir" fmla="?: d r x1"/>
    </a:gdLst>
    <a:rect l="l" t="it" r="ir" b="b"/>
    <a:pathLst>
      <a:path>
        <a:moveTo>
          <a:pt x="l" y="t"/>
        </a:moveTo>
        <a:lnTo>
          <a:pt x="x1" y="t"/>
        </a:lnTo>
        <a:lnTo>
          <a:pt x="x1" y="y1"/>
        </a:lnTo>
        <a:lnTo>
          <a:pt x="r" y="y1"/>
        </a:lnTo>
        <a:lnTo>
          <a:pt x="r" y="b"/>
        </a:lnTo>
        <a:lnTo>
          <a:pt x="l" y="b"/>
        </a:lnTo>
        <a:close/>
      </a:path>
    </a:pathLst>
</a:custGeom>
