<a:custGeom xmlns:a="http://schemas.openxmlformats.org/drawingml/2006/3/main">
    <a:avLst>
      <a:gd name="adj" fmla="val 25000"/>
<!-- 25% -->
    </a:avLst>
    <a:gdLst>
      <a:gd name="a" fmla="pin 0 adj 100000"/>
      <a:gd name="y1" fmla="*/ ss a 100000"/>
<!-- top of front face  -->
      <a:gd name="y4" fmla="+- b 0 y1"/>
<!-- bottom of back face -->
      <a:gd name="y2" fmla="*/ y4 1 2"/>
<!-- midpoint of back face -->
      <a:gd name="y3" fmla="+/ y1 b 2"/>
<!-- midpoint of front face -->
<!-- x1 == y1 -->
<!-- left side of back face -->
      <a:gd name="x4" fmla="+- r 0 y1"/>
<!-- right side of front face -->
      <a:gd name="x2" fmla="*/ x4 1 2"/>
<!-- midpoint of front face -->
      <a:gd name="x3" fmla="+/ y1 r 2"/>
<!-- midpoint of back face -->
    </a:gdLst>
    <a:rect l="l" t="y1" r="x4" b="b"/>
    <a:pathLst>
      <a:path stroke="false" extrusionOk="false">
<!-- front face -->
        <a:moveTo>
          <a:pt x="l" y="y1"/>
        </a:moveTo>
        <a:lnTo>
          <a:pt x="y1" y="t"/>
        </a:lnTo>
        <a:lnTo>
          <a:pt x="r" y="t"/>
        </a:lnTo>
        <a:lnTo>
          <a:pt x="r" y="y4"/>
        </a:lnTo>
        <a:lnTo>
          <a:pt x="x4" y="b"/>
        </a:lnTo>
        <a:lnTo>
          <a:pt x="l" y="b"/>
        </a:lnTo>
        <a:close/>
      </a:path>
      <a:path stroke="false" fill="darkenLess" extrusionOk="false">
<!-- side face -->
        <a:moveTo>
          <a:pt x="x4" y="y1"/>
        </a:moveTo>
        <a:lnTo>
          <a:pt x="r" y="t"/>
        </a:lnTo>
        <a:lnTo>
          <a:pt x="r" y="y4"/>
        </a:lnTo>
        <a:lnTo>
          <a:pt x="x4" y="b"/>
        </a:lnTo>
        <a:close/>
      </a:path>
      <a:path stroke="false" fill="lightenLess" extrusionOk="false">
<!-- top face -->
        <a:moveTo>
          <a:pt x="l" y="y1"/>
        </a:moveTo>
        <a:lnTo>
          <a:pt x="y1" y="t"/>
        </a:lnTo>
        <a:lnTo>
          <a:pt x="r" y="t"/>
        </a:lnTo>
        <a:lnTo>
          <a:pt x="x4" y="y1"/>
        </a:lnTo>
        <a:close/>
      </a:path>
      <a:path fill="none" extrusionOk="false">
<!-- lines -->
        <a:moveTo>
          <a:pt x="l" y="y1"/>
        </a:moveTo>
        <a:lnTo>
          <a:pt x="y1" y="t"/>
        </a:lnTo>
        <a:lnTo>
          <a:pt x="r" y="t"/>
        </a:lnTo>
        <a:lnTo>
          <a:pt x="r" y="y4"/>
        </a:lnTo>
        <a:lnTo>
          <a:pt x="x4" y="b"/>
        </a:lnTo>
        <a:lnTo>
          <a:pt x="l" y="b"/>
        </a:lnTo>
        <a:close/>
        <a:moveTo>
          <a:pt x="l" y="y1"/>
        </a:moveTo>
        <a:lnTo>
          <a:pt x="x4" y="y1"/>
        </a:lnTo>
        <a:lnTo>
          <a:pt x="r" y="t"/>
        </a:lnTo>
        <a:moveTo>
          <a:pt x="x4" y="y1"/>
        </a:moveTo>
        <a:lnTo>
          <a:pt x="x4" y="b"/>
        </a:lnTo>
      </a:path>
    </a:pathLst>
</a:custGeom>
