<a:custGeom xmlns:a="http://schemas.openxmlformats.org/drawingml/2006/main">
    <a:avLst>
      <a:gd name="adj1" fmla="val 50000"/>
<!-- 50% -->
    </a:avLst>
    <a:gdLst>
      <a:gd name="x2" fmla="*/ w adj1 100000"/>
<!-- x pos -->
      <a:gd name="x1" fmla="+/ l x2 2"/>
      <a:gd name="x3" fmla="+/ r x2 2"/>
      <a:gd name="y3" fmla="*/ h 3 4"/>
    </a:gdLst>
    <a:rect l="l" t="t" r="r" b="b"/>
    <a:pathLst>
      <a:path fill="none">
        <a:moveTo>
          <a:pt x="l" y="t"/>
        </a:moveTo>
        <a:cubicBezTo>
          <a:pt x="x1" y="t"/>
          <a:pt x="x2" y="hd4"/>
          <a:pt x="x2" y="vc"/>
        </a:cubicBezTo>
        <a:cubicBezTo>
          <a:pt x="x2" y="y3"/>
          <a:pt x="x3" y="b"/>
          <a:pt x="r" y="b"/>
        </a:cubicBezTo>
      </a:path>
    </a:pathLst>
</a:custGeom>
