<a:custGeom xmlns:a="http://schemas.openxmlformats.org/drawingml/2006/main">
    <a:avLst>
      <a:gd name="adj1" fmla="val 25000"/>
<!-- thickness of shaft -->
      <a:gd name="adj2" fmla="val 50000"/>
<!-- width of arrow head -->
      <a:gd name="adj3" fmla="val 25000"/>
<!-- length of arrow head -->
    </a:avLst>
    <a:gdLst>
      <a:gd name="maxAdj2" fmla="*/ 50000 h ss"/>
<!-- 50% of the height -->
      <a:gd name="a2" fmla="pin 0 adj2 maxAdj2"/>
      <a:gd name="a1" fmla="pin 0 adj1 a2"/>
      <a:gd name="th" fmla="*/ ss a1 100000"/>
<!-- actual thickness -->
      <a:gd name="aw" fmla="*/ ss a2 100000"/>
<!-- actual arrow width -->
      <a:gd name="q1" fmla="+/ th aw 4"/>
<!-- temp -->
      <a:gd name="hR" fmla="+- hd2 0 q1"/>
<!-- height radius of ellipse -->
      <a:gd name="q7" fmla="*/ hR 2 1"/>
<!-- 2 hR -->
      <a:gd name="q8" fmla="*/ q7 q7 1"/>
<!-- 4 hR^2 -->
      <a:gd name="q9" fmla="*/ th th 1"/>
<!-- th^2 -->
      <a:gd name="q10" fmla="+- q8 0 q9"/>
      <a:gd name="q11" fmla="sqrt q10"/>
      <a:gd name="idx" fmla="*/ q11 w q7"/>
      <a:gd name="maxAdj3" fmla="*/ 100000 idx ss"/>
<!-- all the way to ix -->
      <a:gd name="a3" fmla="pin 0 adj3 maxAdj3"/>
      <a:gd name="ah" fmla="*/ ss a3 100000"/>
<!-- actual arrow height -->
<!-- y1 == th -->
<!-- vert top of bottom ellipse -->
<!-- y2 == hR -->
<!-- vert center of top ellipse -->
      <a:gd name="y3" fmla="+- hR th 0"/>
<!-- vert center of bottom ellipse -->
      <a:gd name="q2" fmla="*/ w w 1"/>
      <a:gd name="q3" fmla="*/ ah ah 1"/>
      <a:gd name="q4" fmla="+- q2 0 q3"/>
      <a:gd name="q5" fmla="sqrt q4"/>
      <a:gd name="dy" fmla="*/ q5 hR w"/>
      <a:gd name="y5" fmla="+- hR dy 0"/>
<!-- vert bottom of top ellipse -->
      <a:gd name="y7" fmla="+- y3 dy 0"/>
<!-- vert bottom of bottom ellipse -->
      <a:gd name="q6" fmla="+- aw 0 th"/>
      <a:gd name="dh" fmla="*/ q6 1 2"/>
<!-- delta from head tip to shaft -->
      <a:gd name="y4" fmla="+- y5 0 dh"/>
<!-- top  of arrowhead -->
      <a:gd name="y8" fmla="+- y7 dh 0"/>
<!-- bottom of arrowhead -->
      <a:gd name="aw2" fmla="*/ aw 1 2"/>
      <a:gd name="y6" fmla="+- b 0 aw2"/>
<!-- vert of arrowhead point -->
      <a:gd name="x1" fmla="+- r 0 ah"/>
      <a:gd name="swAng" fmla="at2 ah dy"/>
<!-- bottom half sweep angle -->
      <a:gd name="stAng" fmla="+- cd2 0 swAng"/>
      <a:gd name="mswAng" fmla="+- 0 0 swAng"/>
      <a:gd name="ix" fmla="+- r 0 idx"/>
<!-- horz intersection of the ellipses -->
      <a:gd name="iy" fmla="+/ hR y3 2"/>
<!-- vert intersection of the ellipses -->
      <a:gd name="q12" fmla="*/ th 1 2"/>
      <a:gd name="dang2" fmla="at2 idx q12"/>
      <a:gd name="swAng2" fmla="+- dang2 0 cd4"/>
      <a:gd name="swAng3" fmla="+- cd4 dang2 0"/>
      <a:gd name="stAng3" fmla="+- cd2 0 dang2"/>
    </a:gdLst>
<!-- TODO: correct rect -->
    <a:rect l="l" t="t" r="r" b="b"/>
    <a:pathLst>
<!-- front face -->
      <a:path stroke="false" extrusionOk="false">
        <a:moveTo>
          <a:pt x="l" y="hR"/>
        </a:moveTo>
        <a:arcTo wR="w" hR="hR" stAng="cd2" swAng="mswAng"/>
        <a:lnTo>
          <a:pt x="x1" y="y4"/>
        </a:lnTo>
        <a:lnTo>
          <a:pt x="r" y="y6"/>
        </a:lnTo>
        <a:lnTo>
          <a:pt x="x1" y="y8"/>
        </a:lnTo>
        <a:lnTo>
          <a:pt x="x1" y="y7"/>
        </a:lnTo>
        <a:arcTo wR="w" hR="hR" stAng="stAng" swAng="swAng"/>
        <a:close/>
<!-- back face -->
        <a:moveTo>
          <a:pt x="r" y="th"/>
        </a:moveTo>
        <a:arcTo wR="w" hR="hR" stAng="cd34" swAng="swAng2"/>
        <a:arcTo wR="w" hR="hR" stAng="stAng3" swAng="swAng3"/>
        <a:close/>
      </a:path>
<!-- back face -->
      <a:path fill="darkenLess" stroke="false" extrusionOk="false">
        <a:moveTo>
          <a:pt x="r" y="th"/>
        </a:moveTo>
        <a:arcTo wR="w" hR="hR" stAng="cd34" swAng="swAng2"/>
        <a:arcTo wR="w" hR="hR" stAng="stAng3" swAng="swAng3"/>
        <a:close/>
      </a:path>
<!-- just the line -->
      <a:path fill="none" extrusionOk="false">
        <a:moveTo>
          <a:pt x="l" y="hR"/>
        </a:moveTo>
        <a:arcTo wR="w" hR="hR" stAng="cd2" swAng="mswAng"/>
        <a:lnTo>
          <a:pt x="x1" y="y4"/>
        </a:lnTo>
        <a:lnTo>
          <a:pt x="r" y="y6"/>
        </a:lnTo>
        <a:lnTo>
          <a:pt x="x1" y="y8"/>
        </a:lnTo>
        <a:lnTo>
          <a:pt x="x1" y="y7"/>
        </a:lnTo>
        <a:arcTo wR="w" hR="hR" stAng="stAng" swAng="swAng"/>
        <a:lnTo>
          <a:pt x="l" y="hR"/>
        </a:lnTo>
        <a:arcTo wR="w" hR="hR" stAng="cd2" swAng="cd4"/>
        <a:lnTo>
          <a:pt x="r" y="th"/>
        </a:lnTo>
        <a:arcTo wR="w" hR="hR" stAng="cd34" swAng="swAng2"/>
      </a:path>
    </a:pathLst>
</a:custGeom>
