<a:custGeom xmlns:a="http://schemas.openxmlformats.org/drawingml/2006/3/main">
    <a:avLst>
      <a:gd name="adj1" fmla="val 25000"/>
<!-- thickness of shaft -->
      <a:gd name="adj2" fmla="val 50000"/>
<!-- width of head -->
      <a:gd name="adj3" fmla="val 25000"/>
<!-- height of head -->
    </a:avLst>
    <a:gdLst>
      <a:gd name="maxAdj2" fmla="*/ 50000 w ss"/>
<!-- 50% of the width -->
      <a:gd name="a2" fmla="pin 0 adj2 maxAdj2"/>
      <a:gd name="a1" fmla="pin 0 adj1 100000"/>
      <a:gd name="th" fmla="*/ ss a1 100000"/>
<!-- actual thickness -->
      <a:gd name="aw" fmla="*/ ss a2 100000"/>
<!-- actual arrow width -->
      <a:gd name="q1" fmla="+/ th aw 4"/>
<!-- temp -->
      <a:gd name="wR" fmla="+- wd2 0 q1"/>
<!-- width radius of ellipse -->
      <a:gd name="q7" fmla="*/ wR 2 1"/>
<!-- 2 wR -->
      <a:gd name="q8" fmla="*/ q7 q7 1"/>
<!-- 4 wR^2 -->
      <a:gd name="q9" fmla="*/ th th 1"/>
<!-- th^2 -->
      <a:gd name="q10" fmla="+- q8 0 q9"/>
      <a:gd name="q11" fmla="sqrt q10"/>
      <a:gd name="idy" fmla="*/ q11 h q7"/>
      <a:gd name="maxAdj3" fmla="*/ 100000 idy ss"/>
<!-- all the way to idy -->
      <a:gd name="a3" fmla="pin 0 adj3 maxAdj3"/>
      <a:gd name="ah" fmla="*/ ss adj3 100000"/>
<!-- actual arrow height -->
<!-- x1 == th -->
<!-- horz left of left ellipse -->
<!-- x2 == wR -->
<!-- horz center of left ellipse -->
      <a:gd name="x3" fmla="+- wR th 0"/>
<!-- horz center of right ellipse -->
      <a:gd name="q2" fmla="*/ h h 1"/>
      <a:gd name="q3" fmla="*/ ah ah 1"/>
      <a:gd name="q4" fmla="+- q2 0 q3"/>
      <a:gd name="q5" fmla="sqrt q4"/>
      <a:gd name="dx" fmla="*/ q5 wR h"/>
      <a:gd name="x5" fmla="+- wR dx 0"/>
<!-- horz right of left ellipse -->
      <a:gd name="x7" fmla="+- x3 dx 0"/>
<!-- horz right of right ellipse -->
      <a:gd name="q6" fmla="+- aw 0 th"/>
      <a:gd name="dh" fmla="*/ q6 1 2"/>
<!-- delta from head tip to shaft -->
      <a:gd name="x4" fmla="+- x5 0 dh"/>
<!-- left of arrowhead -->
      <a:gd name="x8" fmla="+- x7 dh 0"/>
<!-- right of arrowhead -->
      <a:gd name="aw2" fmla="*/ aw 1 2"/>
      <a:gd name="x6" fmla="+- r 0 aw2"/>
<!-- vert of arrowhead point -->
      <a:gd name="y1" fmla="+- b 0 ah"/>
      <a:gd name="swAng" fmla="at2 ah dx"/>
<!-- bottom half sweep angle -->
      <a:gd name="mswAng" fmla="+- 0 0 swAng"/>
      <a:gd name="iy" fmla="+- b 0 idy"/>
<!-- vert intersection of the ellipses -->
      <a:gd name="ix" fmla="+/ wR x3 2"/>
<!-- horz intersection of the ellipses -->
      <a:gd name="q12" fmla="*/ th 1 2"/>
      <a:gd name="dang2" fmla="at2 idy q12"/>
      <a:gd name="stAng" fmla="+- cd34 swAng 0"/>
      <a:gd name="stAng2" fmla="+- cd34 0 dang2"/>
      <a:gd name="swAng2" fmla="+- dang2 0 cd4"/>
      <a:gd name="swAng3" fmla="+- cd4 dang2 0"/>
    </a:gdLst>
<!-- TODO: correct rect -->
    <a:rect l="l" t="t" r="r" b="b"/>
    <a:pathLst>
<!-- front face -->
      <a:path stroke="false" extrusionOk="false">
        <a:moveTo>
          <a:pt x="x6" y="b"/>
        </a:moveTo>
        <a:lnTo>
          <a:pt x="x4" y="y1"/>
        </a:lnTo>
        <a:lnTo>
          <a:pt x="x5" y="y1"/>
        </a:lnTo>
        <a:arcTo wR="wR" hR="h" stAng="stAng" swAng="mswAng"/>
        <a:lnTo>
          <a:pt x="x3" y="t"/>
        </a:lnTo>
        <a:arcTo wR="wR" hR="h" stAng="cd34" swAng="swAng"/>
        <a:lnTo>
          <a:pt x="x8" y="y1"/>
        </a:lnTo>
        <a:close/>
<!-- back face -->
        <a:moveTo>
          <a:pt x="ix" y="iy"/>
        </a:moveTo>
        <a:arcTo wR="wR" hR="h" stAng="stAng2" swAng="swAng2"/>
        <a:lnTo>
          <a:pt x="l" y="b"/>
        </a:lnTo>
        <a:arcTo wR="wR" hR="h" stAng="cd2" swAng="swAng3"/>
        <a:close/>
      </a:path>
<!-- back face -->
      <a:path fill="darkenLess" stroke="false" extrusionOk="false">
        <a:moveTo>
          <a:pt x="ix" y="iy"/>
        </a:moveTo>
        <a:arcTo wR="wR" hR="h" stAng="stAng2" swAng="swAng2"/>
        <a:lnTo>
          <a:pt x="l" y="b"/>
        </a:lnTo>
        <a:arcTo wR="wR" hR="h" stAng="cd2" swAng="swAng3"/>
        <a:close/>
      </a:path>
<!-- just the line -->
      <a:path fill="none" extrusionOk="false">
        <a:moveTo>
          <a:pt x="ix" y="iy"/>
        </a:moveTo>
        <a:arcTo wR="wR" hR="h" stAng="stAng2" swAng="swAng2"/>
        <a:lnTo>
          <a:pt x="l" y="b"/>
        </a:lnTo>
        <a:arcTo wR="wR" hR="h" stAng="cd2" swAng="cd4"/>
        <a:lnTo>
          <a:pt x="x3" y="t"/>
        </a:lnTo>
        <a:arcTo wR="wR" hR="h" stAng="cd34" swAng="swAng"/>
        <a:lnTo>
          <a:pt x="x8" y="y1"/>
        </a:lnTo>
        <a:lnTo>
          <a:pt x="x6" y="b"/>
        </a:lnTo>
        <a:lnTo>
          <a:pt x="x4" y="y1"/>
        </a:lnTo>
        <a:lnTo>
          <a:pt x="x5" y="y1"/>
        </a:lnTo>
        <a:arcTo wR="wR" hR="h" stAng="stAng" swAng="mswAng"/>
      </a:path>
    </a:pathLst>
</a:custGeom>
