<a:custGeom xmlns:a="http://schemas.openxmlformats.org/drawingml/2006/main">
    <a:avLst>
      <a:gd name="adj1" fmla="val 50000"/>
<!-- 50% -->
      <a:gd name="adj2" fmla="val 50000"/>
<!-- 50% -->
    </a:avLst>
    <a:gdLst>
      <a:gd name="x2" fmla="*/ w adj1 100000"/>
<!-- x pos -->
      <a:gd name="x1" fmla="+/ l x2 2"/>
      <a:gd name="x3" fmla="+/ r x2 2"/>
      <a:gd name="x4" fmla="+/ x2 x3 2"/>
      <a:gd name="x5" fmla="+/ x3 r 2"/>
      <a:gd name="y4" fmla="*/ h adj2 100000"/>
<!-- y pos -->
      <a:gd name="y1" fmla="+/ t y4 2"/>
      <a:gd name="y2" fmla="+/ t y1 2"/>
      <a:gd name="y3" fmla="+/ y1 y4 2"/>
      <a:gd name="y5" fmla="+/ b y4 2"/>
    </a:gdLst>
    <a:rect l="l" t="t" r="r" b="b"/>
    <a:pathLst>
      <a:path fill="none">
        <a:moveTo>
          <a:pt x="l" y="t"/>
        </a:moveTo>
        <a:cubicBezTo>
          <a:pt x="x1" y="t"/>
          <a:pt x="x2" y="y2"/>
          <a:pt x="x2" y="y1"/>
        </a:cubicBezTo>
        <a:cubicBezTo>
          <a:pt x="x2" y="y3"/>
          <a:pt x="x4" y="y4"/>
          <a:pt x="x3" y="y4"/>
        </a:cubicBezTo>
        <a:cubicBezTo>
          <a:pt x="x5" y="y4"/>
          <a:pt x="r" y="y5"/>
          <a:pt x="r" y="b"/>
        </a:cubicBezTo>
      </a:path>
    </a:pathLst>
</a:custGeom>
