<a:custGeom xmlns:a="http://schemas.openxmlformats.org/drawingml/2006/main">
    <a:avLst>
      <a:gd name="adj" fmla="val 50000"/>
<!-- horz/vert offset -->
    </a:avLst>
    <a:gdLst>
      <a:gd name="a" fmla="pin 0 adj 100000"/>
      <a:gd name="x2" fmla="*/ w a 100000"/>
      <a:gd name="x1" fmla="*/ x2 1 2"/>
      <a:gd name="x3" fmla="+/ x2 r 2"/>
      <a:gd name="y2" fmla="*/ h a 100000"/>
      <a:gd name="y1" fmla="*/ y2 1 2"/>
      <a:gd name="y3" fmla="+/ y2 b 2"/>
    </a:gdLst>
    <a:rect l="l" t="t" r="x3" b="y3"/>
    <a:pathLst>
      <a:path>
        <a:moveTo>
          <a:pt x="l" y="y2"/>
        </a:moveTo>
        <a:lnTo>
          <a:pt x="x2" y="t"/>
        </a:lnTo>
        <a:lnTo>
          <a:pt x="r" y="t"/>
        </a:lnTo>
        <a:lnTo>
          <a:pt x="l" y="b"/>
        </a:lnTo>
        <a:close/>
      </a:path>
    </a:pathLst>
</a:custGeom>
