<a:custGeom xmlns:a="http://schemas.openxmlformats.org/drawingml/2006/main">
    <a:gdLst>
      <a:gd name="x1" fmla="*/ w 2894 21600"/>
      <a:gd name="x2" fmla="*/ w 7906 21600"/>
      <a:gd name="x3" fmla="*/ w 13694 21600"/>
      <a:gd name="x4" fmla="*/ w 18706 21600"/>
      <a:gd name="y1" fmla="*/ h 2894 21600"/>
      <a:gd name="y2" fmla="*/ h 7906 21600"/>
      <a:gd name="y3" fmla="*/ h 13694 21600"/>
      <a:gd name="y4" fmla="*/ h 18706 21600"/>
    </a:gdLst>
    <a:rect l="x1" t="y1" r="x4" b="y4"/>
    <a:pathLst>
      <a:path>
        <a:moveTo>
          <a:pt x="l" y="y2"/>
        </a:moveTo>
        <a:lnTo>
          <a:pt x="x1" y="y1"/>
        </a:lnTo>
        <a:lnTo>
          <a:pt x="x2" y="t"/>
        </a:lnTo>
        <a:lnTo>
          <a:pt x="x3" y="t"/>
        </a:lnTo>
        <a:lnTo>
          <a:pt x="x4" y="y1"/>
        </a:lnTo>
        <a:lnTo>
          <a:pt x="r" y="y2"/>
        </a:lnTo>
        <a:lnTo>
          <a:pt x="r" y="y3"/>
        </a:lnTo>
        <a:lnTo>
          <a:pt x="x4" y="y4"/>
        </a:lnTo>
        <a:lnTo>
          <a:pt x="x3" y="b"/>
        </a:lnTo>
        <a:lnTo>
          <a:pt x="x2" y="b"/>
        </a:lnTo>
        <a:lnTo>
          <a:pt x="x1" y="y4"/>
        </a:lnTo>
        <a:lnTo>
          <a:pt x="l" y="y3"/>
        </a:lnTo>
        <a:close/>
      </a:path>
    </a:pathLst>
</a:custGeom>
