<a:custGeom xmlns:a="http://schemas.openxmlformats.org/drawingml/2006/main">
    <a:gdLst>
      <a:gd name="idx" fmla="cos wd2 2700000"/>
      <a:gd name="idy" fmla="sin hd2 2700000"/>
      <a:gd name="il" fmla="+- hc 0 idx"/>
      <a:gd name="ir" fmla="+- hc idx 0"/>
      <a:gd name="it" fmla="+- vc 0 idy"/>
      <a:gd name="ib" fmla="+- vc idy 0"/>
    </a:gdLst>
    <a:rect l="il" t="it" r="ir" b="ib"/>
    <a:pathLst>
      <a:path>
        <a:moveTo>
          <a:pt x="l" y="vc"/>
        </a:moveTo>
        <a:arcTo wR="wd2" hR="hd2" stAng="cd2" swAng="cd4"/>
        <a:arcTo wR="wd2" hR="hd2" stAng="cd34" swAng="cd4"/>
        <a:arcTo wR="wd2" hR="hd2" stAng="0" swAng="cd4"/>
        <a:arcTo wR="wd2" hR="hd2" stAng="cd4" swAng="cd4"/>
        <a:close/>
      </a:path>
    </a:pathLst>
</a:custGeom>
