<a:custGeom xmlns:a="http://schemas.openxmlformats.org/drawingml/2006/3/main">
    <a:avLst>
      <a:gd name="adj1" fmla="val 25000"/>
<!-- top bend height -->
      <a:gd name="adj2" fmla="val 50000"/>
<!-- width of front face -->
      <a:gd name="adj3" fmla="val 12500"/>
<!-- bottom bend height -->
    </a:avLst>
    <a:gdLst>
      <a:gd name="a1" fmla="pin 0 adj1 100000"/>
      <a:gd name="a2" fmla="pin 25000 adj2 75000"/>
      <a:gd name="q10" fmla="+- 100000 0 a1"/>
      <a:gd name="q11" fmla="*/ q10 1 2"/>
      <a:gd name="q12" fmla="+- a1 0 q11"/>
      <a:gd name="minAdj3" fmla="max 0 q12"/>
      <a:gd name="a3" fmla="pin minAdj3 adj3 a1"/>
<!-- x1 == wd8 -->
<!-- left point indent -->
      <a:gd name="dx2" fmla="*/ w a2 200000"/>
<!-- half width of front face -->
      <a:gd name="x2" fmla="+- hc 0 dx2"/>
<!-- left side of front face -->
      <a:gd name="x3" fmla="+- x2 wd8 0"/>
<!-- right side of back left -->
      <a:gd name="x4" fmla="+- r 0 x3"/>
<!-- left side of back right -->
      <a:gd name="x5" fmla="+- r 0 x2"/>
<!-- right side of front face -->
      <a:gd name="x6" fmla="+- r 0 wd8"/>
<!-- right point indent -->
      <a:gd name="dy1" fmla="*/ h a3 100000"/>
<!-- total height of top curve -->
      <a:gd name="f1" fmla="*/ 4 dy1 w"/>
<!-- slope factor for top curve -->
      <a:gd name="q1" fmla="*/ x3 x3 w"/>
      <a:gd name="q2" fmla="+- x3 0 q1"/>
      <a:gd name="y1" fmla="*/ f1 q2 1"/>
<!-- top of first bend -->
      <a:gd name="cx1" fmla="*/ x3 1 2"/>
<!-- top left control point -->
      <a:gd name="cy1" fmla="*/ f1 cx1 1"/>
<!-- top left control point -->
      <a:gd name="cx2" fmla="+- r 0 cx1"/>
<!-- top right control point -->
<!-- cy2 == cy1 -->
<!-- top right control point -->
      <a:gd name="q1" fmla="*/ h a1 100000"/>
<!-- height of top bend -->
      <a:gd name="dy3" fmla="+- q1 0 dy1"/>
<!-- curve offset -->
      <a:gd name="q3" fmla="*/ x2 x2 w"/>
      <a:gd name="q4" fmla="+- x2 0 q3"/>
      <a:gd name="q5" fmla="*/ f1 q4 1"/>
      <a:gd name="y3" fmla="+- q5 dy3 0"/>
<!-- top of second bend -->
<!-- cx3 == hc -->
<!-- top middle control point -->
      <a:gd name="q6" fmla="+- dy1 dy3 y3"/>
      <a:gd name="q7" fmla="+- q6 dy1 0"/>
      <a:gd name="cy3" fmla="+- q7 dy3 0"/>
<!-- top middle control point -->
      <a:gd name="rh" fmla="+- b 0 q1"/>
<!-- height of ribbon -->
      <a:gd name="q8" fmla="*/ dy1 14 16"/>
      <a:gd name="y2" fmla="+/ q8 rh 2"/>
<!-- y of indent point -->
<!-- y4 == rh -->
      <a:gd name="y5" fmla="+- q5 rh 0"/>
<!-- bottom of 1st bend -->
      <a:gd name="y6" fmla="+- y3 rh 0"/>
<!-- bottom of 2nd bend -->
      <a:gd name="cx4" fmla="*/ x2 1 2"/>
<!-- bottom left control point -->
      <a:gd name="q9" fmla="*/ f1 cx4 1"/>
      <a:gd name="cy4" fmla="+- q9 rh 0"/>
<!-- bottom left control point -->
      <a:gd name="cx5" fmla="+- r 0 cx4"/>
<!-- bottom right control point -->
<!-- cy5 == cy4 -->
<!-- bottom right control point -->
<!-- cx6 == hc -->
<!-- bottom middle control point -->
      <a:gd name="cy6" fmla="+- cy3 rh 0"/>
<!-- bottom middle control point -->
      <a:gd name="y7" fmla="+- y1 dy3 0"/>
      <a:gd name="cy7" fmla="+- q1 q1 y7"/>
      <a:gd name="y8" fmla="+- b 0 dy1"/>
<!-- adj3 handle pos -->
    </a:gdLst>
    <a:rect l="x2" t="q1" r="x5" b="y6"/>
    <a:pathLst>
      <a:path stroke="false" extrusionOk="false">
<!-- front face -->
        <a:moveTo>
          <a:pt x="l" y="t"/>
        </a:moveTo>
        <a:quadBezTo>
          <a:pt x="cx1" y="cy1"/>
          <a:pt x="x3" y="y1"/>
        </a:quadBezTo>
        <a:lnTo>
          <a:pt x="x3" y="y7"/>
        </a:lnTo>
        <a:quadBezTo>
          <a:pt x="hc" y="cy7"/>
          <a:pt x="x4" y="y7"/>
        </a:quadBezTo>
        <a:lnTo>
          <a:pt x="x4" y="y1"/>
        </a:lnTo>
        <a:quadBezTo>
          <a:pt x="cx2" y="cy1"/>
          <a:pt x="r" y="t"/>
        </a:quadBezTo>
        <a:lnTo>
          <a:pt x="x6" y="y2"/>
        </a:lnTo>
        <a:lnTo>
          <a:pt x="r" y="rh"/>
        </a:lnTo>
        <a:quadBezTo>
          <a:pt x="cx5" y="cy4"/>
          <a:pt x="x5" y="y5"/>
        </a:quadBezTo>
        <a:lnTo>
          <a:pt x="x5" y="y6"/>
        </a:lnTo>
        <a:quadBezTo>
          <a:pt x="hc" y="cy6"/>
          <a:pt x="x2" y="y6"/>
        </a:quadBezTo>
        <a:lnTo>
          <a:pt x="x2" y="y5"/>
        </a:lnTo>
        <a:quadBezTo>
          <a:pt x="cx4" y="cy4"/>
          <a:pt x="l" y="rh"/>
        </a:quadBezTo>
        <a:lnTo>
          <a:pt x="wd8" y="y2"/>
        </a:lnTo>
        <a:close/>
      </a:path>
      <a:path fill="darkenLess" stroke="false" extrusionOk="false">
        <a:moveTo>
          <a:pt x="x3" y="y7"/>
        </a:moveTo>
        <a:lnTo>
          <a:pt x="x3" y="y1"/>
        </a:lnTo>
        <a:lnTo>
          <a:pt x="x2" y="y3"/>
        </a:lnTo>
        <a:quadBezTo>
          <a:pt x="hc" y="cy3"/>
          <a:pt x="x5" y="y3"/>
        </a:quadBezTo>
        <a:lnTo>
          <a:pt x="x4" y="y1"/>
        </a:lnTo>
        <a:lnTo>
          <a:pt x="x4" y="y7"/>
        </a:lnTo>
        <a:quadBezTo>
          <a:pt x="hc" y="cy7"/>
          <a:pt x="x3" y="y7"/>
        </a:quadBezTo>
        <a:close/>
      </a:path>
      <a:path fill="none" extrusionOk="false">
<!-- lines -->
        <a:moveTo>
          <a:pt x="l" y="t"/>
        </a:moveTo>
        <a:quadBezTo>
          <a:pt x="cx1" y="cy1"/>
          <a:pt x="x3" y="y1"/>
        </a:quadBezTo>
        <a:lnTo>
          <a:pt x="x2" y="y3"/>
        </a:lnTo>
        <a:quadBezTo>
          <a:pt x="hc" y="cy3"/>
          <a:pt x="x5" y="y3"/>
        </a:quadBezTo>
        <a:lnTo>
          <a:pt x="x4" y="y1"/>
        </a:lnTo>
        <a:quadBezTo>
          <a:pt x="cx2" y="cy1"/>
          <a:pt x="r" y="t"/>
        </a:quadBezTo>
        <a:lnTo>
          <a:pt x="x6" y="y2"/>
        </a:lnTo>
        <a:lnTo>
          <a:pt x="r" y="rh"/>
        </a:lnTo>
        <a:quadBezTo>
          <a:pt x="cx5" y="cy4"/>
          <a:pt x="x5" y="y5"/>
        </a:quadBezTo>
        <a:lnTo>
          <a:pt x="x5" y="y6"/>
        </a:lnTo>
        <a:quadBezTo>
          <a:pt x="hc" y="cy6"/>
          <a:pt x="x2" y="y6"/>
        </a:quadBezTo>
        <a:lnTo>
          <a:pt x="x2" y="y5"/>
        </a:lnTo>
        <a:quadBezTo>
          <a:pt x="cx4" y="cy4"/>
          <a:pt x="l" y="rh"/>
        </a:quadBezTo>
        <a:lnTo>
          <a:pt x="wd8" y="y2"/>
        </a:lnTo>
        <a:close/>
        <a:moveTo>
          <a:pt x="x2" y="y5"/>
        </a:moveTo>
        <a:lnTo>
          <a:pt x="x2" y="y3"/>
        </a:lnTo>
        <a:moveTo>
          <a:pt x="x5" y="y3"/>
        </a:moveTo>
        <a:lnTo>
          <a:pt x="x5" y="y5"/>
        </a:lnTo>
        <a:moveTo>
          <a:pt x="x3" y="y1"/>
        </a:moveTo>
        <a:lnTo>
          <a:pt x="x3" y="y7"/>
        </a:lnTo>
        <a:moveTo>
          <a:pt x="x4" y="y7"/>
        </a:moveTo>
        <a:lnTo>
          <a:pt x="x4" y="y1"/>
        </a:lnTo>
      </a:path>
    </a:pathLst>
</a:custGeom>
