<a:custGeom xmlns:a="http://schemas.openxmlformats.org/drawingml/2006/main">
    <a:gdLst>
      <a:gd name="x2" fmla="val wd5"/>
      <a:gd name="x1" fmla="+/ l x2 2"/>
      <a:gd name="x5" fmla="+- r 0 x2"/>
      <a:gd name="x6" fmla="+- r 0 x1"/>
      <a:gd name="x3" fmla="+/ l x5 2"/>
      <a:gd name="x4" fmla="+/ x2 r 2"/>
    </a:gdLst>
    <a:rect l="x2" t="t" r="x5" b="b"/>
    <a:pathLst>
      <a:path>
        <a:moveTo>
          <a:pt x="l" y="b"/>
        </a:moveTo>
        <a:lnTo>
          <a:pt x="x2" y="t"/>
        </a:lnTo>
        <a:lnTo>
          <a:pt x="r" y="t"/>
        </a:lnTo>
        <a:lnTo>
          <a:pt x="x5" y="b"/>
        </a:lnTo>
        <a:close/>
      </a:path>
    </a:pathLst>
</a:custGeom>
