<a:custGeom xmlns:a="http://schemas.openxmlformats.org/drawingml/2006/3/main">
    <a:gdLst>
      <a:gd name="x1" fmla="val wd6"/>
      <a:gd name="x2" fmla="+- r 0 x1"/>
    </a:gdLst>
    <a:rect l="x1" t="t" r="x2" b="b"/>
    <a:pathLst>
      <a:path>
        <a:moveTo>
          <a:pt x="x1" y="t"/>
        </a:moveTo>
        <a:lnTo>
          <a:pt x="r" y="t"/>
        </a:lnTo>
        <a:arcTo wR="x1" hR="hd2" stAng="cd34" swAng="-10800000"/>
        <a:lnTo>
          <a:pt x="x1" y="b"/>
        </a:lnTo>
        <a:arcTo wR="x1" hR="hd2" stAng="cd4" swAng="cd2"/>
        <a:close/>
      </a:path>
    </a:pathLst>
</a:custGeom>
