<a:custGeom xmlns:a="http://schemas.openxmlformats.org/drawingml/2006/main">
    <a:gdLst>
      <a:gd name="y1" fmla="*/ h 17322 21600"/>
      <a:gd name="y2" fmla="*/ h 20172 21600"/>
      <a:gd name="y3" fmla="*/ h 23922 21600"/>
    </a:gdLst>
    <a:rect l="l" t="t" r="r" b="y1"/>
    <a:pathLst>
      <a:path>
        <a:moveTo>
          <a:pt x="l" y="t"/>
        </a:moveTo>
        <a:lnTo>
          <a:pt x="r" y="t"/>
        </a:lnTo>
        <a:lnTo>
          <a:pt x="r" y="y1"/>
        </a:lnTo>
        <a:cubicBezTo>
          <a:pt x="hc" y="y1"/>
          <a:pt x="hc" y="y3"/>
          <a:pt x="l" y="y2"/>
        </a:cubicBezTo>
        <a:close/>
      </a:path>
    </a:pathLst>
</a:custGeom>
