<a:custGeom xmlns:a="http://schemas.openxmlformats.org/drawingml/2006/main">
    <a:gdLst>
      <a:gd name="y1" fmla="*/ h 4 5"/>
    </a:gdLst>
    <a:rect l="l" t="t" r="r" b="y1"/>
    <a:pathLst>
      <a:path>
        <a:moveTo>
          <a:pt x="l" y="t"/>
        </a:moveTo>
        <a:lnTo>
          <a:pt x="r" y="t"/>
        </a:lnTo>
        <a:lnTo>
          <a:pt x="r" y="y1"/>
        </a:lnTo>
        <a:lnTo>
          <a:pt x="hc" y="b"/>
        </a:lnTo>
        <a:lnTo>
          <a:pt x="l" y="y1"/>
        </a:lnTo>
        <a:close/>
      </a:path>
    </a:pathLst>
</a:custGeom>
