<a:custGeom xmlns:a="http://schemas.openxmlformats.org/drawingml/2006/3/main">
    <a:gdLst>
      <a:gd name="x1" fmla="val wd4"/>
      <a:gd name="x4" fmla="+- r 0 x1"/>
      <a:gd name="y1" fmla="*/ h 4 5"/>
      <a:gd name="dx" fmla="val wd10"/>
      <a:gd name="x2" fmla="+- hc 0 dx"/>
      <a:gd name="x3" fmla="+- hc dx 0"/>
    </a:gdLst>
    <a:rect l="x1" t="t" r="x4" b="vc"/>
    <a:pathLst>
      <a:path stroke="false" extrusionOk="false">
<!-- fill interior -->
        <a:moveTo>
          <a:pt x="l" y="t"/>
        </a:moveTo>
        <a:lnTo>
          <a:pt x="r" y="t"/>
        </a:lnTo>
        <a:lnTo>
          <a:pt x="hc" y="b"/>
        </a:lnTo>
        <a:close/>
      </a:path>
      <a:path fill="none" extrusionOk="false">
<!-- stroke interior -->
        <a:moveTo>
          <a:pt x="x2" y="y1"/>
        </a:moveTo>
        <a:lnTo>
          <a:pt x="x3" y="y1"/>
        </a:lnTo>
      </a:path>
      <a:path fill="none" extrusionOk="true">
<!-- stroke exterior, extrude -->
        <a:moveTo>
          <a:pt x="l" y="t"/>
        </a:moveTo>
        <a:lnTo>
          <a:pt x="r" y="t"/>
        </a:lnTo>
        <a:lnTo>
          <a:pt x="hc" y="b"/>
        </a:lnTo>
        <a:close/>
      </a:path>
    </a:pathLst>
</a:custGeom>
