<a:custGeom xmlns:a="http://schemas.openxmlformats.org/drawingml/2006/3/main">
    <a:gdLst>
      <a:gd name="x1" fmla="val wd8"/>
      <a:gd name="x2" fmla="+- r 0 x1"/>
    </a:gdLst>
    <a:rect l="x1" t="t" r="x2" b="b"/>
    <a:pathLst>
      <a:path stroke="false" extrusionOk="false">
<!-- fill interior -->
        <a:moveTo>
          <a:pt x="l" y="t"/>
        </a:moveTo>
        <a:lnTo>
          <a:pt x="r" y="t"/>
        </a:lnTo>
        <a:lnTo>
          <a:pt x="r" y="b"/>
        </a:lnTo>
        <a:lnTo>
          <a:pt x="l" y="b"/>
        </a:lnTo>
        <a:close/>
      </a:path>
      <a:path fill="none" extrusionOk="false">
<!-- stroke interior -->
        <a:moveTo>
          <a:pt x="x1" y="t"/>
        </a:moveTo>
        <a:lnTo>
          <a:pt x="x1" y="b"/>
        </a:lnTo>
        <a:moveTo>
          <a:pt x="x2" y="t"/>
        </a:moveTo>
        <a:lnTo>
          <a:pt x="x2" y="b"/>
        </a:lnTo>
      </a:path>
      <a:path fill="none">
<!-- stroke exterior, extrude -->
        <a:moveTo>
          <a:pt x="l" y="t"/>
        </a:moveTo>
        <a:lnTo>
          <a:pt x="r" y="t"/>
        </a:lnTo>
        <a:lnTo>
          <a:pt x="r" y="b"/>
        </a:lnTo>
        <a:lnTo>
          <a:pt x="l" y="b"/>
        </a:lnTo>
        <a:close/>
      </a:path>
    </a:pathLst>
</a:custGeom>
