<a:custGeom xmlns:a="http://schemas.openxmlformats.org/drawingml/2006/3/main">
    <a:gdLst>
      <a:gd name="x1" fmla="val ssd6"/>
      <a:gd name="x2" fmla="+- r 0 x1"/>
      <a:gd name="y1" fmla="val x1"/>
      <a:gd name="y2" fmla="+- b 0 y1"/>
      <a:gd name="il" fmla="+/ l x1 2"/>
      <a:gd name="it" fmla="+/ t y1 2"/>
      <a:gd name="ir" fmla="+/ x2 r 2"/>
      <a:gd name="ib" fmla="+/ y2 b 2"/>
    </a:gdLst>
    <a:rect l="il" t="it" r="ir" b="ib"/>
    <a:pathLst>
      <a:path>
        <a:moveTo>
          <a:pt x="l" y="y1"/>
        </a:moveTo>
        <a:arcTo wR="x1" hR="x1" stAng="cd2" swAng="cd4"/>
        <a:lnTo>
          <a:pt x="x2" y="t"/>
        </a:lnTo>
        <a:arcTo wR="x1" hR="x1" stAng="cd34" swAng="cd4"/>
        <a:lnTo>
          <a:pt x="r" y="y2"/>
        </a:lnTo>
        <a:arcTo wR="x1" hR="x1" stAng="0" swAng="cd4"/>
        <a:lnTo>
          <a:pt x="x1" y="b"/>
        </a:lnTo>
        <a:arcTo wR="x1" hR="x1" stAng="cd4" swAng="cd4"/>
        <a:close/>
      </a:path>
    </a:pathLst>
</a:custGeom>
