<a:custGeom xmlns:a="http://schemas.openxmlformats.org/drawingml/2006/main">
    <a:gdLst>
      <a:gd name="y2" fmla="val hd5"/>
      <a:gd name="y1" fmla="+/ t y2 2"/>
    </a:gdLst>
    <a:rect l="l" t="y2" r="r" b="b"/>
    <a:pathLst>
      <a:path>
        <a:moveTo>
          <a:pt x="l" y="y2"/>
        </a:moveTo>
        <a:lnTo>
          <a:pt x="r" y="t"/>
        </a:lnTo>
        <a:lnTo>
          <a:pt x="r" y="b"/>
        </a:lnTo>
        <a:lnTo>
          <a:pt x="l" y="b"/>
        </a:lnTo>
        <a:close/>
      </a:path>
    </a:pathLst>
</a:custGeom>
