<a:custGeom xmlns:a="http://schemas.openxmlformats.org/drawingml/2006/main">
    <a:gdLst>
      <a:gd name="y1" fmla="val wd10"/>
      <a:gd name="y2" fmla="+- b 0 y1"/>
      <a:gd name="it" fmla="+- y1 y1 0"/>
      <a:gd name="ib" fmla="+- y2 0 y1"/>
    </a:gdLst>
    <a:rect l="l" t="it" r="r" b="ib"/>
    <a:pathLst>
      <a:path>
        <a:moveTo>
          <a:pt x="l" y="y1"/>
        </a:moveTo>
        <a:arcTo wR="wd4" hR="y1" stAng="cd2" swAng="-10800000"/>
        <a:arcTo wR="wd4" hR="y1" stAng="cd2" swAng="cd2"/>
        <a:lnTo>
          <a:pt x="r" y="y2"/>
        </a:lnTo>
        <a:arcTo wR="wd4" hR="y1" stAng="0" swAng="-10800000"/>
        <a:arcTo wR="wd4" hR="y1" stAng="0" swAng="cd2"/>
        <a:close/>
      </a:path>
    </a:pathLst>
</a:custGeom>
