<a:custGeom xmlns:a="http://schemas.openxmlformats.org/drawingml/2006/3/main">
    <a:gdLst>
      <a:gd name="y1" fmla="val hd6"/>
      <a:gd name="y3" fmla="+- b 0 y1"/>
      <a:gd name="y2" fmla="+- y1 y1 0"/>
    </a:gdLst>
    <a:rect l="l" t="y2" r="r" b="y3"/>
    <a:pathLst>
      <a:path stroke="false" extrusionOk="false">
<!-- fill interior -->
        <a:moveTo>
          <a:pt x="l" y="y1"/>
        </a:moveTo>
        <a:arcTo wR="wd2" hR="y1" stAng="cd2" swAng="cd2"/>
        <a:lnTo>
          <a:pt x="r" y="y3"/>
        </a:lnTo>
        <a:arcTo wR="wd2" hR="y1" stAng="0" swAng="cd2"/>
        <a:close/>
      </a:path>
      <a:path fill="none" extrusionOk="false">
<!-- stroke interior -->
        <a:moveTo>
          <a:pt x="r" y="y1"/>
        </a:moveTo>
        <a:arcTo wR="wd2" hR="y1" stAng="0" swAng="cd2"/>
      </a:path>
      <a:path fill="none">
<!-- stroke exterior -->
        <a:moveTo>
          <a:pt x="l" y="y1"/>
        </a:moveTo>
        <a:arcTo wR="wd2" hR="y1" stAng="cd2" swAng="cd2"/>
        <a:lnTo>
          <a:pt x="r" y="y3"/>
        </a:lnTo>
        <a:arcTo wR="wd2" hR="y1" stAng="0" swAng="cd2"/>
        <a:close/>
      </a:path>
    </a:pathLst>
</a:custGeom>
