<a:custGeom xmlns:a="http://schemas.openxmlformats.org/drawingml/2006/3/main">
    <a:gdLst>
      <a:gd name="rt2" fmla="sqrt 2"/>
      <a:gd name="dx" fmla="*/ wd2 1 rt2"/>
      <a:gd name="dy" fmla="*/ hd2 1 rt2"/>
      <a:gd name="x1" fmla="+- hc 0 dx"/>
      <a:gd name="x2" fmla="+- hc dx 0"/>
      <a:gd name="y1" fmla="+- vc 0 dy"/>
      <a:gd name="y2" fmla="+- vc dy 0"/>
      <a:gd name="ang1" fmla="at2 w h"/>
      <a:gd name="ang2" fmla="+- cd2 0 ang1"/>
      <a:gd name="ang3" fmla="+- ang1 cd2 0"/>
      <a:gd name="ang4" fmla="+- ang2 cd2 0"/>
    </a:gdLst>
    <a:rect l="x1" t="y1" r="x2" b="y2"/>
    <a:pathLst>
      <a:path>
        <a:moveTo>
          <a:pt x="hc" y="b"/>
        </a:moveTo>
        <a:arcTo wR="wd2" hR="hd2" stAng="cd4" swAng="cd4"/>
        <a:arcTo wR="wd2" hR="hd2" stAng="cd2" swAng="cd4"/>
        <a:arcTo wR="wd2" hR="hd2" stAng="cd34" swAng="cd4"/>
        <a:arcTo wR="wd2" hR="hd2" stAng="0" swAng="ang1"/>
        <a:lnTo>
          <a:pt x="r" y="y2"/>
        </a:lnTo>
        <a:lnTo>
          <a:pt x="r" y="b"/>
        </a:lnTo>
        <a:close/>
      </a:path>
    </a:pathLst>
</a:custGeom>
