<a:custGeom xmlns:a="http://schemas.openxmlformats.org/drawingml/2006/3/main">
    <a:gdLst>
      <a:gd name="x2" fmla="val wd5"/>
      <a:gd name="x1" fmla="*/ x2 1 2"/>
      <a:gd name="x3" fmla="+- r 0 x2"/>
      <a:gd name="x4" fmla="+- r 0 x1"/>
    </a:gdLst>
    <a:rect l="x2" t="t" r="x3" b="b"/>
    <a:pathLst>
      <a:path>
        <a:moveTo>
          <a:pt x="l" y="t"/>
        </a:moveTo>
        <a:lnTo>
          <a:pt x="r" y="t"/>
        </a:lnTo>
        <a:lnTo>
          <a:pt x="x3" y="b"/>
        </a:lnTo>
        <a:lnTo>
          <a:pt x="x2" y="b"/>
        </a:lnTo>
        <a:close/>
      </a:path>
    </a:pathLst>
</a:custGeom>
