<a:custGeom xmlns:a="http://schemas.openxmlformats.org/drawingml/2006/3/main">
    <a:gdLst>
      <a:gd name="ir" fmla="+- r 0 wd4"/>
      <a:gd name="ib" fmla="+- b 0 hd4"/>
    </a:gdLst>
    <a:rect l="wd4" t="hd4" r="ir" b="ib"/>
    <a:pathLst>
      <a:path stroke="false" extrusionOk="false">
<!-- fill interior -->
        <a:moveTo>
          <a:pt x="l" y="vc"/>
        </a:moveTo>
        <a:lnTo>
          <a:pt x="hc" y="t"/>
        </a:lnTo>
        <a:lnTo>
          <a:pt x="r" y="vc"/>
        </a:lnTo>
        <a:lnTo>
          <a:pt x="hc" y="b"/>
        </a:lnTo>
        <a:close/>
      </a:path>
      <a:path fill="none" extrusionOk="false">
<!-- stroke interior -->
        <a:moveTo>
          <a:pt x="l" y="vc"/>
        </a:moveTo>
        <a:lnTo>
          <a:pt x="r" y="vc"/>
        </a:lnTo>
      </a:path>
      <a:path fill="none">
<!-- stroke exterior, extrude -->
        <a:moveTo>
          <a:pt x="l" y="vc"/>
        </a:moveTo>
        <a:lnTo>
          <a:pt x="hc" y="t"/>
        </a:lnTo>
        <a:lnTo>
          <a:pt x="r" y="vc"/>
        </a:lnTo>
        <a:lnTo>
          <a:pt x="hc" y="b"/>
        </a:lnTo>
        <a:close/>
      </a:path>
    </a:pathLst>
</a:custGeom>
