<a:custGeom xmlns:a="http://schemas.openxmlformats.org/drawingml/2006/main">
    <a:gdLst>
      <a:gd name="y1" fmla="*/ h 1815 21600"/>
      <a:gd name="y2" fmla="*/ h 3675 21600"/>
      <a:gd name="y3" fmla="*/ h 14392 21600"/>
      <a:gd name="y4" fmla="*/ h 14467 21600"/>
      <a:gd name="y5" fmla="*/ h 16252 21600"/>
      <a:gd name="y6" fmla="*/ h 16352 21600"/>
      <a:gd name="y7" fmla="*/ h 18022 21600"/>
      <a:gd name="y8" fmla="*/ h 20782 21600"/>
      <a:gd name="y9" fmla="*/ h 23542 21600"/>
      <a:gd name="x1" fmla="*/ w 1532 21600"/>
      <a:gd name="x2" fmla="*/ w 2972 21600"/>
      <a:gd name="x3" fmla="*/ w 9298 21600"/>
      <a:gd name="x4" fmla="*/ w 12286 21600"/>
      <a:gd name="x5" fmla="*/ w 18595 21600"/>
      <a:gd name="x6" fmla="*/ w 19298 21600"/>
      <a:gd name="x7" fmla="*/ w 20000 21600"/>
      <a:gd name="x8" fmla="*/ w 20800 21600"/>
    </a:gdLst>
    <a:rect l="l" t="y2" r="x5" b="y8"/>
    <a:pathLst>
      <a:path stroke="false" extrusionOk="false">
<!-- fill interior -->
        <a:moveTo>
          <a:pt x="l" y="y8"/>
        </a:moveTo>
        <a:cubicBezTo>
          <a:pt x="x3" y="y9"/>
          <a:pt x="x3" y="y7"/>
          <a:pt x="x5" y="y7"/>
        </a:cubicBezTo>
        <a:lnTo>
          <a:pt x="x5" y="y2"/>
        </a:lnTo>
        <a:lnTo>
          <a:pt x="l" y="y2"/>
        </a:lnTo>
        <a:close/>
        <a:moveTo>
          <a:pt x="x1" y="y2"/>
        </a:moveTo>
        <a:lnTo>
          <a:pt x="x1" y="y1"/>
        </a:lnTo>
        <a:lnTo>
          <a:pt x="x7" y="y1"/>
        </a:lnTo>
        <a:lnTo>
          <a:pt x="x7" y="y5"/>
        </a:lnTo>
        <a:cubicBezTo>
          <a:pt x="x6" y="y5"/>
          <a:pt x="x5" y="y6"/>
          <a:pt x="x5" y="y6"/>
        </a:cubicBezTo>
        <a:lnTo>
          <a:pt x="x5" y="y2"/>
        </a:lnTo>
        <a:close/>
        <a:moveTo>
          <a:pt x="x2" y="y1"/>
        </a:moveTo>
        <a:lnTo>
          <a:pt x="x2" y="t"/>
        </a:lnTo>
        <a:lnTo>
          <a:pt x="r" y="t"/>
        </a:lnTo>
        <a:lnTo>
          <a:pt x="r" y="y3"/>
        </a:lnTo>
        <a:cubicBezTo>
          <a:pt x="x8" y="y3"/>
          <a:pt x="x7" y="y4"/>
          <a:pt x="x7" y="y4"/>
        </a:cubicBezTo>
        <a:lnTo>
          <a:pt x="x7" y="y1"/>
        </a:lnTo>
        <a:close/>
      </a:path>
      <a:path fill="none" extrusionOk="false">
<!-- stroke interior & exterior -->
        <a:moveTo>
          <a:pt x="l" y="y2"/>
        </a:moveTo>
        <a:lnTo>
          <a:pt x="x5" y="y2"/>
        </a:lnTo>
        <a:lnTo>
          <a:pt x="x5" y="y7"/>
        </a:lnTo>
        <a:cubicBezTo>
          <a:pt x="x3" y="y7"/>
          <a:pt x="x3" y="y9"/>
          <a:pt x="l" y="y8"/>
        </a:cubicBezTo>
        <a:close/>
        <a:moveTo>
          <a:pt x="x1" y="y2"/>
        </a:moveTo>
        <a:lnTo>
          <a:pt x="x1" y="y1"/>
        </a:lnTo>
        <a:lnTo>
          <a:pt x="x7" y="y1"/>
        </a:lnTo>
        <a:lnTo>
          <a:pt x="x7" y="y5"/>
        </a:lnTo>
        <a:cubicBezTo>
          <a:pt x="x6" y="y5"/>
          <a:pt x="x5" y="y6"/>
          <a:pt x="x5" y="y6"/>
        </a:cubicBezTo>
        <a:moveTo>
          <a:pt x="x2" y="y1"/>
        </a:moveTo>
        <a:lnTo>
          <a:pt x="x2" y="t"/>
        </a:lnTo>
        <a:lnTo>
          <a:pt x="r" y="t"/>
        </a:lnTo>
        <a:lnTo>
          <a:pt x="r" y="y3"/>
        </a:lnTo>
        <a:cubicBezTo>
          <a:pt x="x8" y="y3"/>
          <a:pt x="x7" y="y4"/>
          <a:pt x="x7" y="y4"/>
        </a:cubicBezTo>
      </a:path>
      <a:path stroke="false" fill="none">
<!-- extrude -->
        <a:moveTo>
          <a:pt x="l" y="y8"/>
        </a:moveTo>
        <a:cubicBezTo>
          <a:pt x="x3" y="y9"/>
          <a:pt x="x3" y="y7"/>
          <a:pt x="x5" y="y7"/>
        </a:cubicBezTo>
        <a:lnTo>
          <a:pt x="x5" y="y6"/>
        </a:lnTo>
        <a:cubicBezTo>
          <a:pt x="x5" y="y6"/>
          <a:pt x="x6" y="y5"/>
          <a:pt x="x7" y="y5"/>
        </a:cubicBezTo>
        <a:lnTo>
          <a:pt x="x7" y="y4"/>
        </a:lnTo>
        <a:cubicBezTo>
          <a:pt x="x7" y="y4"/>
          <a:pt x="x8" y="y3"/>
          <a:pt x="r" y="y3"/>
        </a:cubicBezTo>
        <a:lnTo>
          <a:pt x="r" y="t"/>
        </a:lnTo>
        <a:lnTo>
          <a:pt x="x2" y="t"/>
        </a:lnTo>
        <a:lnTo>
          <a:pt x="x2" y="y1"/>
        </a:lnTo>
        <a:lnTo>
          <a:pt x="x1" y="y1"/>
        </a:lnTo>
        <a:lnTo>
          <a:pt x="x1" y="y2"/>
        </a:lnTo>
        <a:lnTo>
          <a:pt x="l" y="y2"/>
        </a:lnTo>
        <a:close/>
      </a:path>
    </a:pathLst>
</a:custGeom>
