<a:custGeom xmlns:a="http://schemas.openxmlformats.org/drawingml/2006/main">
    <a:gdLst>
      <a:gd name="idx" fmla="cos wd2 2700000"/>
      <a:gd name="idy" fmla="sin hd2 2700000"/>
      <a:gd name="ir" fmla="+- hc idx 0"/>
      <a:gd name="it" fmla="+- vc 0 idy"/>
      <a:gd name="ib" fmla="+- vc idy 0"/>
    </a:gdLst>
    <a:rect l="l" t="it" r="ir" b="ib"/>
    <a:pathLst>
      <a:path>
        <a:moveTo>
          <a:pt x="l" y="t"/>
        </a:moveTo>
        <a:lnTo>
          <a:pt x="hc" y="t"/>
        </a:lnTo>
        <a:arcTo wR="wd2" hR="hd2" stAng="cd34" swAng="cd2"/>
        <a:lnTo>
          <a:pt x="l" y="b"/>
        </a:lnTo>
        <a:close/>
      </a:path>
    </a:pathLst>
</a:custGeom>
