<a:custGeom xmlns:a="http://schemas.openxmlformats.org/drawingml/2006/3/main">
    <a:avLst>
      <a:gd name="adj" fmla="val 16667"/>
    </a:avLst>
    <a:gdLst>
      <a:gd name="a" fmla="pin 0 adj 50000"/>
      <a:gd name="dy2" fmla="*/ ss a 100000"/>
      <a:gd name="dy1" fmla="*/ dy2 1 5"/>
      <a:gd name="x1" fmla="+- r 0 dy2"/>
      <a:gd name="x2" fmla="+- x1 dy1 0"/>
      <a:gd name="y2" fmla="+- b 0 dy2"/>
      <a:gd name="y1" fmla="+- y2 dy1 0"/>
    </a:gdLst>
    <a:rect l="l" t="t" r="r" b="y2"/>
    <a:pathLst>
      <a:path stroke="false" extrusionOk="false">
<!-- front page -->
        <a:moveTo>
          <a:pt x="l" y="t"/>
        </a:moveTo>
        <a:lnTo>
          <a:pt x="r" y="t"/>
        </a:lnTo>
        <a:lnTo>
          <a:pt x="r" y="y2"/>
        </a:lnTo>
        <a:lnTo>
          <a:pt x="x1" y="b"/>
        </a:lnTo>
        <a:lnTo>
          <a:pt x="l" y="b"/>
        </a:lnTo>
        <a:close/>
      </a:path>
      <a:path stroke="false" fill="darkenLess" extrusionOk="false">
<!-- back corner -->
        <a:moveTo>
          <a:pt x="x1" y="b"/>
        </a:moveTo>
        <a:lnTo>
          <a:pt x="x2" y="y1"/>
        </a:lnTo>
        <a:lnTo>
          <a:pt x="r" y="y2"/>
        </a:lnTo>
        <a:close/>
      </a:path>
      <a:path fill="none" extrusionOk="false">
        <a:moveTo>
          <a:pt x="x1" y="b"/>
        </a:moveTo>
        <a:lnTo>
          <a:pt x="x2" y="y1"/>
        </a:lnTo>
        <a:lnTo>
          <a:pt x="r" y="y2"/>
        </a:lnTo>
        <a:lnTo>
          <a:pt x="x1" y="b"/>
        </a:lnTo>
        <a:lnTo>
          <a:pt x="l" y="b"/>
        </a:lnTo>
        <a:lnTo>
          <a:pt x="l" y="t"/>
        </a:lnTo>
        <a:lnTo>
          <a:pt x="r" y="t"/>
        </a:lnTo>
        <a:lnTo>
          <a:pt x="r" y="y2"/>
        </a:lnTo>
      </a:path>
    </a:pathLst>
</a:custGeom>
