<a:custGeom xmlns:a="http://schemas.openxmlformats.org/drawingml/2006/3/main">
    <a:avLst>
      <a:gd name="adj1" fmla="val 12500"/>
<!-- width of frame -->
    </a:avLst>
    <a:gdLst>
      <a:gd name="a1" fmla="pin 0 adj1 50000"/>
      <a:gd name="x1" fmla="*/ ss a1 100000"/>
<!-- inside left frame -->
      <a:gd name="x4" fmla="+- r 0 x1"/>
<!-- inside right frame -->
<!-- y1 == x1 -->
<!-- inside top frame -->
      <a:gd name="y4" fmla="+- b 0 x1"/>
<!-- inside bottom frame -->
    </a:gdLst>
    <a:rect l="x1" t="x1" r="x4" b="y4"/>
    <a:pathLst>
      <a:path>
<!-- front face -->
        <a:moveTo>
          <a:pt x="l" y="t"/>
        </a:moveTo>
        <a:lnTo>
          <a:pt x="r" y="t"/>
        </a:lnTo>
        <a:lnTo>
          <a:pt x="r" y="b"/>
        </a:lnTo>
        <a:lnTo>
          <a:pt x="l" y="b"/>
        </a:lnTo>
        <a:close/>
        <a:moveTo>
          <a:pt x="x1" y="x1"/>
        </a:moveTo>
        <a:lnTo>
          <a:pt x="x1" y="y4"/>
        </a:lnTo>
        <a:lnTo>
          <a:pt x="x4" y="y4"/>
        </a:lnTo>
        <a:lnTo>
          <a:pt x="x4" y="x1"/>
        </a:lnTo>
        <a:close/>
      </a:path>
    </a:pathLst>
</a:custGeom>
