<a:custGeom xmlns:a="http://schemas.openxmlformats.org/drawingml/2006/3/main">
    <a:gdLst>
<!--distance between biggest ellipse and medium one -->
      <a:gd name="d" fmla="*/ ss 1 20"/>
<!-- radius for the medium ellipse-->
      <a:gd name="rw2" fmla="+- wd2 0 d"/>
<!-- wd2 represents the width radius for the biggest ellipse-->
      <a:gd name="rh2" fmla="+- hd4 0 d"/>
<!-- hd4 represents the height radius for the biggest ellipse-->
<!-- adjustment for the start angle of the biggest and smallest ellipse-->
      <a:gd name="t1" fmla="cos wd2 480000"/>
<!-- 8 degrees -->
      <a:gd name="t2" fmla="sin hd4 480000"/>
<!-- 8 degrees -->
      <a:gd name="da" fmla="at2 t1 t2"/>
<!-- start angle and length for the biggest ellipse-->
      <a:gd name="2da" fmla="*/ da 2 1"/>
      <a:gd name="stAng1" fmla="+- cd2 0 da"/>
      <a:gd name="swAng1" fmla="+- cd2 2da 0"/>
<!-- length for the smallest ellipse-->
      <a:gd name="swAng3" fmla="+- cd2 0 2da"/>
<!-- radius for the smallest ellipse-->
      <a:gd name="rw3" fmla="*/ wd2 1 4"/>
      <a:gd name="rh3" fmla="*/ hd4 1 4"/>
<!-- start point for the biggest ellipse-->
      <a:gd name="ct1" fmla="cos hd4 stAng1"/>
      <a:gd name="st1" fmla="sin wd2 stAng1"/>
      <a:gd name="m1" fmla="mod ct1 st1 0"/>
      <a:gd name="n1" fmla="*/ wd2 hd4 m1"/>
      <a:gd name="dx1" fmla="cos n1 stAng1"/>
      <a:gd name="dy1" fmla="sin n1 stAng1"/>
      <a:gd name="x1" fmla="+- hc dx1 0"/>
      <a:gd name="y1" fmla="+- hd4 dy1 0"/>
<!-- start point for the smallest ellipse-->
      <a:gd name="ct3" fmla="cos rh3 da"/>
      <a:gd name="st3" fmla="sin rw3 da"/>
      <a:gd name="m3" fmla="mod ct3 st3 0"/>
      <a:gd name="n3" fmla="*/ rw3 rh3 m3"/>
      <a:gd name="dx3" fmla="cos n3 da"/>
      <a:gd name="dy3" fmla="sin n3 da"/>
      <a:gd name="x3" fmla="+- hc dx3 0"/>
      <a:gd name="vc3" fmla="+- b 0 rh3"/>
      <a:gd name="y2" fmla="+- vc3 dy3 0"/>
<!--start point for the medium ellipse-->
      <a:gd name="x2" fmla="+- wd2 0 rw2"/>
      <a:gd name="cd" fmla="*/ cd2 2 1"/>
    </a:gdLst>
    <a:rect l="l" t="t" r="r" b="b"/>
    <a:pathLst>
      <a:path>
        <a:moveTo>
          <a:pt x="x1" y="y1"/>
        </a:moveTo>
        <a:arcTo hR="hd4" wR="wd2" stAng="stAng1" swAng="swAng1"/>
        <a:lnTo>
          <a:pt x="x3" y="y2"/>
        </a:lnTo>
        <a:arcTo hR="rh3" wR="rw3" stAng="da" swAng="swAng3"/>
        <a:close/>
        <a:moveTo>
          <a:pt x="x2" y="hd4"/>
        </a:moveTo>
        <a:arcTo hR="rh2" wR="rw2" stAng="cd2" swAng="-21600000"/>
        <a:close/>
      </a:path>
    </a:pathLst>
</a:custGeom>
