<a:custGeom xmlns:a="http://schemas.openxmlformats.org/drawingml/2006/main">
    <a:avLst>
      <a:gd name="adj1" fmla="val 15000"/>
<!-- height of the trapezoid -->
      <a:gd name="adj2" fmla="val 3526"/>
<!-- angle of the trapezoid  (80 degrees)-->
    </a:avLst>
    <a:gdLst>
<!-- I put a letter on each vertex of the trapezoid, staring from the left-down one(A) and going into clockwise direction-->
<!-- if the x or y value for a point is hard coded, or it's equal to the value for other point, already defined, I don't define it-->
<!-- E and F are the projection of A and C on [AD]-->
      <a:gd name="a1" fmla="pin 0 adj1 20000"/>
      <a:gd name="a2" fmla="pin 0 adj2 5358"/>
<!-- trapezoid height-->
      <a:gd name="th" fmla="*/ ss a1 100000"/>
      <a:gd name="lFD" fmla="*/ ss a2 100000"/>
      <a:gd name="th2" fmla="*/ th 1 2"/>
      <a:gd name="l2" fmla="*/ lFD 1 2"/>
      <a:gd name="l3" fmla="+- th2 l2 0"/>
<!--radius-->
      <a:gd name="rh" fmla="+- hd2 0 th"/>
      <a:gd name="rw" fmla="+- wd2 0 th"/>
<!-- angle for the head -->
      <a:gd name="dr" fmla="+- rw 0 rh"/>
      <a:gd name="maxr" fmla="?: dr rh rw"/>
      <a:gd name="ha" fmla="at2 maxr l3"/>
<!-- first trapezoid (at 330 degree)-->
      <a:gd name="aA1" fmla="+- 19800000 0 ha"/>
      <a:gd name="aD1" fmla="+- 19800000 ha 0"/>
<!-- A -->
      <a:gd name="ta11" fmla="cos rw aA1"/>
      <a:gd name="ta12" fmla="sin rh aA1"/>
      <a:gd name="bA1" fmla="at2 ta11 ta12"/>
      <a:gd name="cta1" fmla="cos rh bA1"/>
      <a:gd name="sta1" fmla="sin rw bA1"/>
      <a:gd name="ma1" fmla="mod cta1 sta1 0"/>
      <a:gd name="na1" fmla="*/ rw rh ma1"/>
      <a:gd name="dxa1" fmla="cos na1 bA1"/>
      <a:gd name="dya1" fmla="sin na1 bA1"/>
      <a:gd name="xA1" fmla="+- hc dxa1 0"/>
      <a:gd name="yA1" fmla="+- vc dya1 0"/>
<!-- D -->
      <a:gd name="td11" fmla="cos rw aD1"/>
      <a:gd name="td12" fmla="sin rh aD1"/>
      <a:gd name="bD1" fmla="at2 td11 td12"/>
      <a:gd name="ctd1" fmla="cos rh bD1"/>
      <a:gd name="std1" fmla="sin rw bD1"/>
      <a:gd name="md1" fmla="mod ctd1 std1 0"/>
      <a:gd name="nd1" fmla="*/ rw rh md1"/>
      <a:gd name="dxd1" fmla="cos nd1 bD1"/>
      <a:gd name="dyd1" fmla="sin nd1 bD1"/>
      <a:gd name="xD1" fmla="+- hc dxd1 0"/>
      <a:gd name="yD1" fmla="+- vc dyd1 0"/>
<!--length of AD-->
      <a:gd name="xAD1" fmla="+- xA1 0 xD1"/>
      <a:gd name="yAD1" fmla="+- yA1 0 yD1"/>
      <a:gd name="lAD1" fmla="mod xAD1 yAD1 0"/>
      <a:gd name="a1" fmla="at2 yAD1 xAD1"/>
<!-- F -->
      <a:gd name="dxF1" fmla="sin lFD a1"/>
      <a:gd name="dyF1" fmla="cos lFD a1"/>
      <a:gd name="xF1" fmla="+- xD1 dxF1 0"/>
      <a:gd name="yF1" fmla="+- yD1 dyF1 0"/>
      <a:gd name="xE1" fmla="+- xA1 0 dxF1"/>
      <a:gd name="yE1" fmla="+- yA1 0 dyF1"/>
<!-- C-->
      <a:gd name="yC1t" fmla="sin th a1"/>
      <a:gd name="xC1t" fmla="cos th a1"/>
      <a:gd name="yC1" fmla="+- yF1 yC1t 0"/>
      <a:gd name="xC1" fmla="+- xF1 0 xC1t"/>
<!-- B-->
      <a:gd name="yB1" fmla="+- yE1 yC1t 0"/>
      <a:gd name="xB1" fmla="+- xE1 0 xC1t"/>
<!-- last trapezoid (at 270 degree)-->
      <a:gd name="aD6" fmla="+- cd34 ha 0"/>
<!-- D -->
      <a:gd name="td61" fmla="cos rw aD6"/>
      <a:gd name="td62" fmla="sin rh aD6"/>
      <a:gd name="bD6" fmla="at2 td61 td62"/>
      <a:gd name="ctd6" fmla="cos rh bD6"/>
      <a:gd name="std6" fmla="sin rw bD6"/>
      <a:gd name="md6" fmla="mod ctd6 std6 0"/>
      <a:gd name="nd6" fmla="*/ rw rh md6"/>
      <a:gd name="dxd6" fmla="cos nd6 bD6"/>
      <a:gd name="dyd6" fmla="sin nd6 bD6"/>
      <a:gd name="xD6" fmla="+- hc dxd6 0"/>
      <a:gd name="yD6" fmla="+- vc dyd6 0"/>
<!-- A = vertical image of A-->
      <a:gd name="xA6" fmla="+- hc 0 dxd6"/>
<!-- F -->
      <a:gd name="xF6" fmla="+- xD6 0 lFD"/>
      <a:gd name="xE6" fmla="+- xA6 lFD 0"/>
<!-- C-->
      <a:gd name="yC6" fmla="+- yD6 0 th"/>
      <a:gd name="swAng1" fmla="+- bA1 0 bD6"/>
<!-- second trapezoid (at 30 degree). This trapezoid is the horizontal reflecion of the first trapezoid-->
      <a:gd name="aA2" fmla="+- 1800000 0 ha"/>
      <a:gd name="aD2" fmla="+- 1800000 ha 0"/>
<!-- A -->
      <a:gd name="ta21" fmla="cos rw aA2"/>
      <a:gd name="ta22" fmla="sin rh aA2"/>
      <a:gd name="bA2" fmla="at2 ta21 ta22"/>
      <a:gd name="yA2" fmla="+- h 0 yD1"/>
<!-- D -->
      <a:gd name="td21" fmla="cos rw aD2"/>
      <a:gd name="td22" fmla="sin rh aD2"/>
      <a:gd name="bD2" fmla="at2 td21 td22"/>
      <a:gd name="yD2" fmla="+- h 0 yA1"/>
<!-- C-->
      <a:gd name="yC2" fmla="+- h 0 yB1"/>
<!-- B-->
      <a:gd name="yB2" fmla="+- h 0 yC1"/>
      <a:gd name="xB2" fmla="val xC1"/>
      <a:gd name="swAng2" fmla="+- bA2 0 bD1"/>
<!-- thirh trapezoid (at 90 degree). This trapezoid is the horizontal reflecion of the last trapezoid-->
      <a:gd name="aD3" fmla="+- cd4 ha 0"/>
      <a:gd name="td31" fmla="cos rw aD3"/>
      <a:gd name="td32" fmla="sin rh aD3"/>
      <a:gd name="bD3" fmla="at2 td31 td32"/>
<!-- D -->
      <a:gd name="yD3" fmla="+- h 0 yD6"/>
<!-- B-->
      <a:gd name="yB3" fmla="+- h 0 yC6"/>
<!-- fourth trapezoid (at 150 degree). This trapezoid is the vertical reflecion of the second trapezoid-->
      <a:gd name="aD4" fmla="+- 9000000 ha 0"/>
      <a:gd name="td41" fmla="cos rw aD4"/>
      <a:gd name="td42" fmla="sin rh aD4"/>
      <a:gd name="bD4" fmla="at2 td41 td42"/>
<!-- D -->
      <a:gd name="xD4" fmla="+- w 0 xD1"/>
<!-- C-->
      <a:gd name="xC4" fmla="+- w 0 xC1"/>
<!-- B-->
      <a:gd name="xB4" fmla="+- w 0 xB1"/>
<!-- fifth trapezoid (at 210 degree). This trapezoid is the vertical reflecion of the first trapezoid-->
      <a:gd name="aD5" fmla="+- 12600000 ha 0"/>
      <a:gd name="td51" fmla="cos rw aD5"/>
      <a:gd name="td52" fmla="sin rh aD5"/>
      <a:gd name="bD5" fmla="at2 td51 td52"/>
<!-- D -->
      <a:gd name="xD5" fmla="+- w 0 xA1"/>
<!-- C-->
      <a:gd name="xC5" fmla="+- w 0 xB1"/>
<!-- B-->
      <a:gd name="xB5" fmla="+- w 0 xC1"/>
<!-- connection points -->
      <a:gd name="xCxn1" fmla="+/ xB1 xC1 2"/>
      <a:gd name="yCxn1" fmla="+/ yB1 yC1 2"/>
      <a:gd name="yCxn2" fmla="+- b 0 yCxn1"/>
      <a:gd name="xCxn4" fmla="+/ r 0 xCxn1"/>
    </a:gdLst>
    <a:rect l="xD5" t="yA1" r="xA1" b="yD2"/>
    <a:pathLst>
      <a:path>
        <a:moveTo>
          <a:pt x="xA1" y="yA1"/>
        </a:moveTo>
        <a:lnTo>
          <a:pt x="xB1" y="yB1"/>
        </a:lnTo>
        <a:lnTo>
          <a:pt x="xC1" y="yC1"/>
        </a:lnTo>
        <a:lnTo>
          <a:pt x="xD1" y="yD1"/>
        </a:lnTo>
        <a:arcTo hR="rh" wR="rw" stAng="bD1" swAng="swAng2"/>
        <a:lnTo>
          <a:pt x="xC1" y="yB2"/>
        </a:lnTo>
        <a:lnTo>
          <a:pt x="xB1" y="yC2"/>
        </a:lnTo>
        <a:lnTo>
          <a:pt x="xA1" y="yD2"/>
        </a:lnTo>
        <a:arcTo hR="rh" wR="rw" stAng="bD2" swAng="swAng1"/>
        <a:lnTo>
          <a:pt x="xF6" y="yB3"/>
        </a:lnTo>
        <a:lnTo>
          <a:pt x="xE6" y="yB3"/>
        </a:lnTo>
        <a:lnTo>
          <a:pt x="xA6" y="yD3"/>
        </a:lnTo>
        <a:arcTo hR="rh" wR="rw" stAng="bD3" swAng="swAng1"/>
        <a:lnTo>
          <a:pt x="xB4" y="yC2"/>
        </a:lnTo>
        <a:lnTo>
          <a:pt x="xC4" y="yB2"/>
        </a:lnTo>
        <a:lnTo>
          <a:pt x="xD4" y="yA2"/>
        </a:lnTo>
        <a:arcTo hR="rh" wR="rw" stAng="bD4" swAng="swAng2"/>
        <a:lnTo>
          <a:pt x="xB5" y="yC1"/>
        </a:lnTo>
        <a:lnTo>
          <a:pt x="xC5" y="yB1"/>
        </a:lnTo>
        <a:lnTo>
          <a:pt x="xD5" y="yA1"/>
        </a:lnTo>
        <a:arcTo hR="rh" wR="rw" stAng="bD5" swAng="swAng1"/>
        <a:lnTo>
          <a:pt x="xE6" y="yC6"/>
        </a:lnTo>
        <a:lnTo>
          <a:pt x="xF6" y="yC6"/>
        </a:lnTo>
        <a:lnTo>
          <a:pt x="xD6" y="yD6"/>
        </a:lnTo>
        <a:arcTo hR="rh" wR="rw" stAng="bD6" swAng="swAng1"/>
        <a:close/>
      </a:path>
    </a:pathLst>
</a:custGeom>
