<a:custGeom xmlns:a="http://schemas.openxmlformats.org/drawingml/2006/3/main">
    <a:avLst>
      <a:gd name="adj1" fmla="val 10000"/>
<!-- height of the trapezoid -->
      <a:gd name="adj2" fmla="val 1763"/>
<!-- angle of the trapezoid (80 degrees)-->
    </a:avLst>
    <a:gdLst>
<!-- I put a letter on each vertex of the trapezoid, staring from the left-down one(A) and going into clockwise direction-->
<!-- if the x or y value for a point is hard coded, or it's equal to the value for other point, already defined, I don't define it-->
<!-- E and F are the projection of A and C on [AD]-->
      <a:gd name="a1" fmla="pin 0 adj1 20000"/>
      <a:gd name="a2" fmla="pin 0 adj2 2679"/>
<!-- trapezoid height-->
      <a:gd name="th" fmla="*/ ss a1 100000"/>
      <a:gd name="lFD" fmla="*/ ss a2 100000"/>
      <a:gd name="th2" fmla="*/ th 1 2"/>
      <a:gd name="l2" fmla="*/ lFD 1 2"/>
      <a:gd name="l3" fmla="+- th2 l2 0"/>
<!--radius-->
      <a:gd name="rh" fmla="+- hd2 0 th"/>
      <a:gd name="rw" fmla="+- wd2 0 th"/>
<!-- angle for the head -->
      <a:gd name="dr" fmla="+- rw 0 rh"/>
      <a:gd name="maxr" fmla="?: dr rh rw"/>
      <a:gd name="ha" fmla="at2 maxr l3"/>
<!-- first trapezoid (at 310 degree)-->
      <a:gd name="aA1" fmla="+- 18600000 0 ha"/>
      <a:gd name="aD1" fmla="+- 18600000 ha 0"/>
<!-- A -->
      <a:gd name="ta11" fmla="cos rw aA1"/>
      <a:gd name="ta12" fmla="sin rh aA1"/>
      <a:gd name="bA1" fmla="at2 ta11 ta12"/>
      <a:gd name="cta1" fmla="cos rh bA1"/>
      <a:gd name="sta1" fmla="sin rw bA1"/>
      <a:gd name="ma1" fmla="mod cta1 sta1 0"/>
      <a:gd name="na1" fmla="*/ rw rh ma1"/>
      <a:gd name="dxa1" fmla="cos na1 bA1"/>
      <a:gd name="dya1" fmla="sin na1 bA1"/>
      <a:gd name="xA1" fmla="+- hc dxa1 0"/>
      <a:gd name="yA1" fmla="+- vc dya1 0"/>
<!-- D -->
      <a:gd name="td11" fmla="cos rw aD1"/>
      <a:gd name="td12" fmla="sin rh aD1"/>
      <a:gd name="bD1" fmla="at2 td11 td12"/>
      <a:gd name="ctd1" fmla="cos rh bD1"/>
      <a:gd name="std1" fmla="sin rw bD1"/>
      <a:gd name="md1" fmla="mod ctd1 std1 0"/>
      <a:gd name="nd1" fmla="*/ rw rh md1"/>
      <a:gd name="dxd1" fmla="cos nd1 bD1"/>
      <a:gd name="dyd1" fmla="sin nd1 bD1"/>
      <a:gd name="xD1" fmla="+- hc dxd1 0"/>
      <a:gd name="yD1" fmla="+- vc dyd1 0"/>
<!--length of AD-->
      <a:gd name="xAD1" fmla="+- xA1 0 xD1"/>
      <a:gd name="yAD1" fmla="+- yA1 0 yD1"/>
      <a:gd name="lAD1" fmla="mod xAD1 yAD1 0"/>
      <a:gd name="a1" fmla="at2 yAD1 xAD1"/>
<!-- F -->
      <a:gd name="dxF1" fmla="sin lFD a1"/>
      <a:gd name="dyF1" fmla="cos lFD a1"/>
      <a:gd name="xF1" fmla="+- xD1 dxF1 0"/>
      <a:gd name="yF1" fmla="+- yD1 dyF1 0"/>
      <a:gd name="xE1" fmla="+- xA1 0 dxF1"/>
      <a:gd name="yE1" fmla="+- yA1 0 dyF1"/>
<!-- C-->
      <a:gd name="yC1t" fmla="sin th a1"/>
      <a:gd name="xC1t" fmla="cos th a1"/>
      <a:gd name="yC1" fmla="+- yF1 yC1t 0"/>
      <a:gd name="xC1" fmla="+- xF1 0 xC1t"/>
<!-- B-->
      <a:gd name="yB1" fmla="+- yE1 yC1t 0"/>
      <a:gd name="xB1" fmla="+- xE1 0 xC1t"/>
<!-- second trapezoid (at 350 degree)-->
      <a:gd name="aA2" fmla="+- 21000000 0 ha"/>
      <a:gd name="aD2" fmla="+- 21000000 ha 0"/>
<!-- A -->
      <a:gd name="ta21" fmla="cos rw aA2"/>
      <a:gd name="ta22" fmla="sin rh aA2"/>
      <a:gd name="bA2" fmla="at2 ta21 ta22"/>
      <a:gd name="cta2" fmla="cos rh bA2"/>
      <a:gd name="sta2" fmla="sin rw bA2"/>
      <a:gd name="ma2" fmla="mod cta2 sta2 0"/>
      <a:gd name="na2" fmla="*/ rw rh ma2"/>
      <a:gd name="dxa2" fmla="cos na2 bA2"/>
      <a:gd name="dya2" fmla="sin na2 bA2"/>
      <a:gd name="xA2" fmla="+- hc dxa2 0"/>
      <a:gd name="yA2" fmla="+- vc dya2 0"/>
<!-- D -->
      <a:gd name="td21" fmla="cos rw aD2"/>
      <a:gd name="td22" fmla="sin rh aD2"/>
      <a:gd name="bD2" fmla="at2 td21 td22"/>
      <a:gd name="ctd2" fmla="cos rh bD2"/>
      <a:gd name="std2" fmla="sin rw bD2"/>
      <a:gd name="md2" fmla="mod ctd2 std2 0"/>
      <a:gd name="nd2" fmla="*/ rw rh md2"/>
      <a:gd name="dxd2" fmla="cos nd2 bD2"/>
      <a:gd name="dyd2" fmla="sin nd2 bD2"/>
      <a:gd name="xD2" fmla="+- hc dxd2 0"/>
      <a:gd name="yD2" fmla="+- vc dyd2 0"/>
<!--length of AD-->
      <a:gd name="xAD2" fmla="+- xA2 0 xD2"/>
      <a:gd name="yAD2" fmla="+- yA2 0 yD2"/>
      <a:gd name="lAD2" fmla="mod xAD2 yAD2 0"/>
      <a:gd name="a2" fmla="at2 yAD2 xAD2"/>
<!-- F -->
      <a:gd name="dxF2" fmla="sin lFD a2"/>
      <a:gd name="dyF2" fmla="cos lFD a2"/>
      <a:gd name="xF2" fmla="+- xD2 dxF2 0"/>
      <a:gd name="yF2" fmla="+- yD2 dyF2 0"/>
      <a:gd name="xE2" fmla="+- xA2 0 dxF2"/>
      <a:gd name="yE2" fmla="+- yA2 0 dyF2"/>
<!-- C-->
      <a:gd name="yC2t" fmla="sin th a2"/>
      <a:gd name="xC2t" fmla="cos th a2"/>
      <a:gd name="yC2" fmla="+- yF2 yC2t 0"/>
      <a:gd name="xC2" fmla="+- xF2 0 xC2t"/>
<!-- B-->
      <a:gd name="yB2" fmla="+- yE2 yC2t 0"/>
      <a:gd name="xB2" fmla="+- xE2 0 xC2t"/>
      <a:gd name="swAng1" fmla="+- bA2 0 bD1"/>
<!-- third trapezoid (at 30 degree)-->
      <a:gd name="aA3" fmla="+- 1800000 0 ha"/>
      <a:gd name="aD3" fmla="+- 1800000 ha 0"/>
<!-- A -->
      <a:gd name="ta31" fmla="cos rw aA3"/>
      <a:gd name="ta32" fmla="sin rh aA3"/>
      <a:gd name="bA3" fmla="at2 ta31 ta32"/>
      <a:gd name="cta3" fmla="cos rh bA3"/>
      <a:gd name="sta3" fmla="sin rw bA3"/>
      <a:gd name="ma3" fmla="mod cta3 sta3 0"/>
      <a:gd name="na3" fmla="*/ rw rh ma3"/>
      <a:gd name="dxa3" fmla="cos na3 bA3"/>
      <a:gd name="dya3" fmla="sin na3 bA3"/>
      <a:gd name="xA3" fmla="+- hc dxa3 0"/>
      <a:gd name="yA3" fmla="+- vc dya3 0"/>
<!-- D -->
      <a:gd name="td31" fmla="cos rw aD3"/>
      <a:gd name="td32" fmla="sin rh aD3"/>
      <a:gd name="bD3" fmla="at2 td31 td32"/>
      <a:gd name="ctd3" fmla="cos rh bD3"/>
      <a:gd name="std3" fmla="sin rw bD3"/>
      <a:gd name="md3" fmla="mod ctd3 std3 0"/>
      <a:gd name="nd3" fmla="*/ rw rh md3"/>
      <a:gd name="dxd3" fmla="cos nd3 bD3"/>
      <a:gd name="dyd3" fmla="sin nd3 bD3"/>
      <a:gd name="xD3" fmla="+- hc dxd3 0"/>
      <a:gd name="yD3" fmla="+- vc dyd3 0"/>
<!--length of AD-->
      <a:gd name="xAD3" fmla="+- xA3 0 xD3"/>
      <a:gd name="yAD3" fmla="+- yA3 0 yD3"/>
      <a:gd name="lAD3" fmla="mod xAD3 yAD3 0"/>
      <a:gd name="a3" fmla="at2 yAD3 xAD3"/>
<!-- F -->
      <a:gd name="dxF3" fmla="sin lFD a3"/>
      <a:gd name="dyF3" fmla="cos lFD a3"/>
      <a:gd name="xF3" fmla="+- xD3 dxF3 0"/>
      <a:gd name="yF3" fmla="+- yD3 dyF3 0"/>
      <a:gd name="xE3" fmla="+- xA3 0 dxF3"/>
      <a:gd name="yE3" fmla="+- yA3 0 dyF3"/>
<!-- C-->
      <a:gd name="yC3t" fmla="sin th a3"/>
      <a:gd name="xC3t" fmla="cos th a3"/>
      <a:gd name="yC3" fmla="+- yF3 yC3t 0"/>
      <a:gd name="xC3" fmla="+- xF3 0 xC3t"/>
<!-- B-->
      <a:gd name="yB3" fmla="+- yE3 yC3t 0"/>
      <a:gd name="xB3" fmla="+- xE3 0 xC3t"/>
      <a:gd name="swAng2" fmla="+- bA3 0 bD2"/>
<!-- fourth trapezoid (at 70 degree)-->
      <a:gd name="aA4" fmla="+- 4200000 0 ha"/>
      <a:gd name="aD4" fmla="+- 4200000 ha 0"/>
<!-- A -->
      <a:gd name="ta41" fmla="cos rw aA4"/>
      <a:gd name="ta42" fmla="sin rh aA4"/>
      <a:gd name="bA4" fmla="at2 ta41 ta42"/>
      <a:gd name="cta4" fmla="cos rh bA4"/>
      <a:gd name="sta4" fmla="sin rw bA4"/>
      <a:gd name="ma4" fmla="mod cta4 sta4 0"/>
      <a:gd name="na4" fmla="*/ rw rh ma4"/>
      <a:gd name="dxa4" fmla="cos na4 bA4"/>
      <a:gd name="dya4" fmla="sin na4 bA4"/>
      <a:gd name="xA4" fmla="+- hc dxa4 0"/>
      <a:gd name="yA4" fmla="+- vc dya4 0"/>
<!-- D -->
      <a:gd name="td41" fmla="cos rw aD4"/>
      <a:gd name="td42" fmla="sin rh aD4"/>
      <a:gd name="bD4" fmla="at2 td41 td42"/>
      <a:gd name="ctd4" fmla="cos rh bD4"/>
      <a:gd name="std4" fmla="sin rw bD4"/>
      <a:gd name="md4" fmla="mod ctd4 std4 0"/>
      <a:gd name="nd4" fmla="*/ rw rh md4"/>
      <a:gd name="dxd4" fmla="cos nd4 bD4"/>
      <a:gd name="dyd4" fmla="sin nd4 bD4"/>
      <a:gd name="xD4" fmla="+- hc dxd4 0"/>
      <a:gd name="yD4" fmla="+- vc dyd4 0"/>
<!--length of AD-->
      <a:gd name="xAD4" fmla="+- xA4 0 xD4"/>
      <a:gd name="yAD4" fmla="+- yA4 0 yD4"/>
      <a:gd name="lAD4" fmla="mod xAD4 yAD4 0"/>
      <a:gd name="a4" fmla="at2 yAD4 xAD4"/>
<!-- F -->
      <a:gd name="dxF4" fmla="sin lFD a4"/>
      <a:gd name="dyF4" fmla="cos lFD a4"/>
      <a:gd name="xF4" fmla="+- xD4 dxF4 0"/>
      <a:gd name="yF4" fmla="+- yD4 dyF4 0"/>
      <a:gd name="xE4" fmla="+- xA4 0 dxF4"/>
      <a:gd name="yE4" fmla="+- yA4 0 dyF4"/>
<!-- C-->
      <a:gd name="yC4t" fmla="sin th a4"/>
      <a:gd name="xC4t" fmla="cos th a4"/>
      <a:gd name="yC4" fmla="+- yF4 yC4t 0"/>
      <a:gd name="xC4" fmla="+- xF4 0 xC4t"/>
<!-- B-->
      <a:gd name="yB4" fmla="+- yE4 yC4t 0"/>
      <a:gd name="xB4" fmla="+- xE4 0 xC4t"/>
      <a:gd name="swAng3" fmla="+- bA4 0 bD3"/>
<!-- fifth trapezoid (at 110 degree). This trapezoid is the vertical reflecion of the fourth trapezoid-->
      <a:gd name="aA5" fmla="+- 6600000 0 ha"/>
      <a:gd name="aD5" fmla="+- 6600000 ha 0"/>
      <a:gd name="ta51" fmla="cos rw aA5"/>
      <a:gd name="ta52" fmla="sin rh aA5"/>
      <a:gd name="bA5" fmla="at2 ta51 ta52"/>
      <a:gd name="td51" fmla="cos rw aD5"/>
      <a:gd name="td52" fmla="sin rh aD5"/>
      <a:gd name="bD5" fmla="at2 td51 td52"/>
<!-- D -->
      <a:gd name="xD5" fmla="+- w 0 xA4"/>
<!-- C-->
      <a:gd name="xC5" fmla="+- w 0 xB4"/>
<!-- B-->
      <a:gd name="xB5" fmla="+- w 0 xC4"/>
      <a:gd name="swAng4" fmla="+- bA5 0 bD4"/>
<!-- sixth trapezoid (at 150 degree).This trapezoid is the vertical reflecion of the third trapezoid-->
      <a:gd name="aD6" fmla="+- 9000000 ha 0"/>
      <a:gd name="td61" fmla="cos rw aD6"/>
      <a:gd name="td62" fmla="sin rh aD6"/>
      <a:gd name="bD6" fmla="at2 td61 td62"/>
<!-- D -->
      <a:gd name="xD6" fmla="+- w 0 xA3"/>
<!-- C-->
      <a:gd name="xC6" fmla="+- w 0 xB3"/>
<!-- B-->
      <a:gd name="xB6" fmla="+- w 0 xC3"/>
<!-- seventh trapezoid (at 190 degree). This trapezoid is the vertical reflecion of the second trapezoid-->
      <a:gd name="aD7" fmla="+- 11400000 ha 0"/>
      <a:gd name="td71" fmla="cos rw aD7"/>
      <a:gd name="td72" fmla="sin rh aD7"/>
      <a:gd name="bD7" fmla="at2 td71 td72"/>
<!-- D -->
      <a:gd name="xD7" fmla="+- w 0 xA2"/>
<!-- C-->
      <a:gd name="xC7" fmla="+- w 0 xB2"/>
<!-- B-->
      <a:gd name="xB7" fmla="+- w 0 xC2"/>
<!-- eigth trapezoid (at 230 degree).This trapezoid is the vertical reflecion of the first trapezoid-->
      <a:gd name="aD8" fmla="+- 13800000 ha 0"/>
      <a:gd name="td81" fmla="cos rw aD8"/>
      <a:gd name="td82" fmla="sin rh aD8"/>
      <a:gd name="bD8" fmla="at2 td81 td82"/>
<!-- A -->
      <a:gd name="xA8" fmla="+- w 0 xD1"/>
<!-- D -->
      <a:gd name="xD8" fmla="+- w 0 xA1"/>
<!-- C-->
      <a:gd name="xC8" fmla="+- w 0 xB1"/>
<!-- B-->
      <a:gd name="xB8" fmla="+- w 0 xC1"/>
<!-- nineth trapezoid (at 270 degree)-->
      <a:gd name="aA9" fmla="+- cd34 0 ha"/>
      <a:gd name="aD9" fmla="+- cd34 ha 0"/>
<!-- D -->
      <a:gd name="td91" fmla="cos rw aD9"/>
      <a:gd name="td92" fmla="sin rh aD9"/>
      <a:gd name="bD9" fmla="at2 td91 td92"/>
      <a:gd name="ctd9" fmla="cos rh bD9"/>
      <a:gd name="std9" fmla="sin rw bD9"/>
      <a:gd name="md9" fmla="mod ctd9 std9 0"/>
      <a:gd name="nd9" fmla="*/ rw rh md9"/>
      <a:gd name="dxd9" fmla="cos nd9 bD9"/>
      <a:gd name="dyd9" fmla="sin nd9 bD9"/>
      <a:gd name="xD9" fmla="+- hc dxd9 0"/>
      <a:gd name="yD9" fmla="+- vc dyd9 0"/>
<!-- A -->
      <a:gd name="ta91" fmla="cos rw aA9"/>
      <a:gd name="ta92" fmla="sin rh aA9"/>
      <a:gd name="bA9" fmla="at2 ta91 ta92"/>
      <a:gd name="xA9" fmla="+- hc 0 dxd9"/>
<!-- F -->
      <a:gd name="xF9" fmla="+- xD9 0 lFD"/>
      <a:gd name="xE9" fmla="+- xA9 lFD 0"/>
<!-- C-->
      <a:gd name="yC9" fmla="+- yD9 0 th"/>
      <a:gd name="swAng5" fmla="+- bA9 0 bD8"/>
<!-- connection points -->
      <a:gd name="xCxn1" fmla="+/ xB1 xC1 2"/>
      <a:gd name="yCxn1" fmla="+/ yB1 yC1 2"/>
      <a:gd name="xCxn2" fmla="+/ xB2 xC2 2"/>
      <a:gd name="yCxn2" fmla="+/ yB2 yC2 2"/>
      <a:gd name="xCxn3" fmla="+/ xB3 xC3 2"/>
      <a:gd name="yCxn3" fmla="+/ yB3 yC3 2"/>
      <a:gd name="xCxn4" fmla="+/ xB4 xC4 2"/>
      <a:gd name="yCxn4" fmla="+/ yB4 yC4 2"/>
      <a:gd name="xCxn5" fmla="+/ r 0 xCxn4"/>
      <a:gd name="xCxn6" fmla="+/ r 0 xCxn3"/>
      <a:gd name="xCxn7" fmla="+/ r 0 xCxn2"/>
      <a:gd name="xCxn8" fmla="+/ r 0 xCxn1"/>
    </a:gdLst>
    <a:rect l="xA8" t="yD1" r="xD1" b="yD3"/>
    <a:pathLst>
      <a:path>
        <a:moveTo>
          <a:pt x="xA1" y="yA1"/>
        </a:moveTo>
        <a:lnTo>
          <a:pt x="xB1" y="yB1"/>
        </a:lnTo>
        <a:lnTo>
          <a:pt x="xC1" y="yC1"/>
        </a:lnTo>
        <a:lnTo>
          <a:pt x="xD1" y="yD1"/>
        </a:lnTo>
        <a:arcTo hR="rh" wR="rw" stAng="bD1" swAng="swAng1"/>
        <a:lnTo>
          <a:pt x="xB2" y="yB2"/>
        </a:lnTo>
        <a:lnTo>
          <a:pt x="xC2" y="yC2"/>
        </a:lnTo>
        <a:lnTo>
          <a:pt x="xD2" y="yD2"/>
        </a:lnTo>
        <a:arcTo hR="rh" wR="rw" stAng="bD2" swAng="swAng2"/>
        <a:lnTo>
          <a:pt x="xB3" y="yB3"/>
        </a:lnTo>
        <a:lnTo>
          <a:pt x="xC3" y="yC3"/>
        </a:lnTo>
        <a:lnTo>
          <a:pt x="xD3" y="yD3"/>
        </a:lnTo>
        <a:arcTo hR="rh" wR="rw" stAng="bD3" swAng="swAng3"/>
        <a:lnTo>
          <a:pt x="xB4" y="yB4"/>
        </a:lnTo>
        <a:lnTo>
          <a:pt x="xC4" y="yC4"/>
        </a:lnTo>
        <a:lnTo>
          <a:pt x="xD4" y="yD4"/>
        </a:lnTo>
        <a:arcTo hR="rh" wR="rw" stAng="bD4" swAng="swAng4"/>
        <a:lnTo>
          <a:pt x="xB5" y="yC4"/>
        </a:lnTo>
        <a:lnTo>
          <a:pt x="xC5" y="yB4"/>
        </a:lnTo>
        <a:lnTo>
          <a:pt x="xD5" y="yA4"/>
        </a:lnTo>
        <a:arcTo hR="rh" wR="rw" stAng="bD5" swAng="swAng3"/>
        <a:lnTo>
          <a:pt x="xB6" y="yC3"/>
        </a:lnTo>
        <a:lnTo>
          <a:pt x="xC6" y="yB3"/>
        </a:lnTo>
        <a:lnTo>
          <a:pt x="xD6" y="yA3"/>
        </a:lnTo>
        <a:arcTo hR="rh" wR="rw" stAng="bD6" swAng="swAng2"/>
        <a:lnTo>
          <a:pt x="xB7" y="yC2"/>
        </a:lnTo>
        <a:lnTo>
          <a:pt x="xC7" y="yB2"/>
        </a:lnTo>
        <a:lnTo>
          <a:pt x="xD7" y="yA2"/>
        </a:lnTo>
        <a:arcTo hR="rh" wR="rw" stAng="bD7" swAng="swAng1"/>
        <a:lnTo>
          <a:pt x="xB8" y="yC1"/>
        </a:lnTo>
        <a:lnTo>
          <a:pt x="xC8" y="yB1"/>
        </a:lnTo>
        <a:lnTo>
          <a:pt x="xD8" y="yA1"/>
        </a:lnTo>
        <a:arcTo hR="rh" wR="rw" stAng="bD8" swAng="swAng5"/>
        <a:lnTo>
          <a:pt x="xE9" y="yC9"/>
        </a:lnTo>
        <a:lnTo>
          <a:pt x="xF9" y="yC9"/>
        </a:lnTo>
        <a:lnTo>
          <a:pt x="xD9" y="yD9"/>
        </a:lnTo>
        <a:arcTo hR="rh" wR="rw" stAng="bD9" swAng="swAng5"/>
        <a:close/>
      </a:path>
    </a:pathLst>
</a:custGeom>
