<a:custGeom xmlns:a="http://schemas.openxmlformats.org/drawingml/2006/3/main">
    <a:avLst>
      <a:gd name="adj1" fmla="val 33333"/>
<!-- vert offset -->
      <a:gd name="adj2" fmla="val 33333"/>
<!-- horz offset -->
    </a:avLst>
    <a:gdLst>
      <a:gd name="maxAdj2" fmla="*/ 100000 w ss"/>
      <a:gd name="a2" fmla="pin 0 adj2 maxAdj2"/>
      <a:gd name="x1" fmla="*/ ss a2 100000"/>
      <a:gd name="g1" fmla="*/ h x1 w"/>
      <a:gd name="g2" fmla="+- h 0 g1"/>
      <a:gd name="maxAdj1" fmla="*/ 100000 g2 ss"/>
      <a:gd name="a1" fmla="pin 0 adj1 maxAdj1"/>
      <a:gd name="y1" fmla="*/ ss a1 100000"/>
      <a:gd name="dx2" fmla="*/ y1 w h"/>
      <a:gd name="x2" fmla="+- r 0 dx2"/>
      <a:gd name="dy2" fmla="*/ x1 h w"/>
      <a:gd name="y2" fmla="+- b 0 dy2"/>
      <a:gd name="cx1" fmla="*/ x1 1 2"/>
      <a:gd name="cy1" fmla="+/ y2 r 2"/>
      <a:gd name="cx2" fmla="+/ x2 r 2"/>
      <a:gd name="cy2" fmla="+/ y1 1 2"/>
    </a:gdLst>
    <a:rect l="l" t="t" r="r" b="b"/>
    <a:pathLst>
      <a:path>
        <a:moveTo>
          <a:pt x="l" y="t"/>
        </a:moveTo>
        <a:lnTo>
          <a:pt x="r" y="t"/>
        </a:lnTo>
        <a:lnTo>
          <a:pt x="x2" y="y1"/>
        </a:lnTo>
        <a:lnTo>
          <a:pt x="x1" y="y1"/>
        </a:lnTo>
        <a:lnTo>
          <a:pt x="x1" y="y2"/>
        </a:lnTo>
        <a:lnTo>
          <a:pt x="l" y="b"/>
        </a:lnTo>
        <a:close/>
      </a:path>
    </a:pathLst>
</a:custGeom>
