<a:custGeom xmlns:a="http://schemas.openxmlformats.org/drawingml/2006/3/main">
    <a:gdLst>
      <a:gd name="dx1" fmla="*/ w 49 48"/>
      <a:gd name="dx2" fmla="*/ w 10 48"/>
      <a:gd name="x1" fmla="+- hc 0 dx1"/>
      <a:gd name="x2" fmla="+- hc 0 dx2"/>
      <a:gd name="x3" fmla="+- hc dx2 0"/>
      <a:gd name="x4" fmla="+- hc dx1 0"/>
      <a:gd name="y1" fmla="+- t 0 hd3"/>
<!-- y2 == hd4 -->
<!-- y3 == y2 -->
      <a:gd name="il" fmla="*/ w 1 6"/>
      <a:gd name="ir" fmla="*/ w 5 6"/>
      <a:gd name="ib" fmla="*/ h 2 3"/>
    </a:gdLst>
    <a:rect l="il" t="hd4" r="ir" b="ib"/>
    <a:pathLst>
      <a:path>
        <a:moveTo>
          <a:pt x="hc" y="hd4"/>
        </a:moveTo>
        <a:cubicBezTo>
          <a:pt x="x3" y="y1"/>
          <a:pt x="x4" y="hd4"/>
          <a:pt x="hc" y="b"/>
        </a:cubicBezTo>
        <a:cubicBezTo>
          <a:pt x="x1" y="hd4"/>
          <a:pt x="x2" y="y1"/>
          <a:pt x="hc" y="hd4"/>
        </a:cubicBezTo>
        <a:close/>
      </a:path>
    </a:pathLst>
</a:custGeom>
