<a:custGeom xmlns:a="http://schemas.openxmlformats.org/drawingml/2006/main">
    <a:avLst>
      <a:gd name="hf" fmla="val 102572"/>
<!-- horz scaling factor -->
      <a:gd name="vf" fmla="val 105210"/>
<!-- vert scaling factor -->
    </a:avLst>
    <a:gdLst>
      <a:gd name="swd2" fmla="*/ wd2 hf 100000"/>
<!-- need to scale width to fit bounding box -->
      <a:gd name="shd2" fmla="*/ hd2 vf 100000"/>
<!-- need to scale height to fit bounding box -->
      <a:gd name="svc" fmla="*/ vc  vf 100000"/>
<!-- need to scale vert center -->
      <a:gd name="dx1" fmla="*/ swd2 97493 100000"/>
<!-- cos 347.143 -->
      <a:gd name="dx2" fmla="*/ swd2 78183 100000"/>
<!-- cos 38.571 -->
      <a:gd name="dx3" fmla="*/ swd2 43388 100000"/>
<!-- cos 295.714 -->
      <a:gd name="dy1" fmla="*/ shd2 62349 100000"/>
<!-- sin 38.571 -->
      <a:gd name="dy2" fmla="*/ shd2 22252 100000"/>
<!-- sin 347.143 -->
      <a:gd name="dy3" fmla="*/ shd2 90097 100000"/>
<!-- sin 295.714 -->
      <a:gd name="x1" fmla="+- hc 0 dx1"/>
      <a:gd name="x2" fmla="+- hc 0 dx2"/>
      <a:gd name="x3" fmla="+- hc 0 dx3"/>
      <a:gd name="x4" fmla="+- hc dx3 0"/>
      <a:gd name="x5" fmla="+- hc dx2 0"/>
      <a:gd name="x6" fmla="+- hc dx1 0"/>
      <a:gd name="y1" fmla="+- svc 0 dy1"/>
      <a:gd name="y2" fmla="+- svc dy2 0"/>
      <a:gd name="y3" fmla="+- svc dy3 0"/>
      <a:gd name="ib" fmla="+- b 0 y1"/>
    </a:gdLst>
    <a:rect l="x2" t="y1" r="x5" b="ib"/>
    <a:pathLst>
      <a:path>
        <a:moveTo>
          <a:pt x="x1" y="y2"/>
        </a:moveTo>
        <a:lnTo>
          <a:pt x="x2" y="y1"/>
        </a:lnTo>
        <a:lnTo>
          <a:pt x="hc" y="t"/>
        </a:lnTo>
        <a:lnTo>
          <a:pt x="x5" y="y1"/>
        </a:lnTo>
        <a:lnTo>
          <a:pt x="x6" y="y2"/>
        </a:lnTo>
        <a:lnTo>
          <a:pt x="x4" y="y3"/>
        </a:lnTo>
        <a:lnTo>
          <a:pt x="x3" y="y3"/>
        </a:lnTo>
        <a:close/>
      </a:path>
    </a:pathLst>
</a:custGeom>
