<a:custGeom xmlns:a="http://schemas.openxmlformats.org/drawingml/2006/3/main">
    <a:avLst>
      <a:gd name="adj" fmla="val 25000"/>
<!-- 25% -->
      <a:gd name="vf" fmla="val 115470"/>
<!-- vert scaling factor -->
    </a:avLst>
    <a:gdLst>
      <a:gd name="maxAdj" fmla="*/ 50000 w ss"/>
<!-- max pos ah: half width -->
      <a:gd name="a" fmla="pin 0 adj maxAdj"/>
      <a:gd name="shd2" fmla="*/ hd2 vf 100000"/>
<!-- need to scale height to fit bounding box -->
      <a:gd name="x1" fmla="*/ ss a 100000"/>
      <a:gd name="x2" fmla="+- r 0 x1"/>
      <a:gd name="dy1" fmla="sin shd2 3600000"/>
      <a:gd name="y1" fmla="+- vc 0 dy1"/>
      <a:gd name="y2" fmla="+- vc dy1 0"/>
      <a:gd name="q1" fmla="*/ maxAdj -1 2"/>
<!-- neg half the total adjustment -->
      <a:gd name="q2" fmla="+- a q1 0"/>
<!-- neg if in first half, pos in last half -->
      <a:gd name="q3" fmla="?: q2 4 2"/>
<!-- base: 2 for first half, 4 for second  half -->
      <a:gd name="q4" fmla="?: q2 3 2"/>
<!-- delta: 2 for first half, 3 for second half -->
      <a:gd name="q5" fmla="?: q2 q1 0"/>
<!-- origin: 0 for first half, max/2 for second half -->
      <a:gd name="q6" fmla="+/ a q5 q1"/>
<!-- distance along path -->
      <a:gd name="q7" fmla="*/ q6 q4 -1"/>
      <a:gd name="q8" fmla="+- q3 q7 0"/>
      <a:gd name="il" fmla="*/ w q8 24"/>
      <a:gd name="it" fmla="*/ h q8 24"/>
      <a:gd name="ir" fmla="+- r 0 il"/>
      <a:gd name="ib" fmla="+- b 0 it"/>
    </a:gdLst>
    <a:rect l="il" t="it" r="ir" b="ib"/>
    <a:pathLst>
      <a:path>
        <a:moveTo>
          <a:pt x="l" y="vc"/>
        </a:moveTo>
        <a:lnTo>
          <a:pt x="x1" y="y1"/>
        </a:lnTo>
        <a:lnTo>
          <a:pt x="x2" y="y1"/>
        </a:lnTo>
        <a:lnTo>
          <a:pt x="r" y="vc"/>
        </a:lnTo>
        <a:lnTo>
          <a:pt x="x2" y="y2"/>
        </a:lnTo>
        <a:lnTo>
          <a:pt x="x1" y="y2"/>
        </a:lnTo>
        <a:close/>
      </a:path>
    </a:pathLst>
</a:custGeom>
