<a:custGeom xmlns:a="http://schemas.openxmlformats.org/drawingml/2006/main">
    <a:avLst>
      <a:gd name="adj" fmla="val 50000"/>
<!-- 50% -->
    </a:avLst>
    <a:gdLst>
      <a:gd name="maxAdj" fmla="*/ 100000 w ss"/>
<!-- max pos ah: full width -->
      <a:gd name="a" fmla="pin 0 adj maxAdj"/>
      <a:gd name="dx1" fmla="*/ ss a 100000"/>
<!-- ss * adj -->
      <a:gd name="x1" fmla="+- r 0 dx1"/>
      <a:gd name="ir" fmla="+/ x1 r 2"/>
    </a:gdLst>
<!--NOTE:This is legacy.Goes outside of shape-->
    <a:rect l="l" t="t" r="ir" b="b"/>
    <a:pathLst>
      <a:path>
        <a:moveTo>
          <a:pt x="l" y="t"/>
        </a:moveTo>
        <a:lnTo>
          <a:pt x="x1" y="t"/>
        </a:lnTo>
        <a:lnTo>
          <a:pt x="r" y="vc"/>
        </a:lnTo>
        <a:lnTo>
          <a:pt x="x1" y="b"/>
        </a:lnTo>
        <a:lnTo>
          <a:pt x="l" y="b"/>
        </a:lnTo>
        <a:close/>
      </a:path>
    </a:pathLst>
</a:custGeom>
