<a:custGeom xmlns:a="http://schemas.openxmlformats.org/drawingml/2006/3/main">
    <a:avLst>
      <a:gd name="adj" fmla="val 12500"/>
<!-- circle height -->
    </a:avLst>
    <a:gdLst>
      <a:gd name="a" fmla="pin 0 adj 25000"/>
      <a:gd name="ch" fmla="*/ ss a 100000"/>
<!-- circle height -->
      <a:gd name="ch2" fmla="*/ ch 1 2"/>
<!-- half circle height -->
      <a:gd name="ch4" fmla="*/ ch 1 4"/>
<!-- quarter circle height -->
<!-- y1 == ch2 -->
<!-- middle of top right circle -->
<!-- y2 == ch -->
<!-- bottom of top right circle -->
      <a:gd name="y3" fmla="+- ch ch2 0"/>
<!-- middle of top left circle -->
      <a:gd name="y4" fmla="+- ch ch 0"/>
<!-- bottom of top left circle -->
      <a:gd name="y6" fmla="+- b 0 ch"/>
<!-- bottom side of page -->
      <a:gd name="y7" fmla="+- b 0 ch2"/>
<!-- middle of bottom left circle -->
      <a:gd name="y5" fmla="+- y6 0 ch2"/>
<!-- middle of bottom right circle -->
<!-- x1 == ch2 -->
<!-- middle of left circles -->
<!-- x2 == ch -->
<!-- right of left circles -->
      <a:gd name="x3" fmla="+- r 0 ch"/>
<!-- left of right circles -->
      <a:gd name="x4" fmla="+- r 0 ch2"/>
<!-- middle of right circles -->
    </a:gdLst>
    <a:rect l="ch" t="ch" r="x4" b="y6"/>
    <a:pathLst>
      <a:path stroke="false" extrusionOk="false">
<!-- front face -->
        <a:moveTo>
          <a:pt x="r" y="ch2"/>
        </a:moveTo>
        <a:arcTo wR="ch2" hR="ch2" stAng="0" swAng="-10800000"/>
        <a:lnTo>
          <a:pt x="x3" y="ch"/>
        </a:lnTo>
        <a:lnTo>
          <a:pt x="ch2" y="ch"/>
        </a:lnTo>
        <a:arcTo wR="ch2" hR="ch2" stAng="cd34" swAng="-5400000"/>
        <a:lnTo>
          <a:pt x="l" y="y7"/>
        </a:lnTo>
        <a:arcTo wR="ch2" hR="ch2" stAng="cd2" swAng="-10800000"/>
        <a:lnTo>
          <a:pt x="ch" y="y6"/>
        </a:lnTo>
        <a:lnTo>
          <a:pt x="x4" y="y6"/>
        </a:lnTo>
        <a:arcTo wR="ch2" hR="ch2" stAng="cd4" swAng="-5400000"/>
        <a:close/>
      </a:path>
      <a:path fill="darkenLess" stroke="false" extrusionOk="false">
<!-- back face -->
        <a:moveTo>
          <a:pt x="ch2" y="y4"/>
        </a:moveTo>
        <a:arcTo wR="ch2" hR="ch2" stAng="cd4" swAng="-5400000"/>
        <a:arcTo wR="ch4" hR="ch4" stAng="0" swAng="-10800000"/>
        <a:close/>
        <a:moveTo>
          <a:pt x="x4" y="ch"/>
        </a:moveTo>
        <a:arcTo wR="ch2" hR="ch2" stAng="cd4" swAng="-16200000"/>
        <a:arcTo wR="ch4" hR="ch4" stAng="cd2" swAng="-10800000"/>
        <a:close/>
      </a:path>
      <a:path fill="none" extrusionOk="false">
<!-- lines -->
        <a:moveTo>
          <a:pt x="l" y="y3"/>
        </a:moveTo>
        <a:arcTo wR="ch2" hR="ch2" stAng="cd2" swAng="cd4"/>
        <a:lnTo>
          <a:pt x="x3" y="ch"/>
        </a:lnTo>
        <a:lnTo>
          <a:pt x="x3" y="ch2"/>
        </a:lnTo>
        <a:arcTo wR="ch2" hR="ch2" stAng="cd2" swAng="cd2"/>
        <a:lnTo>
          <a:pt x="r" y="y5"/>
        </a:lnTo>
        <a:arcTo wR="ch2" hR="ch2" stAng="0" swAng="cd4"/>
        <a:lnTo>
          <a:pt x="ch" y="y6"/>
        </a:lnTo>
        <a:lnTo>
          <a:pt x="ch" y="y7"/>
        </a:lnTo>
        <a:arcTo wR="ch2" hR="ch2" stAng="0" swAng="cd2"/>
        <a:close/>
        <a:moveTo>
          <a:pt x="x3" y="ch"/>
        </a:moveTo>
        <a:lnTo>
          <a:pt x="x4" y="ch"/>
        </a:lnTo>
        <a:arcTo wR="ch2" hR="ch2" stAng="cd4" swAng="-5400000"/>
        <a:moveTo>
          <a:pt x="x4" y="ch"/>
        </a:moveTo>
        <a:lnTo>
          <a:pt x="x4" y="ch2"/>
        </a:lnTo>
        <a:arcTo wR="ch4" hR="ch4" stAng="0" swAng="cd2"/>
        <a:moveTo>
          <a:pt x="ch2" y="y4"/>
        </a:moveTo>
        <a:lnTo>
          <a:pt x="ch2" y="y3"/>
        </a:lnTo>
        <a:arcTo wR="ch4" hR="ch4" stAng="cd2" swAng="cd2"/>
        <a:arcTo wR="ch2" hR="ch2" stAng="0" swAng="cd2"/>
        <a:moveTo>
          <a:pt x="ch" y="y3"/>
        </a:moveTo>
        <a:lnTo>
          <a:pt x="ch" y="y6"/>
        </a:lnTo>
      </a:path>
    </a:pathLst>
</a:custGeom>
