<a:custGeom xmlns:a="http://schemas.openxmlformats.org/drawingml/2006/3/main">
    <a:gdLst>
      <a:gd name="x5" fmla="*/ w 4627 21600"/>
      <a:gd name="x12" fmla="*/ w 8485 21600"/>
      <a:gd name="x21" fmla="*/ w 16702 21600"/>
      <a:gd name="x24" fmla="*/ w 14522 21600"/>
      <a:gd name="y3" fmla="*/ h 6320 21600"/>
      <a:gd name="y6" fmla="*/ h 8615 21600"/>
      <a:gd name="y9" fmla="*/ h 13937 21600"/>
      <a:gd name="y18" fmla="*/ h 13290 21600"/>
    </a:gdLst>
    <a:rect l="x5" t="y3" r="x21" b="y9"/>
    <a:pathLst>
      <a:path w="21600" h="21600">
        <a:moveTo>
          <a:pt x="10800" y="5800"/>
        </a:moveTo>
        <a:lnTo>
          <a:pt x="14522" y="0"/>
        </a:lnTo>
        <a:lnTo>
          <a:pt x="14155" y="5325"/>
        </a:lnTo>
        <a:lnTo>
          <a:pt x="18380" y="4457"/>
        </a:lnTo>
        <a:lnTo>
          <a:pt x="16702" y="7315"/>
        </a:lnTo>
        <a:lnTo>
          <a:pt x="21097" y="8137"/>
        </a:lnTo>
        <a:lnTo>
          <a:pt x="17607" y="10475"/>
        </a:lnTo>
        <a:lnTo>
          <a:pt x="21600" y="13290"/>
        </a:lnTo>
        <a:lnTo>
          <a:pt x="16837" y="12942"/>
        </a:lnTo>
        <a:lnTo>
          <a:pt x="18145" y="18095"/>
        </a:lnTo>
        <a:lnTo>
          <a:pt x="14020" y="14457"/>
        </a:lnTo>
        <a:lnTo>
          <a:pt x="13247" y="19737"/>
        </a:lnTo>
        <a:lnTo>
          <a:pt x="10532" y="14935"/>
        </a:lnTo>
        <a:lnTo>
          <a:pt x="8485" y="21600"/>
        </a:lnTo>
        <a:lnTo>
          <a:pt x="7715" y="15627"/>
        </a:lnTo>
        <a:lnTo>
          <a:pt x="4762" y="17617"/>
        </a:lnTo>
        <a:lnTo>
          <a:pt x="5667" y="13937"/>
        </a:lnTo>
        <a:lnTo>
          <a:pt x="135" y="14587"/>
        </a:lnTo>
        <a:lnTo>
          <a:pt x="3722" y="11775"/>
        </a:lnTo>
        <a:lnTo>
          <a:pt x="0" y="8615"/>
        </a:lnTo>
        <a:lnTo>
          <a:pt x="4627" y="7617"/>
        </a:lnTo>
        <a:lnTo>
          <a:pt x="370" y="2295"/>
        </a:lnTo>
        <a:lnTo>
          <a:pt x="7312" y="6320"/>
        </a:lnTo>
        <a:lnTo>
          <a:pt x="8352" y="2295"/>
        </a:lnTo>
        <a:close/>
      </a:path>
    </a:pathLst>
</a:custGeom>
