<a:custGeom xmlns:a="http://schemas.openxmlformats.org/drawingml/2006/3/main">
    <a:gdLst>
      <a:gd name="x2" fmla="*/ w 9722 21600"/>
      <a:gd name="x5" fmla="*/ w 5372 21600"/>
      <a:gd name="x16" fmla="*/ w 11612 21600"/>
      <a:gd name="x19" fmla="*/ w 14640 21600"/>
      <a:gd name="y2" fmla="*/ h 1887 21600"/>
      <a:gd name="y3" fmla="*/ h 6382 21600"/>
      <a:gd name="y8" fmla="*/ h 12877 21600"/>
      <a:gd name="y14" fmla="*/ h 19712 21600"/>
      <a:gd name="y16" fmla="*/ h 18842 21600"/>
      <a:gd name="y17" fmla="*/ h 15935 21600"/>
      <a:gd name="y24" fmla="*/ h 6645 21600"/>
    </a:gdLst>
    <a:rect l="x5" t="y3" r="x19" b="y17"/>
    <a:pathLst>
      <a:path w="21600" h="21600">
        <a:moveTo>
          <a:pt x="11462" y="4342"/>
        </a:moveTo>
        <a:lnTo>
          <a:pt x="14790" y="0"/>
        </a:lnTo>
        <a:lnTo>
          <a:pt x="14525" y="5777"/>
        </a:lnTo>
        <a:lnTo>
          <a:pt x="18007" y="3172"/>
        </a:lnTo>
        <a:lnTo>
          <a:pt x="16380" y="6532"/>
        </a:lnTo>
        <a:lnTo>
          <a:pt x="21600" y="6645"/>
        </a:lnTo>
        <a:lnTo>
          <a:pt x="16985" y="9402"/>
        </a:lnTo>
        <a:lnTo>
          <a:pt x="18270" y="11290"/>
        </a:lnTo>
        <a:lnTo>
          <a:pt x="16380" y="12310"/>
        </a:lnTo>
        <a:lnTo>
          <a:pt x="18877" y="15632"/>
        </a:lnTo>
        <a:lnTo>
          <a:pt x="14640" y="14350"/>
        </a:lnTo>
        <a:lnTo>
          <a:pt x="14942" y="17370"/>
        </a:lnTo>
        <a:lnTo>
          <a:pt x="12180" y="15935"/>
        </a:lnTo>
        <a:lnTo>
          <a:pt x="11612" y="18842"/>
        </a:lnTo>
        <a:lnTo>
          <a:pt x="9872" y="17370"/>
        </a:lnTo>
        <a:lnTo>
          <a:pt x="8700" y="19712"/>
        </a:lnTo>
        <a:lnTo>
          <a:pt x="7527" y="18125"/>
        </a:lnTo>
        <a:lnTo>
          <a:pt x="4917" y="21600"/>
        </a:lnTo>
        <a:lnTo>
          <a:pt x="4805" y="18240"/>
        </a:lnTo>
        <a:lnTo>
          <a:pt x="1285" y="17825"/>
        </a:lnTo>
        <a:lnTo>
          <a:pt x="3330" y="15370"/>
        </a:lnTo>
        <a:lnTo>
          <a:pt x="0" y="12877"/>
        </a:lnTo>
        <a:lnTo>
          <a:pt x="3935" y="11592"/>
        </a:lnTo>
        <a:lnTo>
          <a:pt x="1172" y="8270"/>
        </a:lnTo>
        <a:lnTo>
          <a:pt x="5372" y="7817"/>
        </a:lnTo>
        <a:lnTo>
          <a:pt x="4502" y="3625"/>
        </a:lnTo>
        <a:lnTo>
          <a:pt x="8550" y="6382"/>
        </a:lnTo>
        <a:lnTo>
          <a:pt x="9722" y="1887"/>
        </a:lnTo>
        <a:close/>
      </a:path>
    </a:pathLst>
</a:custGeom>
