<a:custGeom xmlns:a="http://schemas.openxmlformats.org/drawingml/2006/3/main">
    <a:avLst>
      <a:gd name="adj1" fmla="val 12500"/>
<!-- thickness of stroke -->
      <a:gd name="adj2" fmla="val -1142319"/>
<!-- arc length of arrowhead -->
      <a:gd name="adj3" fmla="val 1142319"/>
<!-- end angle of shaft -->
      <a:gd name="adj4" fmla="val 10800000"/>
<!-- start angle of shaft -->
      <a:gd name="adj5" fmla="val 12500"/>
<!-- half width of arrowhead -->
    </a:avLst>
    <a:gdLst>
      <a:gd name="a5" fmla="pin 0 adj5 25000"/>
<!-- max half arrowhead width is 25% -->
      <a:gd name="maxAdj1" fmla="*/ a5 2 1"/>
<!-- max shaft thickness is total arrowhead width -->
      <a:gd name="a1" fmla="pin 0 adj1 maxAdj1"/>
      <a:gd name="enAng" fmla="pin 1 adj3 21599999"/>
      <a:gd name="stAng" fmla="pin 0 adj4 21599999"/>
      <a:gd name="th" fmla="*/ ss a1 100000"/>
<!-- arrow shaft thickness -->
      <a:gd name="thh" fmla="*/ ss a5 100000"/>
<!-- half arrowhead width -->
      <a:gd name="th2" fmla="*/ th 1 2"/>
<!-- half arrow shaft thickness -->
      <a:gd name="rw1" fmla="+- wd2 th2 thh"/>
<!-- outside arrow shaft -->
      <a:gd name="rh1" fmla="+- hd2 th2 thh"/>
<!-- outside arrow shaft -->
      <a:gd name="rw2" fmla="+- rw1 0 th"/>
<!-- inside arrow shaft -->
      <a:gd name="rh2" fmla="+- rh1 0 th"/>
<!-- inside arrow shaft -->
      <a:gd name="rw3" fmla="+- rw2 th2 0"/>
<!-- arrowhead point -->
      <a:gd name="rh3" fmla="+- rh2 th2 0"/>
<!-- arrowhead point -->
      <a:gd name="wtH" fmla="sin rw3 enAng"/>
      <a:gd name="htH" fmla="cos rh3 enAng"/>
      <a:gd name="dxH" fmla="cat2 rw3 htH wtH"/>
      <a:gd name="dyH" fmla="sat2 rh3 htH wtH"/>
      <a:gd name="xH" fmla="+- hc dxH 0"/>
<!-- x pos of mid of arrowhead base -->
      <a:gd name="yH" fmla="+- vc dyH 0"/>
<!-- y pos of mid of arrowhead base -->
      <a:gd name="rI" fmla="min rw2 rh2"/>
<!-- inside radius -->
      <a:gd name="u1" fmla="*/ dxH dxH 1"/>
      <a:gd name="u2" fmla="*/ dyH dyH 1"/>
      <a:gd name="u3" fmla="*/ rI rI 1"/>
      <a:gd name="u4" fmla="+- u1 0 u3"/>
      <a:gd name="u5" fmla="+- u2 0 u3"/>
      <a:gd name="u6" fmla="*/ u4 u5 u1"/>
      <a:gd name="u7" fmla="*/ u6 1 u2"/>
      <a:gd name="u8" fmla="+- 1 0 u7"/>
      <a:gd name="u9" fmla="sqrt u8"/>
      <a:gd name="u10" fmla="*/ u4 1 dxH"/>
      <a:gd name="u11" fmla="*/ u10 1 dyH"/>
      <a:gd name="u12" fmla="+/ 1 u9 u11"/>
      <a:gd name="u13" fmla="at2 1 u12"/>
      <a:gd name="u14" fmla="+- u13 21600000 0"/>
      <a:gd name="u15" fmla="?: u13 u13 u14"/>
      <a:gd name="u16" fmla="+- u15 0 enAng"/>
      <a:gd name="u17" fmla="+- u16 21600000 0"/>
      <a:gd name="u18" fmla="?: u16 u16 u17"/>
      <a:gd name="u19" fmla="+- u18 0 cd2"/>
      <a:gd name="u20" fmla="+- u18 0 21600000"/>
      <a:gd name="u21" fmla="?: u19 u20 u18"/>
      <a:gd name="u22" fmla="abs u21"/>
      <a:gd name="minAng" fmla="*/ u22 -1 1"/>
      <a:gd name="u23" fmla="abs adj2"/>
      <a:gd name="a2" fmla="*/ u23 -1 1"/>
      <a:gd name="aAng" fmla="pin minAng a2 0"/>
<!-- pin arrowhead length to 30 degrees -->
      <a:gd name="ptAng" fmla="+- enAng aAng 0"/>
<!-- angle of arrowhead point -->
      <a:gd name="wtA" fmla="sin rw3 ptAng"/>
      <a:gd name="htA" fmla="cos rh3 ptAng"/>
      <a:gd name="dxA" fmla="cat2 rw3 htA wtA"/>
      <a:gd name="dyA" fmla="sat2 rh3 htA wtA"/>
      <a:gd name="xA" fmla="+- hc dxA 0"/>
<!-- x pos of arrowhead point -->
      <a:gd name="yA" fmla="+- vc dyA 0"/>
<!-- y pos of arrowhead point -->
      <a:gd name="wtE" fmla="sin rw1 stAng"/>
      <a:gd name="htE" fmla="cos rh1 stAng"/>
      <a:gd name="dxE" fmla="cat2 rw1 htE wtE"/>
      <a:gd name="dyE" fmla="sat2 rh1 htE wtE"/>
      <a:gd name="xE" fmla="+- hc dxE 0"/>
<!-- x pos of outside tail end -->
      <a:gd name="yE" fmla="+- vc dyE 0"/>
<!-- x pos of outside tail end -->
      <a:gd name="wtD" fmla="sin rw2 stAng"/>
      <a:gd name="htD" fmla="cos rh2 stAng"/>
      <a:gd name="dxD" fmla="cat2 rw2 htD wtD"/>
      <a:gd name="dyD" fmla="sat2 rh2 htD wtD"/>
      <a:gd name="xD" fmla="+- hc dxD 0"/>
<!-- x pos of outside tail end -->
      <a:gd name="yD" fmla="+- vc dyD 0"/>
<!-- x pos of outside tail end -->
      <a:gd name="dxG" fmla="cos thh ptAng"/>
      <a:gd name="dyG" fmla="sin thh ptAng"/>
      <a:gd name="xG" fmla="+- xH dxG 0"/>
<!-- x pos of outside arrowhead point -->
      <a:gd name="yG" fmla="+- yH dyG 0"/>
<!-- y pos of outside arrowhead point -->
      <a:gd name="dxB" fmla="cos thh ptAng"/>
      <a:gd name="dyB" fmla="sin thh ptAng"/>
      <a:gd name="xB" fmla="+- xH 0 dxB 0"/>
<!-- x pos of inside arrowhead point -->
      <a:gd name="yB" fmla="+- yH 0 dyB 0"/>
<!-- y pos of inside arrowhead point -->
      <a:gd name="sx1" fmla="+- xB 0 hc"/>
<!-- scaled/normalized x pos of xB -->
      <a:gd name="sy1" fmla="+- yB 0 vc"/>
<!-- scaled/normalized y pos of yB -->
      <a:gd name="sx2" fmla="+- xG 0 hc"/>
<!-- scaled/normalized x pos of xG -->
      <a:gd name="sy2" fmla="+- yG 0 vc"/>
<!-- scaled/normalized y pos of yG -->
      <a:gd name="rO" fmla="min rw1 rh1"/>
<!-- radius of outside arc -->
      <a:gd name="x1O" fmla="*/ sx1 rO rw1"/>
<!-- xB in unscaled space of outside arc -->
      <a:gd name="y1O" fmla="*/ sy1 rO rh1"/>
<!-- yB in unscaled space of outside arc -->
      <a:gd name="x2O" fmla="*/ sx2 rO rw1"/>
<!-- xG in unscaled space of outside arc  -->
      <a:gd name="y2O" fmla="*/ sy2 rO rh1"/>
<!-- yB in unscaled space of outside arc -->
      <a:gd name="dxO" fmla="+- x2O 0 x1O"/>
      <a:gd name="dyO" fmla="+- y2O 0 y1O"/>
      <a:gd name="dO" fmla="mod dxO dyO 0"/>
<!-- dist. from G to B in unscaled space of outside arc -->
      <a:gd name="q1" fmla="*/ x1O y2O 1"/>
      <a:gd name="q2" fmla="*/ x2O y1O 1"/>
      <a:gd name="DO" fmla="+- q1 0 q2"/>
<!-- determinant of | xB xG; yB yG | -->
      <a:gd name="q3" fmla="*/ rO rO 1"/>
<!-- outside radius squared -->
      <a:gd name="q4" fmla="*/ dO dO 1"/>
<!-- arrowhead width (in unscaled space) -->
      <a:gd name="q5" fmla="*/ q3 q4 1"/>
<!-- q3 * q4 -->
      <a:gd name="q6" fmla="*/ DO DO 1"/>
<!-- DO squared -->
      <a:gd name="q7" fmla="+- q5 0 q6"/>
<!-- q3 * q4 - DO^2 = rO^2 * dO^2 - DO^2 -->
      <a:gd name="q8" fmla="max q7 0"/>
<!-- if the discriminant is negative force to zero -->
      <a:gd name="sdelO" fmla="sqrt q8"/>
<!-- sqrt of the determinant -->
      <a:gd name="ndyO" fmla="*/ dyO -1 1"/>
      <a:gd name="sdyO" fmla="?: ndyO -1 1"/>
<!-- sgn( dyO ) -->
      <a:gd name="q9" fmla="*/ sdyO dxO 1"/>
<!-- sgn( dyO ) * dxO -->
      <a:gd name="q10" fmla="*/ q9 sdelO 1"/>
<!-- sgn( dyO ) * dxO * sdelO -->
      <a:gd name="q11" fmla="*/ DO dyO 1"/>
<!-- DO * dyO -->
      <a:gd name="dxF1" fmla="+/ q11 q10 q4"/>
<!-- x soln. 1 for outside shaft at arrowhead base -->
      <a:gd name="q12" fmla="+- q11 0 q10"/>
      <a:gd name="dxF2" fmla="*/ q12 1 q4"/>
<!-- x soln. 2 for outside shaft at arrowhead base -->
      <a:gd name="adyO" fmla="abs dyO"/>
      <a:gd name="q13" fmla="*/ adyO sdelO 1"/>
<!-- abs( dyO ) * sdelO -->
      <a:gd name="q14" fmla="*/ DO dxO -1"/>
<!-- -DO*dxO -->
      <a:gd name="dyF1" fmla="+/ q14 q13 q4"/>
<!-- y soln. 1 for outside shaft at arrowhead base -->
      <a:gd name="q15" fmla="+- q14 0 q13"/>
      <a:gd name="dyF2" fmla="*/ q15 1 q4"/>
<!-- y soln. 2 for outside shaft at arrowhead base -->
<!-- of the two soln. we want the one closer to G -->
      <a:gd name="q16" fmla="+- x2O 0 dxF1"/>
      <a:gd name="q17" fmla="+- x2O 0 dxF2"/>
      <a:gd name="q18" fmla="+- y2O 0 dyF1"/>
      <a:gd name="q19" fmla="+- y2O 0 dyF2"/>
      <a:gd name="q20" fmla="mod q16 q18 0"/>
<!-- distance from F1 to G -->
      <a:gd name="q21" fmla="mod q17 q19 0"/>
<!-- distance from F2 to G -->
      <a:gd name="q22" fmla="+- q21 0 q20"/>
      <a:gd name="dxF" fmla="?: q22 dxF1 dxF2"/>
<!-- pick closer of F1 and F2 -->
      <a:gd name="dyF" fmla="?: q22 dyF1 dyF2"/>
<!-- pick closer of F1 and F2 -->
      <a:gd name="sdxF" fmla="*/ dxF rw1 rO"/>
<!-- scale F back to elliptical space -->
      <a:gd name="sdyF" fmla="*/ dyF rh1 rO"/>
<!-- scale F back to elliptical space -->
      <a:gd name="xF" fmla="+- hc sdxF 0"/>
<!-- xF: intersection of arrowhead base with outside arc -->
      <a:gd name="yF" fmla="+- vc sdyF 0"/>
<!-- xF: intersection of arrowhead base with outside arc -->
<!-- same calcs. as above, but for the inside arc -->
      <a:gd name="x1I" fmla="*/ sx1 rI rw2"/>
<!-- xB in unscaled space of inside arc -->
      <a:gd name="y1I" fmla="*/ sy1 rI rh2"/>
<!-- yB in unscaled space of inside arc -->
      <a:gd name="x2I" fmla="*/ sx2 rI rw2"/>
<!-- xG in unscaled space of inside arc  -->
      <a:gd name="y2I" fmla="*/ sy2 rI rh2"/>
<!-- yB in unscaled space of inside arc -->
      <a:gd name="dxI" fmla="+- x2I 0 x1I"/>
      <a:gd name="dyI" fmla="+- y2I 0 y1I"/>
      <a:gd name="dI" fmla="mod dxI dyI 0"/>
      <a:gd name="v1" fmla="*/ x1I y2I 1"/>
      <a:gd name="v2" fmla="*/ x2I y1I 1"/>
      <a:gd name="DI" fmla="+- v1 0 v2"/>
      <a:gd name="v3" fmla="*/ rI rI 1"/>
      <a:gd name="v4" fmla="*/ dI dI 1"/>
      <a:gd name="v5" fmla="*/ v3 v4 1"/>
      <a:gd name="v6" fmla="*/ DI DI 1"/>
      <a:gd name="v7" fmla="+- v5 0 v6"/>
      <a:gd name="v8" fmla="max v7 0"/>
      <a:gd name="sdelI" fmla="sqrt v8"/>
      <a:gd name="v9" fmla="*/ sdyO dxI 1"/>
      <a:gd name="v10" fmla="*/ v9 sdelI 1"/>
      <a:gd name="v11" fmla="*/ DI dyI 1"/>
      <a:gd name="dxC1" fmla="+/ v11 v10 v4"/>
      <a:gd name="v12" fmla="+- v11 0 v10"/>
      <a:gd name="dxC2" fmla="*/ v12 1 v4"/>
      <a:gd name="adyI" fmla="abs dyI"/>
      <a:gd name="v13" fmla="*/ adyI sdelI 1"/>
      <a:gd name="v14" fmla="*/ DI dxI -1"/>
      <a:gd name="dyC1" fmla="+/ v14 v13 v4"/>
      <a:gd name="v15" fmla="+- v14 0 v13"/>
      <a:gd name="dyC2" fmla="*/ v15 1 v4"/>
      <a:gd name="v16" fmla="+- x1I 0 dxC1"/>
      <a:gd name="v17" fmla="+- x1I 0 dxC2"/>
      <a:gd name="v18" fmla="+- y1I 0 dyC1"/>
      <a:gd name="v19" fmla="+- y1I 0 dyC2"/>
      <a:gd name="v20" fmla="mod v16 v18 0"/>
      <a:gd name="v21" fmla="mod v17 v19 0"/>
      <a:gd name="v22" fmla="+- v21 0 v20"/>
      <a:gd name="dxC" fmla="?: v22 dxC1 dxC2"/>
      <a:gd name="dyC" fmla="?: v22 dyC1 dyC2"/>
      <a:gd name="sdxC" fmla="*/ dxC rw2 rI"/>
      <a:gd name="sdyC" fmla="*/ dyC rh2 rI"/>
      <a:gd name="xC" fmla="+- hc sdxC 0"/>
<!-- xC: intersection of arrowhead base with inside arc -->
      <a:gd name="yC" fmla="+- vc sdyC 0"/>
<!-- xC: intersection of arrowhead base with inside arc -->
      <a:gd name="ist0" fmla="at2 sdxC sdyC"/>
      <a:gd name="ist1" fmla="+- ist0 21600000 0"/>
      <a:gd name="istAng0" fmla="?: ist0 ist0 ist1"/>
      <a:gd name="isw1" fmla="+- stAng 0 istAng0"/>
      <a:gd name="isw2" fmla="+- isw1 21600000 0"/>
      <a:gd name="iswAng0" fmla="?: isw1 isw1 isw2"/>
<!-- always positive -->
      <a:gd name="istAng" fmla="+- istAng0 iswAng0 0"/>
      <a:gd name="iswAng" fmla="+- 0 0 iswAng0"/>
<!-- always negative -->
      <a:gd name="p1" fmla="+- xF 0 xC"/>
      <a:gd name="p2" fmla="+- yF 0 yC"/>
      <a:gd name="p3" fmla="mod p1 p2 0"/>
      <a:gd name="p4" fmla="*/ p3 1 2"/>
      <a:gd name="p5" fmla="+- p4 0 thh"/>
      <a:gd name="xGp" fmla="?: p5 xF xG"/>
      <a:gd name="yGp" fmla="?: p5 yF yG"/>
      <a:gd name="xBp" fmla="?: p5 xC xB"/>
      <a:gd name="yBp" fmla="?: p5 yC yB"/>
      <a:gd name="en0" fmla="at2 sdxF sdyF"/>
      <a:gd name="en1" fmla="+- en0 21600000 0"/>
      <a:gd name="en2" fmla="?: en0 en0 en1"/>
      <a:gd name="sw0" fmla="+- en2 0 stAng"/>
      <a:gd name="sw1" fmla="+- sw0 0 21600000"/>
      <a:gd name="swAng" fmla="?: sw0 sw1 sw0"/>
<!-- always negative -->
      <a:gd name="stAng0" fmla="+- stAng swAng 0"/>
<!-- always negative -->
      <a:gd name="swAng0" fmla="+- 0 0 swAng"/>
<!-- always positive -->
      <a:gd name="wtI" fmla="sin rw3 stAng"/>
      <a:gd name="htI" fmla="cos rh3 stAng"/>
      <a:gd name="dxI" fmla="cat2 rw3 htI wtI"/>
      <a:gd name="dyI" fmla="sat2 rh3 htI wtI"/>
      <a:gd name="xI" fmla="+- hc dxI 0"/>
<!-- x pos of mid of arrow shaft base -->
      <a:gd name="yI" fmla="+- vc dyI 0"/>
<!-- y pos of mid of arrow shaft base -->
      <a:gd name="aI" fmla="+- stAng cd4 0"/>
      <a:gd name="aA" fmla="+- ptAng 0 cd4"/>
      <a:gd name="aB" fmla="+- ptAng cd2 0"/>
      <a:gd name="idx" fmla="cos rw1 2700000"/>
      <a:gd name="idy" fmla="sin rh1 2700000"/>
      <a:gd name="il" fmla="+- hc 0 idx"/>
      <a:gd name="ir" fmla="+- hc idx 0"/>
      <a:gd name="it" fmla="+- vc 0 idy"/>
      <a:gd name="ib" fmla="+- vc idy 0"/>
    </a:gdLst>
    <a:rect l="il" t="it" r="ir" b="ib"/>
    <a:pathLst>
      <a:path>
        <a:moveTo>
          <a:pt x="xE" y="yE"/>
        </a:moveTo>
        <a:lnTo>
          <a:pt x="xD" y="yD"/>
        </a:lnTo>
        <a:arcTo wR="rw2" hR="rh2" stAng="istAng" swAng="iswAng"/>
        <a:lnTo>
          <a:pt x="xBp" y="yBp"/>
        </a:lnTo>
        <a:lnTo>
          <a:pt x="xA" y="yA"/>
        </a:lnTo>
        <a:lnTo>
          <a:pt x="xGp" y="yGp"/>
        </a:lnTo>
        <a:lnTo>
          <a:pt x="xF" y="yF"/>
        </a:lnTo>
        <a:arcTo wR="rw1" hR="rh1" stAng="stAng0" swAng="swAng0"/>
        <a:close/>
      </a:path>
    </a:pathLst>
</a:custGeom>
