<a:custGeom xmlns:a="http://schemas.openxmlformats.org/drawingml/2006/main">
    <a:avLst>
      <a:gd name="adj1" fmla="val 50000"/>
<!-- thickness of arrow -->
      <a:gd name="adj2" fmla="val 50000"/>
<!-- angle of arrowhead -->
      <a:gd name="adj3" fmla="val 16667"/>
<!-- 1/6: % height drop -->
    </a:avLst>
    <a:gdLst>
      <a:gd name="a3" fmla="pin 0 adj3 33333"/>
      <a:gd name="maxAdj1" fmla="+- 100000 0 a3"/>
      <a:gd name="a1" fmla="pin 0 adj1 maxAdj1"/>
      <a:gd name="w1" fmla="+- wd2 0 wd32"/>
      <a:gd name="maxAdj2" fmla="*/ 100000 w1 ss"/>
      <a:gd name="a2" fmla="pin 0 adj2 maxAdj2"/>
      <a:gd name="x1" fmla="*/ ss a2 100000"/>
<!-- left arrow head -->
      <a:gd name="x4" fmla="+- r 0 x1"/>
<!-- right arrow head -->
      <a:gd name="dy1" fmla="*/ h a1 200000"/>
<!-- half arrow thickness -->
      <a:gd name="dy2" fmla="*/ h a3 -200000"/>
<!-- minus half height drop -->
      <a:gd name="ly1" fmla="+- vc dy2 dy1"/>
<!-- left arrow upper line -->
      <a:gd name="ry4" fmla="+- vc dy1 dy2"/>
<!-- right arrow lower line -->
      <a:gd name="ly2" fmla="+- ly1 dy1 0"/>
<!-- left arrow head point -->
      <a:gd name="ry3" fmla="+- b 0 ly2"/>
<!-- right arrow head point -->
      <a:gd name="ly4" fmla="*/ ly2 2 1"/>
<!-- left arrow head lower point -->
      <a:gd name="ry1" fmla="+- b 0 ly4"/>
<!-- right arrow head upper point -->
      <a:gd name="ly3" fmla="+- ly4 0 ly1"/>
<!-- left arrow lower line -->
      <a:gd name="ry2" fmla="+- b 0 ly3"/>
<!-- right arrow upper line -->
      <a:gd name="hR" fmla="*/ a3 ss 400000"/>
<!-- height radius of bend -->
      <a:gd name="x2" fmla="+- hc 0 wd32"/>
<!-- right arrow base -->
      <a:gd name="x3" fmla="+- hc wd32 0"/>
<!-- left arrow base -->
      <a:gd name="y1" fmla="+- ly1 hR 0"/>
<!-- upper point of the back face-->
      <a:gd name="y2" fmla="+- ry2 0 hR"/>
<!-- upper point where the right arrow starts -->
    </a:gdLst>
    <a:rect l="x1" t="ly1" r="x4" b="ry4"/>
    <a:pathLst>
      <a:path stroke="false" extrusionOk="false">
<!-- front face -->
        <a:moveTo>
          <a:pt x="l" y="ly2"/>
        </a:moveTo>
        <a:lnTo>
          <a:pt x="x1" y="t"/>
        </a:lnTo>
        <a:lnTo>
          <a:pt x="x1" y="ly1"/>
        </a:lnTo>
        <a:lnTo>
          <a:pt x="hc" y="ly1"/>
        </a:lnTo>
        <a:arcTo wR="wd32" hR="hR" stAng="cd34" swAng="cd2"/>
        <a:arcTo wR="wd32" hR="hR" stAng="cd34" swAng="-10800000"/>
        <a:lnTo>
          <a:pt x="x4" y="ry2"/>
        </a:lnTo>
        <a:lnTo>
          <a:pt x="x4" y="ry1"/>
        </a:lnTo>
        <a:lnTo>
          <a:pt x="r" y="ry3"/>
        </a:lnTo>
        <a:lnTo>
          <a:pt x="x4" y="b"/>
        </a:lnTo>
        <a:lnTo>
          <a:pt x="x4" y="ry4"/>
        </a:lnTo>
        <a:lnTo>
          <a:pt x="hc" y="ry4"/>
        </a:lnTo>
        <a:arcTo wR="wd32" hR="hR" stAng="cd4" swAng="cd4"/>
        <a:lnTo>
          <a:pt x="x2" y="ly3"/>
        </a:lnTo>
        <a:lnTo>
          <a:pt x="x1" y="ly3"/>
        </a:lnTo>
        <a:lnTo>
          <a:pt x="x1" y="ly4"/>
        </a:lnTo>
        <a:close/>
      </a:path>
      <a:path stroke="false" fill="darkenLess" extrusionOk="false">
<!-- back face -->
        <a:moveTo>
          <a:pt x="x3" y="y1"/>
        </a:moveTo>
        <a:arcTo wR="wd32" hR="hR" stAng="0" swAng="cd4"/>
        <a:arcTo wR="wd32" hR="hR" stAng="cd34" swAng="-10800000"/>
        <a:lnTo>
          <a:pt x="x3" y="ry2"/>
        </a:lnTo>
        <a:close/>
      </a:path>
      <a:path fill="none" extrusionOk="false">
<!-- lines -->
        <a:moveTo>
          <a:pt x="l" y="ly2"/>
        </a:moveTo>
        <a:lnTo>
          <a:pt x="x1" y="t"/>
        </a:lnTo>
        <a:lnTo>
          <a:pt x="x1" y="ly1"/>
        </a:lnTo>
        <a:lnTo>
          <a:pt x="hc" y="ly1"/>
        </a:lnTo>
        <a:arcTo wR="wd32" hR="hR" stAng="cd34" swAng="cd2"/>
        <a:arcTo wR="wd32" hR="hR" stAng="cd34" swAng="-10800000"/>
        <a:lnTo>
          <a:pt x="x4" y="ry2"/>
        </a:lnTo>
        <a:lnTo>
          <a:pt x="x4" y="ry1"/>
        </a:lnTo>
        <a:lnTo>
          <a:pt x="r" y="ry3"/>
        </a:lnTo>
        <a:lnTo>
          <a:pt x="x4" y="b"/>
        </a:lnTo>
        <a:lnTo>
          <a:pt x="x4" y="ry4"/>
        </a:lnTo>
        <a:lnTo>
          <a:pt x="hc" y="ry4"/>
        </a:lnTo>
        <a:arcTo wR="wd32" hR="hR" stAng="cd4" swAng="cd4"/>
        <a:lnTo>
          <a:pt x="x2" y="ly3"/>
        </a:lnTo>
        <a:lnTo>
          <a:pt x="x1" y="ly3"/>
        </a:lnTo>
        <a:lnTo>
          <a:pt x="x1" y="ly4"/>
        </a:lnTo>
        <a:close/>
        <a:moveTo>
          <a:pt x="x3" y="y1"/>
        </a:moveTo>
        <a:lnTo>
          <a:pt x="x3" y="ry2"/>
        </a:lnTo>
        <a:moveTo>
          <a:pt x="x2" y="y2"/>
        </a:moveTo>
        <a:lnTo>
          <a:pt x="x2" y="ly3"/>
        </a:lnTo>
      </a:path>
    </a:pathLst>
</a:custGeom>
