<a:custGeom xmlns:a="http://schemas.openxmlformats.org/drawingml/2006/3/main">
    <a:avLst>
      <a:gd name="adj1" fmla="val 8333"/>
<!-- 1/12th: amount of round -->
      <a:gd name="adj2" fmla="val 50000"/>
<!-- 50%: height of point -->
    </a:avLst>
    <a:gdLst>
      <a:gd name="a2" fmla="pin 0 adj2 100000"/>
      <a:gd name="q1" fmla="+- 100000 0 a2"/>
<!-- other side of point -->
      <a:gd name="q2" fmla="min q1 a2"/>
<!-- smaller side -->
      <a:gd name="q3" fmla="*/ q2 1 2"/>
<!-- half small side -->
      <a:gd name="maxAdj1" fmla="*/ q3 h ss"/>
<!-- half small side of the height -->
      <a:gd name="a1" fmla="pin 0 adj1 maxAdj1"/>
      <a:gd name="y1" fmla="*/ ss a1 100000"/>
<!-- bottom of upper top bend -->
      <a:gd name="y3" fmla="*/ h a2 100000"/>
<!-- y pos of brace point  -->
      <a:gd name="y4" fmla="+- y3 y1 0"/>
<!-- bottom of lower top bend -->
      <a:gd name="dx1" fmla="cos wd2 2700000"/>
      <a:gd name="dy1" fmla="sin y1 2700000"/>
      <a:gd name="il" fmla="+- r 0 dx1"/>
      <a:gd name="it" fmla="+- y1 0 dy1"/>
      <a:gd name="ib" fmla="+- b dy1 y1"/>
    </a:gdLst>
    <a:rect l="il" t="it" r="r" b="ib"/>
    <a:pathLst>
      <a:path stroke="false" extrusionOk="false">
<!-- fill face -->
        <a:moveTo>
          <a:pt x="r" y="b"/>
        </a:moveTo>
        <a:arcTo wR="wd2" hR="y1" stAng="cd4" swAng="cd4"/>
        <a:lnTo>
          <a:pt x="hc" y="y4"/>
        </a:lnTo>
        <a:arcTo wR="wd2" hR="y1" stAng="0" swAng="-5400000"/>
        <a:arcTo wR="wd2" hR="y1" stAng="cd4" swAng="-5400000"/>
        <a:lnTo>
          <a:pt x="hc" y="y1"/>
        </a:lnTo>
        <a:arcTo wR="wd2" hR="y1" stAng="cd2" swAng="cd4"/>
        <a:close/>
      </a:path>
      <a:path fill="none">
<!-- lines -->
        <a:moveTo>
          <a:pt x="r" y="b"/>
        </a:moveTo>
        <a:arcTo wR="wd2" hR="y1" stAng="cd4" swAng="cd4"/>
        <a:lnTo>
          <a:pt x="hc" y="y4"/>
        </a:lnTo>
        <a:arcTo wR="wd2" hR="y1" stAng="0" swAng="-5400000"/>
        <a:arcTo wR="wd2" hR="y1" stAng="cd4" swAng="-5400000"/>
        <a:lnTo>
          <a:pt x="hc" y="y1"/>
        </a:lnTo>
        <a:arcTo wR="wd2" hR="y1" stAng="cd2" swAng="cd4"/>
      </a:path>
    </a:pathLst>
</a:custGeom>
