<a:custGeom xmlns:a="http://schemas.openxmlformats.org/drawingml/2006/main">
    <a:avLst>
      <a:gd name="adj" fmla="val 8333"/>
<!-- 1/12th -->
    </a:avLst>
    <a:gdLst>
      <a:gd name="maxAdj" fmla="*/ 50000 h ss"/>
<!-- 50% of the height -->
      <a:gd name="a" fmla="pin 0 adj maxAdj"/>
      <a:gd name="y1" fmla="*/ ss a 100000"/>
<!-- bottom of top bend -->
      <a:gd name="y2" fmla="+- b 0 y1"/>
<!-- top of bottom bend -->
      <a:gd name="dx1" fmla="cos w 2700000"/>
      <a:gd name="dy1" fmla="sin y1 2700000"/>
      <a:gd name="il" fmla="+- r 0 dx1"/>
      <a:gd name="it" fmla="+- y1 0 dy1"/>
      <a:gd name="ib" fmla="+- b dy1 y1"/>
    </a:gdLst>
    <a:rect l="il" t="it" r="r" b="ib"/>
    <a:pathLst>
      <a:path stroke="false" extrusionOk="false">
<!-- fill face -->
        <a:moveTo>
          <a:pt x="r" y="b"/>
        </a:moveTo>
        <a:arcTo wR="w" hR="y1" stAng="cd4" swAng="cd4"/>
        <a:lnTo>
          <a:pt x="l" y="y1"/>
        </a:lnTo>
        <a:arcTo wR="w" hR="y1" stAng="cd2" swAng="cd4"/>
        <a:close/>
      </a:path>
      <a:path fill="none">
<!-- lines -->
        <a:moveTo>
          <a:pt x="r" y="b"/>
        </a:moveTo>
        <a:arcTo wR="w" hR="y1" stAng="cd4" swAng="cd4"/>
        <a:lnTo>
          <a:pt x="l" y="y1"/>
        </a:lnTo>
        <a:arcTo wR="w" hR="y1" stAng="cd2" swAng="cd4"/>
      </a:path>
    </a:pathLst>
</a:custGeom>
