<a:custGeom xmlns:a="http://schemas.openxmlformats.org/drawingml/2006/3/main">
    <a:avLst>
      <a:gd name="adj1" fmla="val 50000"/>
<!-- thickness of arrow -->
      <a:gd name="adj2" fmla="val 50000"/>
<!-- angle of arrowhead -->
    </a:avLst>
    <a:gdLst>
      <a:gd name="maxAdj2" fmla="*/ 50000 w ss"/>
<!-- half width -->
      <a:gd name="a1" fmla="pin 0 adj1 100000"/>
      <a:gd name="a2" fmla="pin 0 adj2 maxAdj2"/>
      <a:gd name="x2" fmla="*/ ss a2 100000"/>
      <a:gd name="x3" fmla="+- r 0 x2"/>
      <a:gd name="dy" fmla="*/ h a1 200000"/>
      <a:gd name="y1" fmla="+- vc 0 dy"/>
      <a:gd name="y2" fmla="+- vc dy 0"/>
      <a:gd name="dx1" fmla="*/ y1 x2 hd2"/>
      <a:gd name="x1" fmla="+- x2 0 dx1"/>
      <a:gd name="x4" fmla="+- x3 dx1 0"/>
    </a:gdLst>
    <a:rect l="x1" t="y1" r="x4" b="y2"/>
    <a:pathLst>
      <a:path>
        <a:moveTo>
          <a:pt x="l" y="vc"/>
        </a:moveTo>
        <a:lnTo>
          <a:pt x="x2" y="t"/>
        </a:lnTo>
        <a:lnTo>
          <a:pt x="x2" y="y1"/>
        </a:lnTo>
        <a:lnTo>
          <a:pt x="x3" y="y1"/>
        </a:lnTo>
        <a:lnTo>
          <a:pt x="x3" y="t"/>
        </a:lnTo>
        <a:lnTo>
          <a:pt x="r" y="vc"/>
        </a:lnTo>
        <a:lnTo>
          <a:pt x="x3" y="b"/>
        </a:lnTo>
        <a:lnTo>
          <a:pt x="x3" y="y2"/>
        </a:lnTo>
        <a:lnTo>
          <a:pt x="x2" y="y2"/>
        </a:lnTo>
        <a:lnTo>
          <a:pt x="x2" y="b"/>
        </a:lnTo>
        <a:close/>
      </a:path>
    </a:pathLst>
</a:custGeom>
