<a:custGeom xmlns:a="http://schemas.openxmlformats.org/drawingml/2006/main">
    <a:avLst>
      <a:gd name="adj1" fmla="val 25000"/>
<!-- thickness of arrow -->
      <a:gd name="adj2" fmla="val 25000"/>
<!-- half width of arrowhead -->
      <a:gd name="adj3" fmla="val 25000"/>
<!-- height of arrowhead -->
    </a:avLst>
    <a:gdLst>
      <a:gd name="a2" fmla="pin 0 adj2 50000"/>
      <a:gd name="maxAdj1" fmla="*/ a2 2 1"/>
      <a:gd name="a1" fmla="pin 0 adj1 maxAdj1"/>
      <a:gd name="q1" fmla="+- 100000 0 maxAdj1"/>
      <a:gd name="maxAdj3" fmla="*/ q1 1 2"/>
      <a:gd name="a3" fmla="pin 0 adj3 maxAdj3"/>
      <a:gd name="x1" fmla="*/ ss a3 100000"/>
      <a:gd name="dx2" fmla="*/ ss a2 100000"/>
<!-- half width of head -->
      <a:gd name="x2" fmla="+- hc 0 dx2"/>
      <a:gd name="x5" fmla="+- hc dx2 0"/>
      <a:gd name="dx3" fmla="*/ ss a1 200000"/>
<!-- half width of shaft -->
      <a:gd name="x3" fmla="+- hc 0 dx3"/>
      <a:gd name="x4" fmla="+- hc dx3 0"/>
      <a:gd name="x6" fmla="+- r 0 x1"/>
<!-- y1 == x1 -->
      <a:gd name="dy2" fmla="*/ ss a2 50000"/>
<!-- full width of head -->
      <a:gd name="y2" fmla="+- b 0 dy2"/>
      <a:gd name="y4" fmla="+- b 0 dx2"/>
      <a:gd name="y3" fmla="+- y4 0 dx3"/>
      <a:gd name="y5" fmla="+- y4 dx3 0"/>
      <a:gd name="il" fmla="*/ dx3 x1 dx2"/>
      <a:gd name="ir" fmla="+- r 0 il"/>
    </a:gdLst>
    <a:rect l="il" t="y3" r="ir" b="y5"/>
    <a:pathLst>
      <a:path>
        <a:moveTo>
          <a:pt x="l" y="y4"/>
        </a:moveTo>
        <a:lnTo>
          <a:pt x="x1" y="y2"/>
        </a:lnTo>
        <a:lnTo>
          <a:pt x="x1" y="y3"/>
        </a:lnTo>
        <a:lnTo>
          <a:pt x="x3" y="y3"/>
        </a:lnTo>
        <a:lnTo>
          <a:pt x="x3" y="x1"/>
        </a:lnTo>
        <a:lnTo>
          <a:pt x="x2" y="x1"/>
        </a:lnTo>
        <a:lnTo>
          <a:pt x="hc" y="t"/>
        </a:lnTo>
        <a:lnTo>
          <a:pt x="x5" y="x1"/>
        </a:lnTo>
        <a:lnTo>
          <a:pt x="x4" y="x1"/>
        </a:lnTo>
        <a:lnTo>
          <a:pt x="x4" y="y3"/>
        </a:lnTo>
        <a:lnTo>
          <a:pt x="x6" y="y3"/>
        </a:lnTo>
        <a:lnTo>
          <a:pt x="x6" y="y2"/>
        </a:lnTo>
        <a:lnTo>
          <a:pt x="r" y="y4"/>
        </a:lnTo>
        <a:lnTo>
          <a:pt x="x6" y="b"/>
        </a:lnTo>
        <a:lnTo>
          <a:pt x="x6" y="y5"/>
        </a:lnTo>
        <a:lnTo>
          <a:pt x="x1" y="y5"/>
        </a:lnTo>
        <a:lnTo>
          <a:pt x="x1" y="b"/>
        </a:lnTo>
        <a:close/>
      </a:path>
    </a:pathLst>
</a:custGeom>
