<a:custGeom xmlns:a="http://schemas.openxmlformats.org/drawingml/2006/main">
    <a:gdLst>
      <a:gd name="x1" fmla="*/ w 5022 21600"/>
      <a:gd name="x3" fmla="*/ w 8472 21600"/>
      <a:gd name="x4" fmla="*/ w 8757 21600"/>
<!-- text rect left -->
      <a:gd name="x5" fmla="*/ w 10012 21600"/>
      <a:gd name="x8" fmla="*/ w 12860 21600"/>
      <a:gd name="x9" fmla="*/ w 13917 21600"/>
<!-- text rect right -->
      <a:gd name="x11" fmla="*/ w 16577 21600"/>
      <a:gd name="y1" fmla="*/ h 3890 21600"/>
      <a:gd name="y2" fmla="*/ h 6080 21600"/>
      <a:gd name="y4" fmla="*/ h 7437 21600"/>
<!-- text rect top -->
      <a:gd name="y6" fmla="*/ h 9705 21600"/>
      <a:gd name="y7" fmla="*/ h 12007 21600"/>
      <a:gd name="y10" fmla="*/ h 14277 21600"/>
<!-- text rect bottom -->
      <a:gd name="y11" fmla="*/ h 14915 21600"/>
    </a:gdLst>
    <a:rect l="x4" t="y4" r="x9" b="y10"/>
    <a:pathLst>
      <a:path w="21600" h="21600">
        <a:moveTo>
          <a:pt x="8472" y="0"/>
        </a:moveTo>
        <a:lnTo>
          <a:pt x="12860" y="6080"/>
        </a:lnTo>
        <a:lnTo>
          <a:pt x="11050" y="6797"/>
        </a:lnTo>
        <a:lnTo>
          <a:pt x="16577" y="12007"/>
        </a:lnTo>
        <a:lnTo>
          <a:pt x="14767" y="12877"/>
        </a:lnTo>
        <a:lnTo>
          <a:pt x="21600" y="21600"/>
        </a:lnTo>
        <a:lnTo>
          <a:pt x="10012" y="14915"/>
        </a:lnTo>
        <a:lnTo>
          <a:pt x="12222" y="13987"/>
        </a:lnTo>
        <a:lnTo>
          <a:pt x="5022" y="9705"/>
        </a:lnTo>
        <a:lnTo>
          <a:pt x="7602" y="8382"/>
        </a:lnTo>
        <a:lnTo>
          <a:pt x="0" y="3890"/>
        </a:lnTo>
        <a:close/>
      </a:path>
    </a:pathLst>
</a:custGeom>
