<a:custGeom xmlns:a="http://schemas.openxmlformats.org/drawingml/2006/main">
    <a:avLst>
      <a:gd name="adj1" fmla="val 23520"/>
<!--thickness of the stroke-->
    </a:avLst>
    <a:gdLst>
      <a:gd name="a1" fmla="pin 0 adj1 100000"/>
      <a:gd name="rh" fmla="*/ h a1 200000"/>
<!--half bar height-->
      <a:gd name="rw" fmla="*/ w 73490 200000"/>
<!--half bar width-->
      <a:gd name="y1" fmla="+- vc 0 rh"/>
<!--top of bar-->
      <a:gd name="y2" fmla="+- vc rh 0"/>
<!--bottom of bar-->
      <a:gd name="x1" fmla="+- hc 0 rw"/>
<!--left side of bar-->
      <a:gd name="x2" fmla="+- hc rw 0"/>
<!--right side of bar-->
    </a:gdLst>
    <a:rect l="x1" t="y1" r="x2" b="y2"/>
    <a:pathLst>
      <a:path>
        <a:moveTo>
          <a:pt x="x1" y="y1"/>
        </a:moveTo>
        <a:lnTo>
          <a:pt x="x2" y="y1"/>
        </a:lnTo>
        <a:lnTo>
          <a:pt x="x2" y="y2"/>
        </a:lnTo>
        <a:lnTo>
          <a:pt x="x1" y="y2"/>
        </a:lnTo>
        <a:close/>
      </a:path>
    </a:pathLst>
</a:custGeom>
