<a:custGeom xmlns:a="http://schemas.openxmlformats.org/drawingml/2006/3/main">
    <a:avLst>
      <a:gd name="adj1" fmla="val 23520"/>
<!-- thickness of the stroke -->
      <a:gd name="adj2" fmla="val 6600000"/>
<!-- angle of the cross piece -->
      <a:gd name="adj3" fmla="val 11760"/>
<!-- gap between horizontal bars -->
    </a:avLst>
    <a:gdLst>
      <a:gd name="a1" fmla="pin 0 adj1 50000"/>
      <a:gd name="crAng" fmla="pin 4200000 adj2 6600000"/>
<!-- between 70 and 110 degrees-->
<!-- maximum value for adj3 -->
      <a:gd name="2a1" fmla="*/ a1 2 1"/>
      <a:gd name="maxAdj3" fmla="+- 100000 0 2a1"/>
      <a:gd name="a3" fmla="pin 0 adj3 maxAdj3"/>
      <a:gd name="rh" fmla="*/ h a1 100000"/>
<!-- bar height -->
      <a:gd name="hg" fmla="*/ h a3 200000"/>
<!-- half gap betweeen horizontal bars -->
      <a:gd name="rwd" fmla="*/ w 73490 200000"/>
<!-- half width of the horizontal bars -->
      <a:gd name="x1" fmla="+- hc 0 rwd"/>
<!-- left side of the horizontal bars-->
      <a:gd name="x8" fmla="+- hc rwd 0"/>
<!-- right side of the horizontal bars-->
      <a:gd name="y3" fmla="+- vc 0 hg"/>
<!-- bottom of first horizontal bar-->
      <a:gd name="y4" fmla="+- vc hg 0"/>
<!-- top of second horizontal bar-->
      <a:gd name="y2" fmla="+- y3 0 rh"/>
<!-- top of first horizontal bar-->
      <a:gd name="y5" fmla="+- y4 rh 0"/>
<!-- bottom of second horizontal bar-->
      <a:gd name="cadj2" fmla="+- crAng 0 cd4"/>
      <a:gd name="xadj2" fmla="tan hd2 cadj2"/>
<!-- distance from the horizontal center to the point -->
<!-- where the middle of the crossing bar reaches the top margin -->
      <a:gd name="len" fmla="mod xadj2 hd2 0"/>
<!-- half length of the line that is in the middle of the crossing bar -->
<!-- and touches the top and bottom margins -->
      <a:gd name="bhw" fmla="*/ len rh hd2"/>
<!-- horizontal width between left and right of the crossing bar -->
      <a:gd name="bhw2" fmla="*/ bhw 1 2"/>
      <a:gd name="x7" fmla="+- hc xadj2 bhw2"/>
<!-- point where the left of the crossing bar reaches top margin -->
      <a:gd name="dx67" fmla="*/ xadj2 y2 hd2"/>
      <a:gd name="x6" fmla="+- x7 0 dx67"/>
<!-- point where the left of the crossing bar reaches top of first horizontal bar -->
      <a:gd name="dx57" fmla="*/ xadj2 y3 hd2"/>
      <a:gd name="x5" fmla="+- x7 0 dx57"/>
<!-- point where the left of the crossing bar reaches bottom of first horizontal bar -->
      <a:gd name="dx47" fmla="*/ xadj2 y4 hd2"/>
      <a:gd name="x4" fmla="+- x7 0 dx47"/>
<!-- point where the left of the crossing bar reaches top of second horizontal bar -->
      <a:gd name="dx37" fmla="*/ xadj2 y5 hd2"/>
      <a:gd name="x3" fmla="+- x7 0 dx37"/>
<!-- point where the left of the crossing bar reaches bottom of second horizontal bar -->
      <a:gd name="dx27" fmla="*/ xadj2 2 1"/>
      <a:gd name="x2" fmla="+- x7 0 dx27"/>
<!-- point where the left of the crossing bar reaches bottom margin -->
      <a:gd name="rx7" fmla="+- x7 bhw 0"/>
<!-- point where the right of the crossing bar reaches top margin -->
      <a:gd name="rx6" fmla="+- x6 bhw 0"/>
<!-- point where the right of the crossing bar reaches top of first horizontal bar -->
      <a:gd name="rx5" fmla="+- x5 bhw 0"/>
<!-- point where the right of the crossing bar reaches bottom of first horizontal bar -->
      <a:gd name="rx4" fmla="+- x4 bhw 0"/>
<!-- point where the right of the crossing bar reaches top of second horizontal bar -->
      <a:gd name="rx3" fmla="+- x3 bhw 0"/>
<!-- point where the right of the crossing bar reaches bottom of second horizontal bar -->
      <a:gd name="rx2" fmla="+- x2 bhw 0"/>
<!-- point where the right of the crossing bar reaches bottom margin -->
<!-- depending on the adj2 (if is > or < 90) the left or the right part of the crossing bar will touch the top/bottom margin -->
      <a:gd name="dx7" fmla="*/ rh hd2 len"/>
      <a:gd name="rxt" fmla="+- x7 dx7 0"/>
<!-- point where the right of the crossing bar ends when it doesn't touch the top margin -->
      <a:gd name="lxt" fmla="+- rx7 0 dx7"/>
<!-- point where the left of the crossing bar ends when it doesn't touch the top margin -->
      <a:gd name="rx" fmla="?: cadj2 rxt rx7"/>
<!-- upper right point the crossing bar -->
      <a:gd name="lx" fmla="?: cadj2 x7 lxt"/>
<!-- upper left point of the crossing bar -->
      <a:gd name="dy1" fmla="*/ rh xadj2 len"/>
      <a:gd name="dy2" fmla="+- 0 0 dy1"/>
      <a:gd name="ry" fmla="?: cadj2 dy1 t"/>
<!-- upper right point of the crossing bar -->
      <a:gd name="ly" fmla="?: cadj2 t dy2"/>
<!-- upper left point of the crossing bar -->
      <a:gd name="dlx" fmla="+- w 0 rx"/>
<!-- lower left point of the crossing bar -->
      <a:gd name="drx" fmla="+- w 0 lx"/>
<!-- lower right point of the crossing bar -->
      <a:gd name="dly" fmla="+- h 0 ry"/>
<!-- lower left point of the crossing bar -->
      <a:gd name="dry" fmla="+- h 0 ly"/>
<!-- lower right point of the crossing bar -->
<!--connection points-->
      <a:gd name="xC1" fmla="+/ rx lx 2"/>
<!-- upper middle of the crossing bar-->
      <a:gd name="xC2" fmla="+/ drx dlx 2"/>
<!-- lower middle of the crossing bar-->
      <a:gd name="yC1" fmla="+/ ry ly 2"/>
<!-- upper middle of the crossing bar -->
      <a:gd name="yC2" fmla="+/ y2 y3 2"/>
<!-- middle of the first horizontal bar -->
      <a:gd name="yC3" fmla="+/ y4 y5 2"/>
<!-- middle of the second horizontal bar -->
      <a:gd name="yC4" fmla="+/ dry dly 2"/>
<!-- lower middle of the crossing bar -->
    </a:gdLst>
    <a:rect l="x1" t="y2" r="x8" b="y5"/>
    <a:pathLst>
      <a:path>
        <a:moveTo>
          <a:pt x="x1" y="y2"/>
        </a:moveTo>
        <a:lnTo>
          <a:pt x="x6" y="y2"/>
        </a:lnTo>
        <a:lnTo>
          <a:pt x="lx" y="ly"/>
        </a:lnTo>
        <a:lnTo>
          <a:pt x="rx" y="ry"/>
        </a:lnTo>
        <a:lnTo>
          <a:pt x="rx6" y="y2"/>
        </a:lnTo>
        <a:lnTo>
          <a:pt x="x8" y="y2"/>
        </a:lnTo>
        <a:lnTo>
          <a:pt x="x8" y="y3"/>
        </a:lnTo>
        <a:lnTo>
          <a:pt x="rx5" y="y3"/>
        </a:lnTo>
        <a:lnTo>
          <a:pt x="rx4" y="y4"/>
        </a:lnTo>
        <a:lnTo>
          <a:pt x="x8" y="y4"/>
        </a:lnTo>
        <a:lnTo>
          <a:pt x="x8" y="y5"/>
        </a:lnTo>
        <a:lnTo>
          <a:pt x="rx3" y="y5"/>
        </a:lnTo>
        <a:lnTo>
          <a:pt x="drx" y="dry"/>
        </a:lnTo>
        <a:lnTo>
          <a:pt x="dlx" y="dly"/>
        </a:lnTo>
        <a:lnTo>
          <a:pt x="x3" y="y5"/>
        </a:lnTo>
        <a:lnTo>
          <a:pt x="x1" y="y5"/>
        </a:lnTo>
        <a:lnTo>
          <a:pt x="x1" y="y4"/>
        </a:lnTo>
        <a:lnTo>
          <a:pt x="x4" y="y4"/>
        </a:lnTo>
        <a:lnTo>
          <a:pt x="x5" y="y3"/>
        </a:lnTo>
        <a:lnTo>
          <a:pt x="x1" y="y3"/>
        </a:lnTo>
        <a:close/>
      </a:path>
    </a:pathLst>
</a:custGeom>
