<a:custGeom xmlns:a="http://schemas.openxmlformats.org/drawingml/2006/main">
    <a:avLst>
      <a:gd name="adj1" fmla="val 23520"/>
<!--thickness of the stroke-->
      <a:gd name="adj2" fmla="val 11760"/>
<!--gap between bars-->
    </a:avLst>
    <a:gdLst>
      <a:gd name="a1" fmla="pin 0 adj1 36745"/>
<!-- max adj2 -->
      <a:gd name="2a1" fmla="*/ a1 2 1"/>
<!--double rectangle height-->
      <a:gd name="mAdj2" fmla="+- 100000 0 2a1"/>
      <a:gd name="a2" fmla="pin 0 adj2 mAdj2"/>
      <a:gd name="rh" fmla="*/ h a1 100000"/>
<!--bar height-->
      <a:gd name="gh" fmla="*/ h a2 200000"/>
<!--half gap height-->
      <a:gd name="rw" fmla="*/ w 73490 200000"/>
<!--half bar width-->
      <a:gd name="y2" fmla="+- vc 0 gh"/>
<!--bottom of first bar-->
      <a:gd name="y3" fmla="+- vc gh 0"/>
<!--top of second bar-->
      <a:gd name="y1" fmla="+- y2 0 rh"/>
<!--top of first bar-->
      <a:gd name="y4" fmla="+- y3 rh 0"/>
<!--bottom of second bar-->
      <a:gd name="x1" fmla="+- hc 0 rw"/>
<!--left side of the bars-->
      <a:gd name="x2" fmla="+- hc rw 0"/>
<!--right side of the bars-->
<!-- connection points-->
      <a:gd name="yC1" fmla="+/ y1 y2 2"/>
<!-- middle of first bar-->
      <a:gd name="yC2" fmla="+/ y3 y4 2"/>
<!-- middle of second bar-->
    </a:gdLst>
    <a:rect l="x1" t="y1" r="x2" b="y4"/>
    <a:pathLst>
      <a:path>
        <a:moveTo>
          <a:pt x="x1" y="y1"/>
        </a:moveTo>
        <a:lnTo>
          <a:pt x="x2" y="y1"/>
        </a:lnTo>
        <a:lnTo>
          <a:pt x="x2" y="y2"/>
        </a:lnTo>
        <a:lnTo>
          <a:pt x="x1" y="y2"/>
        </a:lnTo>
        <a:close/>
        <a:moveTo>
          <a:pt x="x1" y="y3"/>
        </a:moveTo>
        <a:lnTo>
          <a:pt x="x2" y="y3"/>
        </a:lnTo>
        <a:lnTo>
          <a:pt x="x2" y="y4"/>
        </a:lnTo>
        <a:lnTo>
          <a:pt x="x1" y="y4"/>
        </a:lnTo>
        <a:close/>
      </a:path>
    </a:pathLst>
</a:custGeom>
