<a:custGeom xmlns:a="http://schemas.openxmlformats.org/drawingml/2006/main">
    <a:avLst>
      <a:gd name="adj1" fmla="val 23520"/>
<!--thickness of the stroke-->
    </a:avLst>
    <a:gdLst>
      <a:gd name="a1" fmla="pin 0 adj1 73490"/>
      <a:gd name="a" fmla="*/ ss a1 200000"/>
<!--half stroke thickness -->
      <a:gd name="hrw" fmla="*/ w 73490 200000"/>
<!--half horizontal bar width-->
      <a:gd name="vrh" fmla="*/ h 73490 200000"/>
<!--half vertical bar height-->
      <a:gd name="x1" fmla="+- hc 0 hrw"/>
<!--left side of horz bar-->
      <a:gd name="x2" fmla="+- hc 0 a"/>
<!--left side of vert bar-->
      <a:gd name="x3" fmla="+- hc a 0"/>
<!--right side of vert bar-->
      <a:gd name="x4" fmla="+- hc hrw 0"/>
<!--right side of horz bar-->
      <a:gd name="y1" fmla="+- vc 0 vrh"/>
<!--top of vert bar-->
      <a:gd name="y2" fmla="+- vc 0 a"/>
<!--top of horz bar-->
      <a:gd name="y3" fmla="+- vc a 0"/>
<!--bottom of horz bar-->
      <a:gd name="y4" fmla="+- vc vrh 0"/>
<!--bottom of vert bar-->
    </a:gdLst>
    <a:rect l="x1" t="y2" r="x4" b="y3"/>
    <a:pathLst>
      <a:path>
        <a:moveTo>
          <a:pt x="x1" y="y2"/>
        </a:moveTo>
        <a:lnTo>
          <a:pt x="x2" y="y2"/>
        </a:lnTo>
        <a:lnTo>
          <a:pt x="x2" y="y1"/>
        </a:lnTo>
        <a:lnTo>
          <a:pt x="x3" y="y1"/>
        </a:lnTo>
        <a:lnTo>
          <a:pt x="x3" y="y2"/>
        </a:lnTo>
        <a:lnTo>
          <a:pt x="x4" y="y2"/>
        </a:lnTo>
        <a:lnTo>
          <a:pt x="x4" y="y3"/>
        </a:lnTo>
        <a:lnTo>
          <a:pt x="x3" y="y3"/>
        </a:lnTo>
        <a:lnTo>
          <a:pt x="x3" y="y4"/>
        </a:lnTo>
        <a:lnTo>
          <a:pt x="x2" y="y4"/>
        </a:lnTo>
        <a:lnTo>
          <a:pt x="x2" y="y3"/>
        </a:lnTo>
        <a:lnTo>
          <a:pt x="x1" y="y3"/>
        </a:lnTo>
        <a:close/>
      </a:path>
    </a:pathLst>
</a:custGeom>
