<a:custGeom xmlns:a="http://schemas.openxmlformats.org/drawingml/2006/main">
    <a:avLst>
      <a:gd name="adj1" fmla="val 23520"/>
<!--thickness of the stroke-->
      <a:gd name="adj2" fmla="val 5880"/>
<!--gap between circle and bar-->
      <a:gd name="adj3" fmla="val 11760"/>
<!--circle radius-->
    </a:avLst>
    <a:gdLst>
<!-- max for adj points -->
      <a:gd name="a1" fmla="pin 1000 adj1 36745"/>
      <a:gd name="ma1" fmla="+- 0 0 a1"/>
<!-- -a1 -->
      <a:gd name="ma3h" fmla="+/ 73490 ma1 4"/>
<!-- max height = a quarter of the allowed height minus a1 -->
      <a:gd name="ma3w" fmla="*/ 36745 w h"/>
<!-- max width = half of the allowed width -->
      <a:gd name="maxAdj3" fmla="min ma3h ma3w"/>
      <a:gd name="a3" fmla="pin 1000 adj3 maxAdj3"/>
      <a:gd name="m4a3" fmla="*/ -4 a3 1"/>
<!-- -4*a3 -->
      <a:gd name="maxAdj2" fmla="+- 73490 m4a3 a1"/>
      <a:gd name="a2" fmla="pin 0 adj2 maxAdj2"/>
      <a:gd name="hr" fmla="*/ h a1 200000"/>
<!-- half bar height-->
      <a:gd name="yg" fmla="*/ h a2 100000"/>
<!--gap betweeen circle and bar-->
      <a:gd name="rad" fmla="*/ h a3 100000"/>
<!--circle radius-->
      <a:gd name="rw" fmla="*/ w 73490 200000"/>
<!--half bar width-->
      <a:gd name="y3" fmla="+- vc 0 hr"/>
<!--top of the bar-->
      <a:gd name="y4" fmla="+- vc hr 0"/>
<!--bottom of the bar-->
      <a:gd name="a" fmla="+- yg rad 0"/>
      <a:gd name="y2" fmla="+- y3 0 a"/>
<!--center of the upper circle-->
      <a:gd name="y1" fmla="+- y2 0 rad"/>
<!--top of the upper circle-->
      <a:gd name="y5" fmla="+- b 0 y1"/>
<!--bottom of the lower circle-->
      <a:gd name="x1" fmla="+- hc 0 rw"/>
<!--left side of the bar-->
      <a:gd name="x3" fmla="+- hc rw 0"/>
<!--right side of the bar-->
      <a:gd name="x2" fmla="+- hc 0 rad"/>
<!--point on the left of the circle-->
    </a:gdLst>
    <a:rect l="x1" t="y3" r="x3" b="y4"/>
    <a:pathLst>
      <a:path>
        <a:moveTo>
          <a:pt x="hc" y="y1"/>
        </a:moveTo>
        <a:arcTo hR="rad" wR="rad" stAng="cd34" swAng="21600000"/>
        <a:close/>
        <a:moveTo>
          <a:pt x="hc" y="y5"/>
        </a:moveTo>
        <a:arcTo hR="rad" wR="rad" stAng="cd4" swAng="21600000"/>
        <a:close/>
        <a:moveTo>
          <a:pt x="x1" y="y3"/>
        </a:moveTo>
        <a:lnTo>
          <a:pt x="x3" y="y3"/>
        </a:lnTo>
        <a:lnTo>
          <a:pt x="x3" y="y4"/>
        </a:lnTo>
        <a:lnTo>
          <a:pt x="x1" y="y4"/>
        </a:lnTo>
        <a:close/>
      </a:path>
    </a:pathLst>
</a:custGeom>
