<a:custGeom xmlns:a="http://schemas.openxmlformats.org/drawingml/2006/main">
    <a:avLst>
      <a:gd name="adj1" fmla="val 23520"/>
<!--thickness of the stroke-->
    </a:avLst>
    <a:gdLst>
<!-- I put a letter on each vertex, staring from the left top and going into clockwise direction-->
<!-- if the x or y value for a point is hard coded, or it's equal to the value for other point, already defined, I don't define it-->
<!--maximum value for adj-->
      <a:gd name="a1" fmla="pin 0 adj1 51965"/>
<!--(50% of 73490 )*sqrt(2)-->
      <a:gd name="th" fmla="*/ ss a1 100000"/>
<!--thickness of the stroke-->
      <a:gd name="a" fmla="at2 w h"/>
      <a:gd name="sa" fmla="sin 1 a"/>
      <a:gd name="ca" fmla="cos 1 a"/>
      <a:gd name="ta" fmla="tan 1 a"/>
<!-- rectangle width  = .7349 on a 1x1 inch bounding box-->
      <a:gd name="dl" fmla="mod w h 0"/>
<!--diagonal length-->
      <a:gd name="rw" fmla="*/ dl 51965 100000"/>
<!--73490 / sqrt(2)-->
<!-- M  = point in the middle of [AB]-->
      <a:gd name="lM" fmla="+- dl 0 rw"/>
      <a:gd name="xM" fmla="*/ ca lM 2"/>
      <a:gd name="yM" fmla="*/ sa lM 2"/>
<!-- A -->
      <a:gd name="dxAM" fmla="*/ sa th 2"/>
      <a:gd name="dyAM" fmla="*/ ca th 2"/>
      <a:gd name="xA" fmla="+- xM 0 dxAM"/>
      <a:gd name="yA" fmla="+- yM dyAM 0"/>
<!-- B -->
      <a:gd name="xB" fmla="+- xM dxAM 0"/>
      <a:gd name="yB" fmla="+- yM 0 dyAM"/>
<!-- C -->
      <a:gd name="xBC" fmla="+- hc 0 xB"/>
      <a:gd name="yBC" fmla="*/ xBC ta 1"/>
      <a:gd name="yC" fmla="+- yBC yB 0"/>
<!-- D,E ... -->
      <a:gd name="xD" fmla="+- r 0 xB"/>
      <a:gd name="xE" fmla="+- r 0 xA"/>
      <a:gd name="yFE" fmla="+- vc 0 yA"/>
      <a:gd name="xFE" fmla="*/ yFE 1 ta"/>
      <a:gd name="xF" fmla="+- xE 0 xFE"/>
      <a:gd name="xL" fmla="+- xA xFE 0"/>
      <a:gd name="yG" fmla="+- b 0 yA"/>
      <a:gd name="yH" fmla="+- b 0 yB"/>
      <a:gd name="yI" fmla="+- b 0 yC"/>
<!-- connection points -->
      <a:gd name="xC2" fmla="+- r 0 xM"/>
<!--x for the midle of [DE]-->
      <a:gd name="yC3" fmla="+- b 0 yM"/>
<!--y for the midle of [GH]-->
    </a:gdLst>
    <a:rect l="xA" t="yB" r="xE" b="yH"/>
    <a:pathLst>
      <a:path>
        <a:moveTo>
          <a:pt x="xA" y="yA"/>
        </a:moveTo>
        <a:lnTo>
          <a:pt x="xB" y="yB"/>
        </a:lnTo>
        <a:lnTo>
          <a:pt x="hc" y="yC"/>
        </a:lnTo>
        <a:lnTo>
          <a:pt x="xD" y="yB"/>
        </a:lnTo>
        <a:lnTo>
          <a:pt x="xE" y="yA"/>
        </a:lnTo>
        <a:lnTo>
          <a:pt x="xF" y="vc"/>
        </a:lnTo>
        <a:lnTo>
          <a:pt x="xE" y="yG"/>
        </a:lnTo>
        <a:lnTo>
          <a:pt x="xD" y="yH"/>
        </a:lnTo>
        <a:lnTo>
          <a:pt x="hc" y="yI"/>
        </a:lnTo>
        <a:lnTo>
          <a:pt x="xB" y="yH"/>
        </a:lnTo>
        <a:lnTo>
          <a:pt x="xA" y="yG"/>
        </a:lnTo>
        <a:lnTo>
          <a:pt x="xL" y="vc"/>
        </a:lnTo>
        <a:close/>
      </a:path>
    </a:pathLst>
</a:custGeom>
