<a:custGeom xmlns:a="http://schemas.openxmlformats.org/drawingml/2006/main">
    <a:avLst>
      <a:gd name="adj" fmla="val 50000"/>
<!-- 50% -->
    </a:avLst>
    <a:gdLst>
      <a:gd name="a" fmla="pin 0 adj 87500"/>
      <a:gd name="g0" fmla="*/ ss a 100000"/>
      <a:gd name="g0w" fmla="*/ g0 w ss"/>
      <a:gd name="g1" fmla="+- ss 0 g0"/>
      <a:gd name="g2" fmla="*/ g0 g0 g1"/>
      <a:gd name="g3" fmla="*/ ss ss g1"/>
      <a:gd name="g4" fmla="*/ g3 2 1"/>
      <a:gd name="g5" fmla="+- g4 0 g2"/>
      <a:gd name="g6" fmla="+- g5 0 g0"/>
      <a:gd name="g6w" fmla="*/ g6 w ss"/>
      <a:gd name="g7" fmla="*/ g5 1 2"/>
      <a:gd name="g8" fmla="+- g7 0 g0"/>
      <a:gd name="g9h" fmla="*/ g8 hd2 ss"/>
<!-- */ g8 1 2 -->
      <a:gd name="g10h" fmla="+- vc 0 g9h"/>
      <a:gd name="g11h" fmla="+- vc g9h 0"/>
      <a:gd name="g12" fmla="*/ g0 9598 32768"/>
      <a:gd name="g12w" fmla="*/ g12 w ss"/>
      <a:gd name="g13" fmla="+- ss 0 g12"/>
      <a:gd name="q1" fmla="*/ ss ss 1"/>
      <a:gd name="q2" fmla="*/ g13 g13 1"/>
      <a:gd name="q3" fmla="+- q1 0 q2"/>
      <a:gd name="q4" fmla="sqrt q3"/>
      <a:gd name="g14h" fmla="*/ q4 hd2 ss"/>
      <a:gd name="g15h" fmla="+- vc 0 g14h"/>
      <a:gd name="g16h" fmla="+- vc g14h 0"/>
      <a:gd name="g17w" fmla="+- g6w 0 g0w"/>
      <a:gd name="g18w" fmla="*/ g17w 1 2"/>
<!-- wR == g18w -->
<!-- hR == g9h -->
      <a:gd name="dx2p" fmla="+- g0w g18w w"/>
      <a:gd name="dx2" fmla="*/ dx2p -1 1"/>
<!-- dx3 == dx2 -->
      <a:gd name="dy2" fmla="*/ hd2 -1 1"/>
<!-- dy3 == hd2 -->
      <a:gd name="stAng1" fmla="at2 dx2 dy2"/>
      <a:gd name="enAngp1" fmla="at2 dx2 hd2"/>
      <a:gd name="enAng1" fmla="+- enAngp1 0 21600000"/>
      <a:gd name="swAng1" fmla="+- enAng1 0 stAng1"/>
    </a:gdLst>
    <a:rect l="g12w" t="g15h" r="g0w" b="g16h"/>
    <a:pathLst>
      <a:path>
        <a:moveTo>
          <a:pt x="r" y="b"/>
        </a:moveTo>
        <a:arcTo wR="w" hR="hd2" stAng="cd4" swAng="cd2"/>
        <a:arcTo wR="g18w" hR="g9h" stAng="stAng1" swAng="swAng1"/>
        <a:close/>
      </a:path>
    </a:pathLst>
</a:custGeom>
