<a:custGeom xmlns:a="http://schemas.openxmlformats.org/drawingml/2006/main">
    <a:avLst>
      <a:gd name="adj1" fmla="val 25000"/>
<!-- 25% -->
      <a:gd name="adj2" fmla="val 25000"/>
<!-- 25% -->
    </a:avLst>
    <a:gdLst>
      <a:gd name="maxAdj" fmla="*/ 50000 w ss"/>
<!-- max pos of ah: half width -->
      <a:gd name="a1" fmla="pin 0 adj1 maxAdj"/>
      <a:gd name="a2" fmla="pin 0 adj2 maxAdj"/>
      <a:gd name="x1" fmla="*/ ss a1 200000"/>
<!-- ss * adj1 / 2 -->
      <a:gd name="x2" fmla="*/ ss a1 100000"/>
<!-- ss * adj1 -->
      <a:gd name="dx3" fmla="*/ ss a2 100000"/>
<!-- ss * adj2 -->
      <a:gd name="x3" fmla="+- r 0 dx3"/>
      <a:gd name="x4" fmla="+/ r x3 2"/>
      <a:gd name="il" fmla="*/ wd3 a1 maxAdj"/>
<!-- inscribed rect left -->
      <a:gd name="adjm" fmla="max a1 a2"/>
      <a:gd name="it" fmla="*/ hd3 adjm maxAdj"/>
<!-- inscribed rect top -->
      <a:gd name="irt" fmla="*/ wd3 a2 maxAdj"/>
      <a:gd name="ir" fmla="+- r 0 irt"/>
<!-- inscribed rect right -->
    </a:gdLst>
<!-- NOTE: Legacy doesn't go all the way down to the bottom -->
    <a:rect l="il" t="it" r="ir" b="b"/>
    <a:pathLst>
      <a:path>
        <a:moveTo>
          <a:pt x="l" y="b"/>
        </a:moveTo>
        <a:lnTo>
          <a:pt x="x2" y="t"/>
        </a:lnTo>
        <a:lnTo>
          <a:pt x="x3" y="t"/>
        </a:lnTo>
        <a:lnTo>
          <a:pt x="r" y="b"/>
        </a:lnTo>
        <a:close/>
      </a:path>
    </a:pathLst>
</a:custGeom>
