<a:custGeom xmlns:a="http://schemas.openxmlformats.org/drawingml/2006/3/main">
    <a:avLst>
      <a:gd name="adj" fmla="val 18750"/>
<!-- thickness of no smoking -->
    </a:avLst>
    <a:gdLst>
      <a:gd name="a" fmla="pin 0 adj 50000"/>
      <a:gd name="dr" fmla="*/ ss a 100000"/>
      <a:gd name="iwd2" fmla="+- wd2 0 dr"/>
      <a:gd name="ihd2" fmla="+- hd2 0 dr"/>
      <a:gd name="ang" fmla="at2 w h"/>
      <a:gd name="ct" fmla="cos ihd2 ang"/>
      <a:gd name="st" fmla="sin iwd2 ang"/>
      <a:gd name="m" fmla="mod ct st 0"/>
      <a:gd name="n" fmla="*/ iwd2 ihd2 m"/>
      <a:gd name="drd2" fmla="*/ dr 1 2"/>
      <a:gd name="dang" fmla="at2 n drd2"/>
      <a:gd name="2dang" fmla="*/ dang 2 1"/>
      <a:gd name="swAng" fmla="+- -10800000 2dang 0"/>
      <a:gd name="t3" fmla="at2 w h"/>
      <a:gd name="stAng1" fmla="+- t3 0 dang"/>
      <a:gd name="stAng2" fmla="+- stAng1 0 cd2"/>
      <a:gd name="ct1" fmla="cos ihd2 stAng1"/>
      <a:gd name="st1" fmla="sin iwd2 stAng1"/>
      <a:gd name="m1" fmla="mod ct1 st1 0"/>
      <a:gd name="n1" fmla="*/ iwd2 ihd2 m1"/>
      <a:gd name="dx1" fmla="cos n1 stAng1"/>
      <a:gd name="dy1" fmla="sin n1 stAng1"/>
      <a:gd name="x1" fmla="+- hc dx1 0"/>
      <a:gd name="y1" fmla="+- vc dy1 0"/>
      <a:gd name="x2" fmla="+- hc 0 dx1"/>
      <a:gd name="y2" fmla="+- vc 0 dy1"/>
      <a:gd name="idx" fmla="cos wd2 2700000"/>
      <a:gd name="idy" fmla="sin hd2 2700000"/>
      <a:gd name="il" fmla="+- hc 0 idx"/>
      <a:gd name="ir" fmla="+- hc idx 0"/>
      <a:gd name="it" fmla="+- vc 0 idy"/>
      <a:gd name="ib" fmla="+- vc idy 0"/>
    </a:gdLst>
    <a:rect l="il" t="it" r="ir" b="ib"/>
    <a:pathLst>
      <a:path>
        <a:moveTo>
          <a:pt x="l" y="vc"/>
        </a:moveTo>
        <a:arcTo wR="wd2" hR="hd2" stAng="cd2" swAng="cd4"/>
        <a:arcTo wR="wd2" hR="hd2" stAng="cd34" swAng="cd4"/>
        <a:arcTo wR="wd2" hR="hd2" stAng="0" swAng="cd4"/>
        <a:arcTo wR="wd2" hR="hd2" stAng="cd4" swAng="cd4"/>
        <a:close/>
        <a:moveTo>
          <a:pt x="x1" y="y1"/>
        </a:moveTo>
        <a:arcTo wR="iwd2" hR="ihd2" stAng="stAng1" swAng="swAng"/>
        <a:close/>
        <a:moveTo>
          <a:pt x="x2" y="y2"/>
        </a:moveTo>
        <a:arcTo wR="iwd2" hR="ihd2" stAng="stAng2" swAng="swAng"/>
        <a:close/>
      </a:path>
    </a:pathLst>
</a:custGeom>
