<a:custGeom xmlns:a="http://schemas.openxmlformats.org/drawingml/2006/3/main">
    <a:avLst>
      <a:gd name="adj" fmla="val 29289"/>
<!-- 1/(2+sqrt(2)) % -->
    </a:avLst>
    <a:gdLst>
      <a:gd name="a" fmla="pin 0 adj 50000"/>
      <a:gd name="x1" fmla="*/ ss a 100000"/>
<!-- same as y1 -->
      <a:gd name="x2" fmla="+- r 0 x1"/>
<!-- horz reflection of x1 -->
      <a:gd name="y2" fmla="+- b 0 x1"/>
<!-- vert reflection of y1 -->
      <a:gd name="il" fmla="*/ x1 1 2"/>
<!-- same as 'it' -->
      <a:gd name="ir" fmla="+- r 0 il"/>
      <a:gd name="ib" fmla="+- b 0 il"/>
    </a:gdLst>
    <a:rect l="il" t="il" r="ir" b="ib"/>
    <a:pathLst>
      <a:path>
        <a:moveTo>
          <a:pt x="l" y="x1"/>
        </a:moveTo>
        <a:lnTo>
          <a:pt x="x1" y="t"/>
        </a:lnTo>
        <a:lnTo>
          <a:pt x="x2" y="t"/>
        </a:lnTo>
        <a:lnTo>
          <a:pt x="r" y="x1"/>
        </a:lnTo>
        <a:lnTo>
          <a:pt x="r" y="y2"/>
        </a:lnTo>
        <a:lnTo>
          <a:pt x="x2" y="b"/>
        </a:lnTo>
        <a:lnTo>
          <a:pt x="x1" y="b"/>
        </a:lnTo>
        <a:lnTo>
          <a:pt x="l" y="y2"/>
        </a:lnTo>
        <a:close/>
      </a:path>
    </a:pathLst>
</a:custGeom>
