<a:custGeom xmlns:a="http://schemas.openxmlformats.org/drawingml/2006/3/main">
    <a:avLst>
      <a:gd name="adj" fmla="val 25000"/>
<!-- 25% -->
    </a:avLst>
    <a:gdLst>
      <a:gd name="maxAdj" fmla="*/ 100000 w ss"/>
<!-- max position of ah: full width -->
      <a:gd name="a" fmla="pin 0 adj maxAdj"/>
      <a:gd name="x1" fmla="*/ ss a 200000"/>
<!-- ss * adj/2 -->
      <a:gd name="x2" fmla="*/ ss a 100000"/>
<!-- ss * adj -->
      <a:gd name="x6" fmla="+- r 0 x1"/>
<!-- horz reflection of x1 -->
      <a:gd name="x5" fmla="+- r 0 x2"/>
<!-- horz reflection of x2 -->
      <a:gd name="x3" fmla="*/ x5 1 2"/>
<!-- midpoint of bottom side -->
      <a:gd name="x4" fmla="+- r 0 x3"/>
<!-- midpoint of top side -->
      <a:gd name="il" fmla="*/ wd2 a maxAdj"/>
<!-- inscribed rect left -->
      <a:gd name="q1" fmla="*/ 5 a maxAdj"/>
      <a:gd name="q2" fmla="+/ 1 q1 12"/>
      <a:gd name="il" fmla="*/ q2 w 1"/>
<!-- inscribed rect left -->
      <a:gd name="it" fmla="*/ q2 h 1"/>
<!-- inscribed rect top -->
      <a:gd name="ir" fmla="+- r 0 il"/>
<!-- inscribed rect right -->
      <a:gd name="ib" fmla="+- b 0 it"/>
<!-- inscribed rect bottom -->
    </a:gdLst>
    <a:rect l="il" t="it" r="ir" b="ib"/>
    <a:pathLst>
      <a:path>
        <a:moveTo>
          <a:pt x="l" y="b"/>
        </a:moveTo>
        <a:lnTo>
          <a:pt x="x2" y="t"/>
        </a:lnTo>
        <a:lnTo>
          <a:pt x="r" y="t"/>
        </a:lnTo>
        <a:lnTo>
          <a:pt x="x5" y="b"/>
        </a:lnTo>
        <a:close/>
      </a:path>
    </a:pathLst>
</a:custGeom>
