<a:custGeom xmlns:a="http://schemas.openxmlformats.org/drawingml/2006/3/main">
    <a:avLst>
      <a:gd name="hf" fmla="val 105146"/>
<!-- horz scaling factor -->
      <a:gd name="vf" fmla="val 110557"/>
<!-- vert scaling factor -->
    </a:avLst>
    <a:gdLst>
      <a:gd name="swd2" fmla="*/ wd2 hf 100000"/>
<!-- need to scale width to fit bounding box -->
      <a:gd name="shd2" fmla="*/ hd2 vf 100000"/>
<!-- need to scale height to fit bounding box -->
      <a:gd name="svc" fmla="*/ vc  vf 100000"/>
<!-- need to scale vert center -->
      <a:gd name="dx1" fmla="cos swd2 1080000"/>
<!-- cos 18 -->
      <a:gd name="dx2" fmla="cos swd2 18360000"/>
<!-- cos 306 -->
      <a:gd name="dy1" fmla="sin shd2 1080000"/>
<!-- sin 18 -->
      <a:gd name="dy2" fmla="sin shd2 18360000"/>
<!-- sin 306 -->
      <a:gd name="x1" fmla="+- hc 0 dx1"/>
      <a:gd name="x2" fmla="+- hc 0 dx2"/>
      <a:gd name="x3" fmla="+- hc dx2 0"/>
      <a:gd name="x4" fmla="+- hc dx1 0"/>
      <a:gd name="y1" fmla="+- svc 0 dy1"/>
      <a:gd name="y2" fmla="+- svc 0 dy2"/>
      <a:gd name="it" fmla="*/ y1 dx2 dx1"/>
    </a:gdLst>
    <a:rect l="x2" t="it" r="x3" b="y2"/>
    <a:pathLst>
      <a:path>
        <a:moveTo>
          <a:pt x="x1" y="y1"/>
        </a:moveTo>
        <a:lnTo>
          <a:pt x="hc" y="t"/>
        </a:lnTo>
        <a:lnTo>
          <a:pt x="x4" y="y1"/>
        </a:lnTo>
        <a:lnTo>
          <a:pt x="x3" y="y2"/>
        </a:lnTo>
        <a:lnTo>
          <a:pt x="x2" y="y2"/>
        </a:lnTo>
        <a:close/>
      </a:path>
    </a:pathLst>
</a:custGeom>
