<a:custGeom xmlns:a="http://schemas.openxmlformats.org/drawingml/2006/3/main">
    <a:gdLst>
<!-- point on the arc at 225 degrees -->
      <a:gd name="g1" fmla="cos w 13500000"/>
      <a:gd name="g2" fmla="sin h 13500000"/>
      <a:gd name="x1" fmla="+- r g1 0"/>
      <a:gd name="y1" fmla="+- b g2 0"/>
    </a:gdLst>
    <a:rect l="x1" t="y1" r="r" b="b"/>
    <a:pathLst>
      <a:path>
        <a:moveTo>
          <a:pt x="l" y="b"/>
        </a:moveTo>
        <a:arcTo wR="w" hR="h" stAng="cd2" swAng="cd4"/>
        <a:lnTo>
          <a:pt x="r" y="b"/>
        </a:lnTo>
        <a:close/>
      </a:path>
    </a:pathLst>
</a:custGeom>
