<a:custGeom xmlns:a="http://schemas.openxmlformats.org/drawingml/2006/main">
    <a:avLst>
      <a:gd name="adj" fmla="val 25000"/>
<!--gap offset -->
    </a:avLst>
    <a:gdLst>
      <a:gd name="a" fmla="pin 0 adj 50000"/>
      <a:gd name="x1" fmla="*/ ss a 100000"/>
      <a:gd name="x2" fmla="+- r 0 x1"/>
<!-- y1 == x1 -->
      <a:gd name="y2" fmla="+- b 0 x1"/>
      <a:gd name="d" fmla="+- w 0 h"/>
      <a:gd name="il" fmla="?: d l x1"/>
      <a:gd name="ir" fmla="?: d r x2"/>
      <a:gd name="it" fmla="?: d x1 t"/>
      <a:gd name="ib" fmla="?: d y2 b"/>
    </a:gdLst>
    <a:rect l="il" t="it" r="ir" b="ib"/>
    <a:pathLst>
      <a:path>
        <a:moveTo>
          <a:pt x="l" y="x1"/>
        </a:moveTo>
        <a:lnTo>
          <a:pt x="x1" y="x1"/>
        </a:lnTo>
        <a:lnTo>
          <a:pt x="x1" y="t"/>
        </a:lnTo>
        <a:lnTo>
          <a:pt x="x2" y="t"/>
        </a:lnTo>
        <a:lnTo>
          <a:pt x="x2" y="x1"/>
        </a:lnTo>
        <a:lnTo>
          <a:pt x="r" y="x1"/>
        </a:lnTo>
        <a:lnTo>
          <a:pt x="r" y="y2"/>
        </a:lnTo>
        <a:lnTo>
          <a:pt x="x2" y="y2"/>
        </a:lnTo>
        <a:lnTo>
          <a:pt x="x2" y="b"/>
        </a:lnTo>
        <a:lnTo>
          <a:pt x="x1" y="b"/>
        </a:lnTo>
        <a:lnTo>
          <a:pt x="x1" y="y2"/>
        </a:lnTo>
        <a:lnTo>
          <a:pt x="l" y="y2"/>
        </a:lnTo>
        <a:close/>
      </a:path>
    </a:pathLst>
</a:custGeom>
