<a:custGeom xmlns:a="http://schemas.openxmlformats.org/drawingml/2006/main">
    <a:avLst>
      <a:gd name="adj1" fmla="val 18515"/>
<!-- thickness of arrow -->
      <a:gd name="adj2" fmla="val 18515"/>
<!-- half width of arrowhead -->
      <a:gd name="adj3" fmla="val 18515"/>
<!-- height of arrowhead -->
      <a:gd name="adj4" fmla="val 48123"/>
<!-- width/height of box -->
    </a:avLst>
    <a:gdLst>
      <a:gd name="a2" fmla="pin 0 adj2 50000"/>
      <a:gd name="maxAdj1" fmla="*/ a2 2 1"/>
<!-- up to twice adj2 -->
      <a:gd name="a1" fmla="pin 0 adj1 maxAdj1"/>
      <a:gd name="maxAdj3" fmla="+- 50000 0 a2"/>
      <a:gd name="a3" fmla="pin 0 adj3 maxAdj3"/>
      <a:gd name="q2" fmla="*/ a3 2 1"/>
<!-- 2x arrow head length as % of ss -->
      <a:gd name="maxAdj4" fmla="+- 100000 0 q2"/>
<!-- up to the arrowhead -->
      <a:gd name="a4" fmla="pin a1 adj4 maxAdj4"/>
      <a:gd name="aw2" fmla="*/ ss a2 100000"/>
<!-- half width of arrowhead -->
      <a:gd name="th2" fmla="*/ ss a1 200000"/>
<!-- half width of arrow shaft -->
      <a:gd name="ah" fmla="*/ ss a3 100000"/>
<!-- length of arrowhead -->
      <a:gd name="dx2" fmla="*/ w a4 200000"/>
<!-- half width of box -->
      <a:gd name="dy2" fmla="*/ h a4 200000"/>
<!-- half height of box -->
<!-- x1 == ah -->
      <a:gd name="x8" fmla="+- r 0 ah"/>
      <a:gd name="x2" fmla="+- hc 0 dx2"/>
      <a:gd name="x7" fmla="+- hc dx2 0"/>
      <a:gd name="x3" fmla="+- hc 0 aw2"/>
      <a:gd name="x6" fmla="+- hc aw2 0"/>
      <a:gd name="x4" fmla="+- hc 0 th2"/>
      <a:gd name="x5" fmla="+- hc th2 0"/>
<!-- y1 == ah -->
      <a:gd name="y8" fmla="+- b 0 ah"/>
      <a:gd name="y2" fmla="+- vc 0 dy2"/>
      <a:gd name="y7" fmla="+- vc dy2 0"/>
      <a:gd name="y3" fmla="+- vc 0 aw2"/>
      <a:gd name="y6" fmla="+- vc aw2 0"/>
      <a:gd name="y4" fmla="+- vc 0 th2"/>
      <a:gd name="y5" fmla="+- vc th2 0"/>
    </a:gdLst>
    <a:rect l="x2" t="y2" r="x7" b="y7"/>
    <a:pathLst>
      <a:path>
        <a:moveTo>
          <a:pt x="l" y="vc"/>
        </a:moveTo>
        <a:lnTo>
          <a:pt x="ah" y="y3"/>
        </a:lnTo>
        <a:lnTo>
          <a:pt x="ah" y="y4"/>
        </a:lnTo>
        <a:lnTo>
          <a:pt x="x2" y="y4"/>
        </a:lnTo>
        <a:lnTo>
          <a:pt x="x2" y="y2"/>
        </a:lnTo>
        <a:lnTo>
          <a:pt x="x4" y="y2"/>
        </a:lnTo>
        <a:lnTo>
          <a:pt x="x4" y="ah"/>
        </a:lnTo>
        <a:lnTo>
          <a:pt x="x3" y="ah"/>
        </a:lnTo>
        <a:lnTo>
          <a:pt x="hc" y="t"/>
        </a:lnTo>
        <a:lnTo>
          <a:pt x="x6" y="ah"/>
        </a:lnTo>
        <a:lnTo>
          <a:pt x="x5" y="ah"/>
        </a:lnTo>
        <a:lnTo>
          <a:pt x="x5" y="y2"/>
        </a:lnTo>
        <a:lnTo>
          <a:pt x="x7" y="y2"/>
        </a:lnTo>
        <a:lnTo>
          <a:pt x="x7" y="y4"/>
        </a:lnTo>
        <a:lnTo>
          <a:pt x="x8" y="y4"/>
        </a:lnTo>
        <a:lnTo>
          <a:pt x="x8" y="y3"/>
        </a:lnTo>
        <a:lnTo>
          <a:pt x="r" y="vc"/>
        </a:lnTo>
        <a:lnTo>
          <a:pt x="x8" y="y6"/>
        </a:lnTo>
        <a:lnTo>
          <a:pt x="x8" y="y5"/>
        </a:lnTo>
        <a:lnTo>
          <a:pt x="x7" y="y5"/>
        </a:lnTo>
        <a:lnTo>
          <a:pt x="x7" y="y7"/>
        </a:lnTo>
        <a:lnTo>
          <a:pt x="x5" y="y7"/>
        </a:lnTo>
        <a:lnTo>
          <a:pt x="x5" y="y8"/>
        </a:lnTo>
        <a:lnTo>
          <a:pt x="x6" y="y8"/>
        </a:lnTo>
        <a:lnTo>
          <a:pt x="hc" y="b"/>
        </a:lnTo>
        <a:lnTo>
          <a:pt x="x3" y="y8"/>
        </a:lnTo>
        <a:lnTo>
          <a:pt x="x4" y="y8"/>
        </a:lnTo>
        <a:lnTo>
          <a:pt x="x4" y="y7"/>
        </a:lnTo>
        <a:lnTo>
          <a:pt x="x2" y="y7"/>
        </a:lnTo>
        <a:lnTo>
          <a:pt x="x2" y="y5"/>
        </a:lnTo>
        <a:lnTo>
          <a:pt x="ah" y="y5"/>
        </a:lnTo>
        <a:lnTo>
          <a:pt x="ah" y="y6"/>
        </a:lnTo>
        <a:close/>
      </a:path>
    </a:pathLst>
</a:custGeom>
