<a:custGeom xmlns:a="http://schemas.openxmlformats.org/drawingml/2006/main">
    <a:avLst>
      <a:gd name="adj1" fmla="val 16667"/>
<!-- 1/6: % height drop -->
      <a:gd name="adj2" fmla="val 50000"/>
<!-- 1/2: % width of front face -->
    </a:avLst>
    <a:gdLst>
      <a:gd name="a1" fmla="pin 0 adj1 33333"/>
      <a:gd name="a2" fmla="pin 25000 adj2 75000"/>
<!-- x1 == wd8 -->
<!-- left point indent -->
      <a:gd name="x10" fmla="+- r 0 wd8"/>
<!-- right point indent -->
      <a:gd name="dx2" fmla="*/ w a2 200000"/>
<!-- half width of front face -->
      <a:gd name="x2" fmla="+- hc 0 dx2"/>
<!-- left side of front face -->
      <a:gd name="x9" fmla="+- hc dx2 0"/>
<!-- right side of front face -->
      <a:gd name="x3" fmla="+- x2 wd32 0"/>
      <a:gd name="x8" fmla="+- x9 0 wd32"/>
      <a:gd name="x5" fmla="+- x2 wd8 0"/>
<!-- right of left bend -->
      <a:gd name="x6" fmla="+- x9 0 wd8"/>
<!-- left of right bend -->
      <a:gd name="x4" fmla="+- x5 0 wd32"/>
      <a:gd name="x7" fmla="+- x6 wd32 0"/>
      <a:gd name="y1" fmla="*/ h a1 200000"/>
<!-- height of first bend -->
      <a:gd name="y2" fmla="*/ h a1 100000"/>
<!-- height of both bends -->
      <a:gd name="y4" fmla="+- b 0 y2"/>
<!-- bottom of outside -->
      <a:gd name="y3" fmla="*/ y4 1 2"/>
<!-- vert of point indent -->
      <a:gd name="hR" fmla="*/ h a1 400000"/>
<!-- height radius of bend -->
      <a:gd name="y5" fmla="+- b 0 hR"/>
      <a:gd name="y6" fmla="+- y2 0 hR"/>
    </a:gdLst>
    <a:rect l="x2" t="y2" r="x9" b="b"/>
    <a:pathLst>
      <a:path stroke="false" extrusionOk="false">
<!-- front face -->
        <a:moveTo>
          <a:pt x="l" y="t"/>
        </a:moveTo>
        <a:lnTo>
          <a:pt x="x4" y="t"/>
        </a:lnTo>
        <a:arcTo wR="wd32" hR="hR" stAng="cd34" swAng="cd4"/>
        <a:lnTo>
          <a:pt x="x5" y="y2"/>
        </a:lnTo>
        <a:lnTo>
          <a:pt x="x6" y="y2"/>
        </a:lnTo>
        <a:lnTo>
          <a:pt x="x6" y="hR"/>
        </a:lnTo>
        <a:arcTo wR="wd32" hR="hR" stAng="cd2" swAng="cd4"/>
        <a:lnTo>
          <a:pt x="r" y="t"/>
        </a:lnTo>
        <a:lnTo>
          <a:pt x="x10" y="y3"/>
        </a:lnTo>
        <a:lnTo>
          <a:pt x="r" y="y4"/>
        </a:lnTo>
        <a:lnTo>
          <a:pt x="x9" y="y4"/>
        </a:lnTo>
        <a:lnTo>
          <a:pt x="x9" y="y5"/>
        </a:lnTo>
        <a:arcTo wR="wd32" hR="hR" stAng="0" swAng="cd4"/>
        <a:lnTo>
          <a:pt x="x3" y="b"/>
        </a:lnTo>
        <a:arcTo wR="wd32" hR="hR" stAng="cd4" swAng="cd4"/>
        <a:lnTo>
          <a:pt x="x2" y="y4"/>
        </a:lnTo>
        <a:lnTo>
          <a:pt x="l" y="y4"/>
        </a:lnTo>
        <a:lnTo>
          <a:pt x="wd8" y="y3"/>
        </a:lnTo>
        <a:close/>
      </a:path>
      <a:path stroke="false" fill="darkenLess" extrusionOk="false">
<!-- back face -->
        <a:moveTo>
          <a:pt x="x5" y="hR"/>
        </a:moveTo>
        <a:arcTo wR="wd32" hR="hR" stAng="0" swAng="cd4"/>
        <a:lnTo>
          <a:pt x="x3" y="y1"/>
        </a:lnTo>
        <a:arcTo wR="wd32" hR="hR" stAng="cd34" swAng="-10800000"/>
        <a:lnTo>
          <a:pt x="x5" y="y2"/>
        </a:lnTo>
        <a:close/>
        <a:moveTo>
          <a:pt x="x6" y="hR"/>
        </a:moveTo>
        <a:arcTo wR="wd32" hR="hR" stAng="cd2" swAng="-5400000"/>
        <a:lnTo>
          <a:pt x="x8" y="y1"/>
        </a:lnTo>
        <a:arcTo wR="wd32" hR="hR" stAng="cd34" swAng="cd2"/>
        <a:lnTo>
          <a:pt x="x6" y="y2"/>
        </a:lnTo>
        <a:close/>
      </a:path>
      <a:path fill="none" extrusionOk="false">
<!-- lines -->
        <a:moveTo>
          <a:pt x="l" y="t"/>
        </a:moveTo>
        <a:lnTo>
          <a:pt x="x4" y="t"/>
        </a:lnTo>
        <a:arcTo wR="wd32" hR="hR" stAng="cd34" swAng="cd2"/>
        <a:lnTo>
          <a:pt x="x3" y="y1"/>
        </a:lnTo>
        <a:arcTo wR="wd32" hR="hR" stAng="cd34" swAng="-10800000"/>
        <a:lnTo>
          <a:pt x="x8" y="y2"/>
        </a:lnTo>
        <a:arcTo wR="wd32" hR="hR" stAng="cd4" swAng="-10800000"/>
        <a:lnTo>
          <a:pt x="x7" y="y1"/>
        </a:lnTo>
        <a:arcTo wR="wd32" hR="hR" stAng="cd4" swAng="cd2"/>
        <a:lnTo>
          <a:pt x="r" y="t"/>
        </a:lnTo>
        <a:lnTo>
          <a:pt x="x10" y="y3"/>
        </a:lnTo>
        <a:lnTo>
          <a:pt x="r" y="y4"/>
        </a:lnTo>
        <a:lnTo>
          <a:pt x="x9" y="y4"/>
        </a:lnTo>
        <a:lnTo>
          <a:pt x="x9" y="y5"/>
        </a:lnTo>
        <a:arcTo wR="wd32" hR="hR" stAng="0" swAng="cd4"/>
        <a:lnTo>
          <a:pt x="x3" y="b"/>
        </a:lnTo>
        <a:arcTo wR="wd32" hR="hR" stAng="cd4" swAng="cd4"/>
        <a:lnTo>
          <a:pt x="x2" y="y4"/>
        </a:lnTo>
        <a:lnTo>
          <a:pt x="l" y="y4"/>
        </a:lnTo>
        <a:lnTo>
          <a:pt x="wd8" y="y3"/>
        </a:lnTo>
        <a:close/>
        <a:moveTo>
          <a:pt x="x5" y="hR"/>
        </a:moveTo>
        <a:lnTo>
          <a:pt x="x5" y="y2"/>
        </a:lnTo>
        <a:moveTo>
          <a:pt x="x6" y="y2"/>
        </a:moveTo>
        <a:lnTo>
          <a:pt x="x6" y="hR"/>
        </a:lnTo>
        <a:moveTo>
          <a:pt x="x2" y="y4"/>
        </a:moveTo>
        <a:lnTo>
          <a:pt x="x2" y="y6"/>
        </a:lnTo>
        <a:moveTo>
          <a:pt x="x9" y="y6"/>
        </a:moveTo>
        <a:lnTo>
          <a:pt x="x9" y="y4"/>
        </a:lnTo>
      </a:path>
    </a:pathLst>
</a:custGeom>
