<a:custGeom xmlns:a="http://schemas.openxmlformats.org/drawingml/2006/main">
    <a:avLst>
      <a:gd name="adj1" fmla="val 50000"/>
<!-- thickness of arrow -->
      <a:gd name="adj2" fmla="val 50000"/>
<!-- angle of arrowhead -->
    </a:avLst>
    <a:gdLst>
      <a:gd name="maxAdj2" fmla="*/ 100000 w ss"/>
<!-- full width -->
      <a:gd name="a1" fmla="pin 0 adj1 100000"/>
      <a:gd name="a2" fmla="pin 0 adj2 maxAdj2"/>
      <a:gd name="dx1" fmla="*/ ss a2 100000"/>
      <a:gd name="x1" fmla="+- r 0 dx1"/>
      <a:gd name="dy" fmla="*/ h a1 200000"/>
      <a:gd name="y1" fmla="+- vc 0 dy"/>
      <a:gd name="y2" fmla="+- vc dy 0"/>
      <a:gd name="dx2" fmla="*/ y1 dx1 hd2"/>
      <a:gd name="x2" fmla="+- x1 dx2 0"/>
    </a:gdLst>
    <a:rect l="l" t="y1" r="x2" b="y2"/>
    <a:pathLst>
      <a:path>
        <a:moveTo>
          <a:pt x="l" y="y1"/>
        </a:moveTo>
        <a:lnTo>
          <a:pt x="x1" y="y1"/>
        </a:lnTo>
        <a:lnTo>
          <a:pt x="x1" y="t"/>
        </a:lnTo>
        <a:lnTo>
          <a:pt x="r" y="vc"/>
        </a:lnTo>
        <a:lnTo>
          <a:pt x="x1" y="b"/>
        </a:lnTo>
        <a:lnTo>
          <a:pt x="x1" y="y2"/>
        </a:lnTo>
        <a:lnTo>
          <a:pt x="l" y="y2"/>
        </a:lnTo>
        <a:close/>
      </a:path>
    </a:pathLst>
</a:custGeom>
