<a:custGeom xmlns:a="http://schemas.openxmlformats.org/drawingml/2006/main">
    <a:avLst>
      <a:gd name="adj" fmla="val 16667"/>
    </a:avLst>
    <a:gdLst>
      <a:gd name="a" fmla="pin 0 adj 50000"/>
      <a:gd name="x1" fmla="*/ ss a 100000"/>
      <a:gd name="x2" fmla="+- r 0 x1"/>
<!-- y1 == x1 -->
      <a:gd name="y2" fmla="+- b 0 x1"/>
      <a:gd name="il" fmla="*/ x1 29289 100000"/>
<!-- 1 - cos 45 -->
<!-- it == il -->
      <a:gd name="ir" fmla="+- r 0 il"/>
      <a:gd name="ib" fmla="+- b 0 il"/>
    </a:gdLst>
    <a:rect l="il" t="il" r="ir" b="ib"/>
    <a:pathLst>
      <a:path>
        <a:moveTo>
          <a:pt x="l" y="x1"/>
        </a:moveTo>
        <a:arcTo wR="x1" hR="x1" stAng="cd2" swAng="cd4"/>
        <a:lnTo>
          <a:pt x="x2" y="t"/>
        </a:lnTo>
        <a:arcTo wR="x1" hR="x1" stAng="cd34" swAng="cd4"/>
        <a:lnTo>
          <a:pt x="r" y="y2"/>
        </a:lnTo>
        <a:arcTo wR="x1" hR="x1" stAng="0" swAng="cd4"/>
        <a:lnTo>
          <a:pt x="x1" y="b"/>
        </a:lnTo>
        <a:arcTo wR="x1" hR="x1" stAng="cd4" swAng="cd4"/>
        <a:close/>
      </a:path>
    </a:pathLst>
</a:custGeom>
