<a:custGeom xmlns:a="http://schemas.openxmlformats.org/drawingml/2006/3/main">
    <a:avLst>
      <a:gd name="adj1" fmla="val 16667"/>
<!-- NW/SE corners -->
      <a:gd name="adj2" fmla="val 0"/>
<!-- NE/SW corners -->
    </a:avLst>
    <a:gdLst>
      <a:gd name="a1" fmla="pin 0 adj1 50000"/>
      <a:gd name="a2" fmla="pin 0 adj2 50000"/>
      <a:gd name="x1" fmla="*/ ss a1 100000"/>
      <a:gd name="y1" fmla="+- b 0 x1"/>
      <a:gd name="a" fmla="*/ ss a2 100000"/>
      <a:gd name="x2" fmla="+- r 0 a"/>
      <a:gd name="y2" fmla="+- b 0 a"/>
      <a:gd name="dx1" fmla="*/ x1 29289 100000"/>
<!-- 1 - cos 45 -->
      <a:gd name="dx2" fmla="*/ a 29289 100000"/>
<!-- 1 - cos 45 -->
      <a:gd name="d" fmla="+- dx1 0 dx2"/>
      <a:gd name="dx" fmla="?: d dx1 dx2"/>
      <a:gd name="ir" fmla="+- r 0 dx"/>
      <a:gd name="ib" fmla="+- b 0 dx"/>
    </a:gdLst>
    <a:rect l="dx" t="dx" r="ir" b="ib"/>
    <a:pathLst>
      <a:path>
        <a:moveTo>
          <a:pt x="x1" y="t"/>
        </a:moveTo>
        <a:lnTo>
          <a:pt x="x2" y="t"/>
        </a:lnTo>
        <a:arcTo wR="a" hR="a" stAng="cd34" swAng="cd4"/>
        <a:lnTo>
          <a:pt x="r" y="y1"/>
        </a:lnTo>
        <a:arcTo wR="x1" hR="x1" stAng="0" swAng="cd4"/>
        <a:lnTo>
          <a:pt x="a" y="b"/>
        </a:lnTo>
        <a:arcTo wR="a" hR="a" stAng="cd4" swAng="cd4"/>
        <a:lnTo>
          <a:pt x="l" y="x1"/>
        </a:lnTo>
        <a:arcTo wR="x1" hR="x1" stAng="cd2" swAng="cd4"/>
        <a:close/>
      </a:path>
    </a:pathLst>
</a:custGeom>
