<a:custGeom xmlns:a="http://schemas.openxmlformats.org/drawingml/2006/main">
    <a:avLst>
      <a:gd name="adj1" fmla="val 16667"/>
<!-- top corners -->
      <a:gd name="adj2" fmla="val 0"/>
<!-- bottom corners -->
    </a:avLst>
    <a:gdLst>
      <a:gd name="a1" fmla="pin 0 adj1 50000"/>
      <a:gd name="a2" fmla="pin 0 adj2 50000"/>
      <a:gd name="tx1" fmla="*/ ss a1 100000"/>
      <a:gd name="tx2" fmla="+- r 0 tx1"/>
<!-- ty1 == tx1 -->
      <a:gd name="bx1" fmla="*/ ss a2 100000"/>
      <a:gd name="bx2" fmla="+- r 0 bx1"/>
      <a:gd name="by1" fmla="+- b 0 bx1"/>
      <a:gd name="d" fmla="+- tx1 0 bx1"/>
      <a:gd name="tdx" fmla="*/ tx1 29289 100000"/>
<!-- 1 - cos 45 -->
      <a:gd name="bdx" fmla="*/ bx1 29289 100000"/>
<!-- 1 - cos 45 -->
      <a:gd name="il" fmla="?: d tdx bdx"/>
      <a:gd name="ir" fmla="+- r 0 il"/>
      <a:gd name="ib" fmla="+- b 0 bdx"/>
    </a:gdLst>
    <a:rect l="il" t="tdx" r="ir" b="ib"/>
    <a:pathLst>
      <a:path>
        <a:moveTo>
          <a:pt x="tx1" y="t"/>
        </a:moveTo>
        <a:lnTo>
          <a:pt x="tx2" y="t"/>
        </a:lnTo>
        <a:arcTo wR="tx1" hR="tx1" stAng="cd34" swAng="cd4"/>
        <a:lnTo>
          <a:pt x="r" y="by1"/>
        </a:lnTo>
        <a:arcTo wR="bx1" hR="bx1" stAng="0" swAng="cd4"/>
        <a:lnTo>
          <a:pt x="bx1" y="b"/>
        </a:lnTo>
        <a:arcTo wR="bx1" hR="bx1" stAng="cd4" swAng="cd4"/>
        <a:lnTo>
          <a:pt x="l" y="tx1"/>
        </a:lnTo>
        <a:arcTo wR="tx1" hR="tx1" stAng="cd2" swAng="cd4"/>
        <a:close/>
      </a:path>
    </a:pathLst>
</a:custGeom>
