<a:custGeom xmlns:a="http://schemas.openxmlformats.org/drawingml/2006/3/main">
    <a:avLst>
      <a:gd name="adj" fmla="val 16667"/>
    </a:avLst>
    <a:gdLst>
      <a:gd name="a" fmla="pin 0 adj 50000"/>
      <a:gd name="dx1" fmla="*/ ss a 100000"/>
      <a:gd name="x1" fmla="+- r 0 dx1"/>
      <a:gd name="idx" fmla="*/ dx1 29289 100000"/>
<!-- 1 - cos 45 -->
      <a:gd name="ir" fmla="+- r 0 idx"/>
    </a:gdLst>
    <a:rect l="l" t="t" r="ir" b="b"/>
    <a:pathLst>
      <a:path>
        <a:moveTo>
          <a:pt x="l" y="t"/>
        </a:moveTo>
        <a:lnTo>
          <a:pt x="x1" y="t"/>
        </a:lnTo>
        <a:arcTo wR="dx1" hR="dx1" stAng="cd34" swAng="cd4"/>
        <a:lnTo>
          <a:pt x="r" y="b"/>
        </a:lnTo>
        <a:lnTo>
          <a:pt x="l" y="b"/>
        </a:lnTo>
        <a:close/>
      </a:path>
    </a:pathLst>
</a:custGeom>
