<a:custGeom xmlns:a="http://schemas.openxmlformats.org/drawingml/2006/main">
    <a:avLst>
      <a:gd name="adj" fmla="val 4653"/>
<!-- 50% -->
    </a:avLst>
    <a:gdLst>
      <a:gd name="a" fmla="pin -4653 adj 4653"/>
      <a:gd name="x1" fmla="*/ w 4969 21699"/>
<!-- left of mouth -->
      <a:gd name="x2" fmla="*/ w 6215 21600"/>
<!-- left of left eye -->
      <a:gd name="x3" fmla="*/ w 13135 21600"/>
<!-- left of right eye -->
      <a:gd name="x4" fmla="*/ w 16640 21600"/>
<!-- right of mouth -->
      <a:gd name="y1" fmla="*/ h 7570 21600"/>
<!-- vert center of eyes -->
      <a:gd name="y3" fmla="*/ h 16515 21600"/>
<!-- vert center of mouth -->
      <a:gd name="dy2" fmla="*/ h a 100000"/>
<!-- half height of mouth -->
      <a:gd name="y2" fmla="+- y3 0 dy2"/>
<!-- top of mouth -->
      <a:gd name="y4" fmla="+- y3 dy2 0"/>
<!-- bottom of mouth -->
      <a:gd name="dy3" fmla="*/ h a 50000"/>
<!-- height of mouth -->
      <a:gd name="y5" fmla="+- y4 dy3 0"/>
      <a:gd name="idx" fmla="cos wd2 2700000"/>
      <a:gd name="idy" fmla="sin hd2 2700000"/>
      <a:gd name="il" fmla="+- hc 0 idx"/>
      <a:gd name="ir" fmla="+- hc idx 0"/>
      <a:gd name="it" fmla="+- vc 0 idy"/>
      <a:gd name="ib" fmla="+- vc idy 0"/>
      <a:gd name="wR" fmla="*/ w 1125 21600"/>
      <a:gd name="hR" fmla="*/ h 1125 21600"/>
    </a:gdLst>
    <a:rect l="il" t="it" r="ir" b="ib"/>
    <a:pathLst>
      <a:path stroke="false" extrusionOk="false">
<!-- face -->
        <a:moveTo>
          <a:pt x="l" y="vc"/>
        </a:moveTo>
        <a:arcTo wR="wd2" hR="hd2" stAng="cd2" swAng="21600000"/>
        <a:close/>
      </a:path>
      <a:path fill="darkenLess" extrusionOk="false">
<!-- eyes -->
        <a:moveTo>
          <a:pt x="x2" y="y1"/>
        </a:moveTo>
        <a:arcTo wR="wR" hR="hR" stAng="cd2" swAng="21600000"/>
        <a:moveTo>
          <a:pt x="x3" y="y1"/>
        </a:moveTo>
        <a:arcTo wR="wR" hR="hR" stAng="cd2" swAng="21600000"/>
      </a:path>
      <a:path fill="none" extrusionOk="false">
<!-- mouth -->
        <a:moveTo>
          <a:pt x="x1" y="y2"/>
        </a:moveTo>
        <a:quadBezTo>
          <a:pt x="hc" y="y5"/>
          <a:pt x="x4" y="y2"/>
        </a:quadBezTo>
      </a:path>
      <a:path fill="none">
<!-- face extrudable profile -->
        <a:moveTo>
          <a:pt x="l" y="vc"/>
        </a:moveTo>
        <a:arcTo wR="wd2" hR="hd2" stAng="cd2" swAng="21600000"/>
        <a:close/>
      </a:path>
    </a:pathLst>
</a:custGeom>
