<a:custGeom xmlns:a="http://schemas.openxmlformats.org/drawingml/2006/3/main">
    <a:avLst>
      <a:gd name="adj1" fmla="val 16667"/>
<!-- amount of round -->
      <a:gd name="adj2" fmla="val 16667"/>
<!-- amount of snip -->
    </a:avLst>
    <a:gdLst>
      <a:gd name="a1" fmla="pin 0 adj1 50000"/>
      <a:gd name="a2" fmla="pin 0 adj2 50000"/>
      <a:gd name="x1" fmla="*/ ss a1 100000"/>
      <a:gd name="dx2" fmla="*/ ss a2 100000"/>
      <a:gd name="x2" fmla="+- r 0 dx2"/>
      <a:gd name="il" fmla="*/ x1 29289 100000"/>
<!-- 1 - cos 45 -->
<!-- it == il -->
      <a:gd name="ir" fmla="+/ x2 r 2"/>
    </a:gdLst>
    <a:rect l="il" t="il" r="ir" b="b"/>
    <a:pathLst>
      <a:path>
        <a:moveTo>
          <a:pt x="x1" y="t"/>
        </a:moveTo>
        <a:lnTo>
          <a:pt x="x2" y="t"/>
        </a:lnTo>
        <a:lnTo>
          <a:pt x="r" y="dx2"/>
        </a:lnTo>
        <a:lnTo>
          <a:pt x="r" y="b"/>
        </a:lnTo>
        <a:lnTo>
          <a:pt x="l" y="b"/>
        </a:lnTo>
        <a:lnTo>
          <a:pt x="l" y="x1"/>
        </a:lnTo>
        <a:arcTo wR="x1" hR="x1" stAng="cd2" swAng="cd4"/>
        <a:close/>
      </a:path>
    </a:pathLst>
</a:custGeom>
