<a:custGeom xmlns:a="http://schemas.openxmlformats.org/drawingml/2006/3/main">
    <a:avLst>
      <a:gd name="adj1" fmla="val 0"/>
<!-- NW/SE corners -->
      <a:gd name="adj2" fmla="val 16667"/>
<!-- NE/SW corners -->
    </a:avLst>
    <a:gdLst>
      <a:gd name="a1" fmla="pin 0 adj1 50000"/>
      <a:gd name="a2" fmla="pin 0 adj2 50000"/>
      <a:gd name="lx1" fmla="*/ ss a1 100000"/>
      <a:gd name="lx2" fmla="+- r 0 lx1"/>
      <a:gd name="ly1" fmla="+- b 0 lx1"/>
      <a:gd name="rx1" fmla="*/ ss a2 100000"/>
      <a:gd name="rx2" fmla="+- r 0 rx1"/>
      <a:gd name="ry1" fmla="+- b 0 rx1"/>
      <a:gd name="d" fmla="+- lx1 0 rx1"/>
      <a:gd name="dx" fmla="?: d lx1 rx1"/>
      <a:gd name="il" fmla="*/ dx 1 2"/>
<!-- it == il -->
      <a:gd name="ir" fmla="+- r 0 il"/>
      <a:gd name="ib" fmla="+- b 0 il"/>
    </a:gdLst>
    <a:rect l="il" t="il" r="ir" b="ib"/>
    <a:pathLst>
      <a:path>
        <a:moveTo>
          <a:pt x="lx1" y="t"/>
        </a:moveTo>
        <a:lnTo>
          <a:pt x="rx2" y="t"/>
        </a:lnTo>
        <a:lnTo>
          <a:pt x="r" y="rx1"/>
        </a:lnTo>
        <a:lnTo>
          <a:pt x="r" y="ly1"/>
        </a:lnTo>
        <a:lnTo>
          <a:pt x="lx2" y="b"/>
        </a:lnTo>
        <a:lnTo>
          <a:pt x="rx1" y="b"/>
        </a:lnTo>
        <a:lnTo>
          <a:pt x="l" y="ry1"/>
        </a:lnTo>
        <a:lnTo>
          <a:pt x="l" y="lx1"/>
        </a:lnTo>
        <a:close/>
      </a:path>
    </a:pathLst>
</a:custGeom>
