<a:custGeom xmlns:a="http://schemas.openxmlformats.org/drawingml/2006/3/main">
    <a:avLst>
      <a:gd name="adj1" fmla="val 16667"/>
<!-- top corners -->
      <a:gd name="adj2" fmla="val 0"/>
<!-- bottom corners -->
    </a:avLst>
    <a:gdLst>
      <a:gd name="a1" fmla="pin 0 adj1 50000"/>
      <a:gd name="a2" fmla="pin 0 adj2 50000"/>
      <a:gd name="tx1" fmla="*/ ss a1 100000"/>
      <a:gd name="tx2" fmla="+- r 0 tx1"/>
      <a:gd name="bx1" fmla="*/ ss a2 100000"/>
      <a:gd name="bx2" fmla="+- r 0 bx1"/>
      <a:gd name="by1" fmla="+- b 0 bx1"/>
      <a:gd name="d" fmla="+- tx1 0 bx1"/>
      <a:gd name="dx" fmla="?: d tx1 bx1"/>
      <a:gd name="il" fmla="*/ dx 1 2"/>
      <a:gd name="ir" fmla="+- r 0 il"/>
      <a:gd name="it" fmla="*/ tx1 1 2"/>
      <a:gd name="ib" fmla="+/ by1 b 2"/>
    </a:gdLst>
    <a:rect l="il" t="it" r="ir" b="ib"/>
    <a:pathLst>
      <a:path>
        <a:moveTo>
          <a:pt x="tx1" y="t"/>
        </a:moveTo>
        <a:lnTo>
          <a:pt x="tx2" y="t"/>
        </a:lnTo>
        <a:lnTo>
          <a:pt x="r" y="tx1"/>
        </a:lnTo>
        <a:lnTo>
          <a:pt x="r" y="by1"/>
        </a:lnTo>
        <a:lnTo>
          <a:pt x="bx2" y="b"/>
        </a:lnTo>
        <a:lnTo>
          <a:pt x="bx1" y="b"/>
        </a:lnTo>
        <a:lnTo>
          <a:pt x="l" y="by1"/>
        </a:lnTo>
        <a:lnTo>
          <a:pt x="l" y="tx1"/>
        </a:lnTo>
        <a:close/>
      </a:path>
    </a:pathLst>
</a:custGeom>
