<a:custGeom xmlns:a="http://schemas.openxmlformats.org/drawingml/2006/main">
    <a:avLst>
      <a:gd name="adj" fmla="val 12500"/>
<!-- 1/8th -->
    </a:avLst>
    <a:gdLst>
      <a:gd name="a" fmla="pin 0 adj 50000"/>
      <a:gd name="iwd2" fmla="*/ wd2 a 50000"/>
<!-- wd2 * 2 * adj -->
      <a:gd name="ihd2" fmla="*/ hd2 a 50000"/>
<!-- hd2 * 2 * adj -->
      <a:gd name="sdx" fmla="cos iwd2 2700000"/>
<!-- cos 45 -->
      <a:gd name="sdy" fmla="sin ihd2 2700000"/>
<!-- sin 45 -->
      <a:gd name="sx1" fmla="+- hc 0 sdx"/>
      <a:gd name="sx2" fmla="+- hc sdx 0"/>
      <a:gd name="sy1" fmla="+- vc 0 sdy"/>
      <a:gd name="sy2" fmla="+- vc sdy 0"/>
      <a:gd name="yAdj" fmla="+- vc 0 ihd2"/>
    </a:gdLst>
    <a:rect l="sx1" t="sy1" r="sx2" b="sy2"/>
    <a:pathLst>
      <a:path>
        <a:moveTo>
          <a:pt x="l" y="vc"/>
        </a:moveTo>
        <a:lnTo>
          <a:pt x="sx1" y="sy1"/>
        </a:lnTo>
        <a:lnTo>
          <a:pt x="hc" y="t"/>
        </a:lnTo>
        <a:lnTo>
          <a:pt x="sx2" y="sy1"/>
        </a:lnTo>
        <a:lnTo>
          <a:pt x="r" y="vc"/>
        </a:lnTo>
        <a:lnTo>
          <a:pt x="sx2" y="sy2"/>
        </a:lnTo>
        <a:lnTo>
          <a:pt x="hc" y="b"/>
        </a:lnTo>
        <a:lnTo>
          <a:pt x="sx1" y="sy2"/>
        </a:lnTo>
        <a:close/>
      </a:path>
    </a:pathLst>
</a:custGeom>
