<a:custGeom xmlns:a="http://schemas.openxmlformats.org/drawingml/2006/3/main">
    <a:avLst>
      <a:gd name="adj" fmla="val 37500"/>
    </a:avLst>
    <a:gdLst>
      <a:gd name="a" fmla="pin 0 adj 50000"/>
      <a:gd name="dx1" fmla="cos wd2 1800000"/>
<!-- cos 30 -->
<!-- dx2 == cos60 == wd4 -->
      <a:gd name="dy1" fmla="sin hd2 3600000"/>
<!-- sin 60 -->
<!-- dy2 == sin 30 == hd4 -->
      <a:gd name="x1" fmla="+- hc 0 dx1"/>
      <a:gd name="x2" fmla="+- hc 0 wd4"/>
      <a:gd name="x3" fmla="+- hc wd4 0"/>
      <a:gd name="x4" fmla="+- hc dx1 0"/>
      <a:gd name="y1" fmla="+- vc 0 dy1"/>
      <a:gd name="y2" fmla="+- vc 0 hd4"/>
      <a:gd name="y3" fmla="+- vc hd4 0"/>
      <a:gd name="y4" fmla="+- vc dy1 0"/>
      <a:gd name="iwd2" fmla="*/ wd2 a 50000"/>
      <a:gd name="ihd2" fmla="*/ hd2 a 50000"/>
      <a:gd name="sdx1" fmla="cos iwd2 900000"/>
<!-- cos 15 -->
      <a:gd name="sdx2" fmla="cos iwd2 2700000"/>
<!-- cos 45 -->
      <a:gd name="sdx3" fmla="cos iwd2 4500000"/>
<!-- cos 75 -->
      <a:gd name="sdy1" fmla="sin ihd2 4500000"/>
<!-- sin 75 -->
      <a:gd name="sdy2" fmla="sin ihd2 2700000"/>
<!-- sin 45 -->
      <a:gd name="sdy3" fmla="sin ihd2 900000"/>
<!-- sin 15 -->
      <a:gd name="sx1" fmla="+- hc 0 sdx1"/>
      <a:gd name="sx2" fmla="+- hc 0 sdx2"/>
      <a:gd name="sx3" fmla="+- hc 0 sdx3"/>
      <a:gd name="sx4" fmla="+- hc sdx3 0"/>
      <a:gd name="sx5" fmla="+- hc sdx2 0"/>
      <a:gd name="sx6" fmla="+- hc sdx1 0"/>
      <a:gd name="sy1" fmla="+- vc 0 sdy1"/>
      <a:gd name="sy2" fmla="+- vc 0 sdy2"/>
      <a:gd name="sy3" fmla="+- vc 0 sdy3"/>
      <a:gd name="sy4" fmla="+- vc sdy3 0"/>
      <a:gd name="sy5" fmla="+- vc sdy2 0"/>
      <a:gd name="sy6" fmla="+- vc sdy1 0"/>
      <a:gd name="yAdj" fmla="+- vc 0 ihd2"/>
    </a:gdLst>
    <a:rect l="sx2" t="sy2" r="sx5" b="sy5"/>
    <a:pathLst>
      <a:path>
        <a:moveTo>
          <a:pt x="l" y="vc"/>
        </a:moveTo>
        <a:lnTo>
          <a:pt x="sx1" y="sy3"/>
        </a:lnTo>
        <a:lnTo>
          <a:pt x="x1" y="y2"/>
        </a:lnTo>
        <a:lnTo>
          <a:pt x="sx2" y="sy2"/>
        </a:lnTo>
        <a:lnTo>
          <a:pt x="x2" y="y1"/>
        </a:lnTo>
        <a:lnTo>
          <a:pt x="sx3" y="sy1"/>
        </a:lnTo>
        <a:lnTo>
          <a:pt x="hc" y="t"/>
        </a:lnTo>
        <a:lnTo>
          <a:pt x="sx4" y="sy1"/>
        </a:lnTo>
        <a:lnTo>
          <a:pt x="x3" y="y1"/>
        </a:lnTo>
        <a:lnTo>
          <a:pt x="sx5" y="sy2"/>
        </a:lnTo>
        <a:lnTo>
          <a:pt x="x4" y="y2"/>
        </a:lnTo>
        <a:lnTo>
          <a:pt x="sx6" y="sy3"/>
        </a:lnTo>
        <a:lnTo>
          <a:pt x="r" y="vc"/>
        </a:lnTo>
        <a:lnTo>
          <a:pt x="sx6" y="sy4"/>
        </a:lnTo>
        <a:lnTo>
          <a:pt x="x4" y="y3"/>
        </a:lnTo>
        <a:lnTo>
          <a:pt x="sx5" y="sy5"/>
        </a:lnTo>
        <a:lnTo>
          <a:pt x="x3" y="y4"/>
        </a:lnTo>
        <a:lnTo>
          <a:pt x="sx4" y="sy6"/>
        </a:lnTo>
        <a:lnTo>
          <a:pt x="hc" y="b"/>
        </a:lnTo>
        <a:lnTo>
          <a:pt x="sx3" y="sy6"/>
        </a:lnTo>
        <a:lnTo>
          <a:pt x="x2" y="y4"/>
        </a:lnTo>
        <a:lnTo>
          <a:pt x="sx2" y="sy5"/>
        </a:lnTo>
        <a:lnTo>
          <a:pt x="x1" y="y3"/>
        </a:lnTo>
        <a:lnTo>
          <a:pt x="sx1" y="sy4"/>
        </a:lnTo>
        <a:close/>
      </a:path>
    </a:pathLst>
</a:custGeom>
