<a:custGeom xmlns:a="http://schemas.openxmlformats.org/drawingml/2006/3/main">
    <a:avLst>
      <a:gd name="adj" fmla="val 28868"/>
      <a:gd name="hf" fmla="val 115470"/>
<!-- horz scaling factor -->
    </a:avLst>
    <a:gdLst>
      <a:gd name="a" fmla="pin 0 adj 50000"/>
      <a:gd name="swd2" fmla="*/ wd2 hf 100000"/>
<!-- need to scale width to fit bounding box -->
      <a:gd name="dx1" fmla="cos swd2 1800000"/>
<!-- cos 30 -->
      <a:gd name="x1" fmla="+- hc 0 dx1"/>
      <a:gd name="x2" fmla="+- hc dx1 0"/>
      <a:gd name="y2" fmla="+- vc hd4 0"/>
<!-- dy1 == sin 30 == 0.5 -->
      <a:gd name="iwd2" fmla="*/ swd2 a 50000"/>
      <a:gd name="ihd2" fmla="*/ hd2 a 50000"/>
      <a:gd name="sdx2" fmla="*/ iwd2 1 2"/>
<!-- cos 60 -->
      <a:gd name="sx1" fmla="+- hc 0 iwd2"/>
      <a:gd name="sx2" fmla="+- hc 0 sdx2"/>
      <a:gd name="sx3" fmla="+- hc sdx2 0"/>
      <a:gd name="sx4" fmla="+- hc iwd2 0"/>
      <a:gd name="sdy1" fmla="sin ihd2 3600000"/>
<!-- sin 60 -->
      <a:gd name="sy1" fmla="+- vc 0 sdy1"/>
      <a:gd name="sy2" fmla="+- vc sdy1 0"/>
      <a:gd name="yAdj" fmla="+- vc 0 ihd2"/>
    </a:gdLst>
    <a:rect l="sx1" t="sy1" r="sx4" b="sy2"/>
    <a:pathLst>
      <a:path>
        <a:moveTo>
          <a:pt x="x1" y="hd4"/>
        </a:moveTo>
        <a:lnTo>
          <a:pt x="sx2" y="sy1"/>
        </a:lnTo>
        <a:lnTo>
          <a:pt x="hc" y="t"/>
        </a:lnTo>
        <a:lnTo>
          <a:pt x="sx3" y="sy1"/>
        </a:lnTo>
        <a:lnTo>
          <a:pt x="x2" y="hd4"/>
        </a:lnTo>
        <a:lnTo>
          <a:pt x="sx4" y="vc"/>
        </a:lnTo>
        <a:lnTo>
          <a:pt x="x2" y="y2"/>
        </a:lnTo>
        <a:lnTo>
          <a:pt x="sx3" y="sy2"/>
        </a:lnTo>
        <a:lnTo>
          <a:pt x="hc" y="b"/>
        </a:lnTo>
        <a:lnTo>
          <a:pt x="sx2" y="sy2"/>
        </a:lnTo>
        <a:lnTo>
          <a:pt x="x1" y="y2"/>
        </a:lnTo>
        <a:lnTo>
          <a:pt x="sx1" y="vc"/>
        </a:lnTo>
        <a:close/>
      </a:path>
    </a:pathLst>
</a:custGeom>
