<a:custGeom xmlns:a="http://schemas.openxmlformats.org/drawingml/2006/3/main">
    <a:avLst>
      <a:gd name="adj" fmla="val 19098"/>
<!-- 15451 for non touching version -->
      <a:gd name="hf" fmla="val 105146"/>
<!-- horz scaling factor -->
      <a:gd name="vf" fmla="val 110557"/>
<!-- vert scaling factor -->
    </a:avLst>
    <a:gdLst>
      <a:gd name="a" fmla="pin 0 adj 50000"/>
      <a:gd name="swd2" fmla="*/ wd2 hf 100000"/>
<!-- need to scale width to fit bounding box -->
      <a:gd name="shd2" fmla="*/ hd2 vf 100000"/>
<!-- need to scale height to fit bounding box -->
      <a:gd name="svc" fmla="*/ vc  vf 100000"/>
<!-- need to scale vert center -->
      <a:gd name="dx1" fmla="cos swd2 1080000"/>
<!-- cos 18 -->
      <a:gd name="dx2" fmla="cos swd2 18360000"/>
<!-- cos 306 -->
      <a:gd name="dy1" fmla="sin shd2 1080000"/>
<!-- sin 18 -->
      <a:gd name="dy2" fmla="sin shd2 18360000"/>
<!-- sin 306 -->
      <a:gd name="x1" fmla="+- hc 0 dx1"/>
      <a:gd name="x2" fmla="+- hc 0 dx2"/>
      <a:gd name="x3" fmla="+- hc dx2 0"/>
      <a:gd name="x4" fmla="+- hc dx1 0"/>
      <a:gd name="y1" fmla="+- svc 0 dy1"/>
      <a:gd name="y2" fmla="+- svc 0 dy2"/>
      <a:gd name="iwd2" fmla="*/ swd2 a 50000"/>
      <a:gd name="ihd2" fmla="*/ shd2 a 50000"/>
      <a:gd name="sdx1" fmla="cos iwd2 20520000"/>
<!-- cos 342 -->
      <a:gd name="sdx2" fmla="cos iwd2 3240000"/>
<!-- cos 54 -->
      <a:gd name="sdy1" fmla="sin ihd2 3240000"/>
<!-- sin 54 -->
      <a:gd name="sdy2" fmla="sin ihd2 20520000"/>
<!-- sin 342 -->
      <a:gd name="sx1" fmla="+- hc 0 sdx1"/>
      <a:gd name="sx2" fmla="+- hc 0 sdx2"/>
      <a:gd name="sx3" fmla="+- hc sdx2 0"/>
      <a:gd name="sx4" fmla="+- hc sdx1 0"/>
      <a:gd name="sy1" fmla="+- svc 0 sdy1"/>
      <a:gd name="sy2" fmla="+- svc 0 sdy2"/>
      <a:gd name="sy3" fmla="+- svc ihd2 0"/>
      <a:gd name="yAdj" fmla="+- svc 0 ihd2"/>
    </a:gdLst>
    <a:rect l="sx1" t="sy1" r="sx4" b="sy3"/>
    <a:pathLst>
      <a:path>
        <a:moveTo>
          <a:pt x="x1" y="y1"/>
        </a:moveTo>
        <a:lnTo>
          <a:pt x="sx2" y="sy1"/>
        </a:lnTo>
        <a:lnTo>
          <a:pt x="hc" y="t"/>
        </a:lnTo>
        <a:lnTo>
          <a:pt x="sx3" y="sy1"/>
        </a:lnTo>
        <a:lnTo>
          <a:pt x="x4" y="y1"/>
        </a:lnTo>
        <a:lnTo>
          <a:pt x="sx4" y="sy2"/>
        </a:lnTo>
        <a:lnTo>
          <a:pt x="x3" y="y2"/>
        </a:lnTo>
        <a:lnTo>
          <a:pt x="hc" y="sy3"/>
        </a:lnTo>
        <a:lnTo>
          <a:pt x="x2" y="y2"/>
        </a:lnTo>
        <a:lnTo>
          <a:pt x="sx1" y="sy2"/>
        </a:lnTo>
        <a:close/>
      </a:path>
    </a:pathLst>
</a:custGeom>
