<a:custGeom xmlns:a="http://schemas.openxmlformats.org/drawingml/2006/3/main">
    <a:avLst>
      <a:gd name="adj" fmla="val 37500"/>
    </a:avLst>
    <a:gdLst>
      <a:gd name="a" fmla="pin 0 adj 50000"/>
      <a:gd name="dx1" fmla="cos wd2 2700000"/>
<!-- cos 45 -->
      <a:gd name="x1" fmla="+- hc 0 dx1"/>
      <a:gd name="x2" fmla="+- hc dx1 0"/>
      <a:gd name="dy1" fmla="sin hd2 2700000"/>
<!-- sin 45 -->
      <a:gd name="y1" fmla="+- vc 0 dy1"/>
      <a:gd name="y2" fmla="+- vc dy1 0"/>
      <a:gd name="iwd2" fmla="*/ wd2 a 50000"/>
      <a:gd name="ihd2" fmla="*/ hd2 a 50000"/>
      <a:gd name="sdx1" fmla="*/ iwd2 92388 100000"/>
<!-- cos 22.5 -->
      <a:gd name="sdx2" fmla="*/ iwd2 38268 100000"/>
<!-- cos 67.5 -->
      <a:gd name="sdy1" fmla="*/ ihd2 92388 100000"/>
<!-- sin 67.5 -->
      <a:gd name="sdy2" fmla="*/ ihd2 38268 100000"/>
<!-- sin 22.5 -->
      <a:gd name="sx1" fmla="+- hc 0 sdx1"/>
      <a:gd name="sx2" fmla="+- hc 0 sdx2"/>
      <a:gd name="sx3" fmla="+- hc sdx2 0"/>
      <a:gd name="sx4" fmla="+- hc sdx1 0"/>
      <a:gd name="sy1" fmla="+- vc 0 sdy1"/>
      <a:gd name="sy2" fmla="+- vc 0 sdy2"/>
      <a:gd name="sy3" fmla="+- vc sdy2 0"/>
      <a:gd name="sy4" fmla="+- vc sdy1 0"/>
      <a:gd name="yAdj" fmla="+- vc 0 ihd2"/>
    </a:gdLst>
    <a:rect l="sx1" t="sy1" r="sx4" b="sy4"/>
    <a:pathLst>
      <a:path>
        <a:moveTo>
          <a:pt x="l" y="vc"/>
        </a:moveTo>
        <a:lnTo>
          <a:pt x="sx1" y="sy2"/>
        </a:lnTo>
        <a:lnTo>
          <a:pt x="x1" y="y1"/>
        </a:lnTo>
        <a:lnTo>
          <a:pt x="sx2" y="sy1"/>
        </a:lnTo>
        <a:lnTo>
          <a:pt x="hc" y="t"/>
        </a:lnTo>
        <a:lnTo>
          <a:pt x="sx3" y="sy1"/>
        </a:lnTo>
        <a:lnTo>
          <a:pt x="x2" y="y1"/>
        </a:lnTo>
        <a:lnTo>
          <a:pt x="sx4" y="sy2"/>
        </a:lnTo>
        <a:lnTo>
          <a:pt x="r" y="vc"/>
        </a:lnTo>
        <a:lnTo>
          <a:pt x="sx4" y="sy3"/>
        </a:lnTo>
        <a:lnTo>
          <a:pt x="x2" y="y2"/>
        </a:lnTo>
        <a:lnTo>
          <a:pt x="sx3" y="sy4"/>
        </a:lnTo>
        <a:lnTo>
          <a:pt x="hc" y="b"/>
        </a:lnTo>
        <a:lnTo>
          <a:pt x="sx2" y="sy4"/>
        </a:lnTo>
        <a:lnTo>
          <a:pt x="x1" y="y2"/>
        </a:lnTo>
        <a:lnTo>
          <a:pt x="sx1" y="sy3"/>
        </a:lnTo>
        <a:close/>
      </a:path>
    </a:pathLst>
</a:custGeom>
