<a:custGeom xmlns:a="http://schemas.openxmlformats.org/drawingml/2006/3/main">
    <a:avLst>
      <a:gd name="adj" fmla="val 42533"/>
      <a:gd name="hf" fmla="val 105146"/>
<!-- horz scaling factor -->
    </a:avLst>
    <a:gdLst>
      <a:gd name="a" fmla="pin 0 adj 50000"/>
      <a:gd name="swd2" fmla="*/ wd2 hf 100000"/>
<!-- need to scale width to fit bounding box -->
      <a:gd name="dx1" fmla="*/ swd2 95106 100000"/>
<!-- cos 18 -->
      <a:gd name="dx2" fmla="*/ swd2 58779 100000"/>
<!-- cos 54 -->
      <a:gd name="x1" fmla="+- hc 0 dx1"/>
      <a:gd name="x2" fmla="+- hc 0 dx2"/>
      <a:gd name="x3" fmla="+- hc dx2 0"/>
      <a:gd name="x4" fmla="+- hc dx1 0"/>
      <a:gd name="dy1" fmla="*/ hd2 80902 100000"/>
<!-- sin 54 -->
      <a:gd name="dy2" fmla="*/ hd2 30902 100000"/>
<!-- sin 18 -->
      <a:gd name="y1" fmla="+- vc 0 dy1"/>
      <a:gd name="y2" fmla="+- vc 0 dy2"/>
      <a:gd name="y3" fmla="+- vc dy2 0"/>
      <a:gd name="y4" fmla="+- vc dy1 0"/>
      <a:gd name="iwd2" fmla="*/ swd2 a 50000"/>
      <a:gd name="ihd2" fmla="*/ hd2 a 50000"/>
      <a:gd name="sdx1" fmla="*/ iwd2 80902 100000"/>
<!-- cos 36 -->
      <a:gd name="sdx2" fmla="*/ iwd2 30902 100000"/>
<!-- cos 72 -->
      <a:gd name="sdy1" fmla="*/ ihd2 95106 100000"/>
<!-- sin 72 -->
      <a:gd name="sdy2" fmla="*/ ihd2 58779 100000"/>
<!-- sin 36 -->
      <a:gd name="sx1" fmla="+- hc 0 iwd2"/>
      <a:gd name="sx2" fmla="+- hc 0 sdx1"/>
      <a:gd name="sx3" fmla="+- hc 0 sdx2"/>
      <a:gd name="sx4" fmla="+- hc sdx2 0"/>
      <a:gd name="sx5" fmla="+- hc sdx1 0"/>
      <a:gd name="sx6" fmla="+- hc iwd2 0"/>
      <a:gd name="sy1" fmla="+- vc 0 sdy1"/>
      <a:gd name="sy2" fmla="+- vc 0 sdy2"/>
      <a:gd name="sy3" fmla="+- vc sdy2 0"/>
      <a:gd name="sy4" fmla="+- vc sdy1 0"/>
      <a:gd name="yAdj" fmla="+- vc 0 ihd2"/>
    </a:gdLst>
    <a:rect l="sx2" t="sy2" r="sx5" b="sy3"/>
    <a:pathLst>
      <a:path>
        <a:moveTo>
          <a:pt x="x1" y="y2"/>
        </a:moveTo>
        <a:lnTo>
          <a:pt x="sx2" y="sy2"/>
        </a:lnTo>
        <a:lnTo>
          <a:pt x="x2" y="y1"/>
        </a:lnTo>
        <a:lnTo>
          <a:pt x="sx3" y="sy1"/>
        </a:lnTo>
        <a:lnTo>
          <a:pt x="hc" y="t"/>
        </a:lnTo>
        <a:lnTo>
          <a:pt x="sx4" y="sy1"/>
        </a:lnTo>
        <a:lnTo>
          <a:pt x="x3" y="y1"/>
        </a:lnTo>
        <a:lnTo>
          <a:pt x="sx5" y="sy2"/>
        </a:lnTo>
        <a:lnTo>
          <a:pt x="x4" y="y2"/>
        </a:lnTo>
        <a:lnTo>
          <a:pt x="sx6" y="vc"/>
        </a:lnTo>
        <a:lnTo>
          <a:pt x="x4" y="y3"/>
        </a:lnTo>
        <a:lnTo>
          <a:pt x="sx5" y="sy3"/>
        </a:lnTo>
        <a:lnTo>
          <a:pt x="x3" y="y4"/>
        </a:lnTo>
        <a:lnTo>
          <a:pt x="sx4" y="sy4"/>
        </a:lnTo>
        <a:lnTo>
          <a:pt x="hc" y="b"/>
        </a:lnTo>
        <a:lnTo>
          <a:pt x="sx3" y="sy4"/>
        </a:lnTo>
        <a:lnTo>
          <a:pt x="x2" y="y4"/>
        </a:lnTo>
        <a:lnTo>
          <a:pt x="sx2" y="sy3"/>
        </a:lnTo>
        <a:lnTo>
          <a:pt x="x1" y="y3"/>
        </a:lnTo>
        <a:lnTo>
          <a:pt x="sx1" y="vc"/>
        </a:lnTo>
        <a:close/>
      </a:path>
    </a:pathLst>
</a:custGeom>
