<a:custGeom xmlns:a="http://schemas.openxmlformats.org/drawingml/2006/3/main">
    <a:avLst>
      <a:gd name="adj" fmla="val 37500"/>
    </a:avLst>
    <a:gdLst>
      <a:gd name="a" fmla="pin 0 adj 50000"/>
      <a:gd name="dx1" fmla="cos wd2 900000"/>
<!-- cos 15 -->
      <a:gd name="dx2" fmla="cos wd2 1800000"/>
<!-- cos 30 -->
      <a:gd name="dx3" fmla="cos wd2 2700000"/>
<!-- cos 45 -->
      <a:gd name="dx4" fmla="val wd4"/>
<!-- cos 60 -->
      <a:gd name="dx5" fmla="cos wd2 4500000"/>
<!-- cos 75 -->
      <a:gd name="dy1" fmla="sin hd2 4500000"/>
<!-- sin 75 -->
      <a:gd name="dy2" fmla="sin hd2 3600000"/>
<!-- sin 60 -->
      <a:gd name="dy3" fmla="sin hd2 2700000"/>
<!-- sin 45 -->
      <a:gd name="dy4" fmla="val hd4"/>
<!-- sin 30 -->
      <a:gd name="dy5" fmla="sin hd2 900000"/>
<!-- sin 15 -->
      <a:gd name="x1" fmla="+- hc 0 dx1"/>
      <a:gd name="x2" fmla="+- hc 0 dx2"/>
      <a:gd name="x3" fmla="+- hc 0 dx3"/>
      <a:gd name="x4" fmla="+- hc 0 dx4"/>
      <a:gd name="x5" fmla="+- hc 0 dx5"/>
      <a:gd name="x6" fmla="+- hc dx5 0"/>
      <a:gd name="x7" fmla="+- hc dx4 0"/>
      <a:gd name="x8" fmla="+- hc dx3 0"/>
      <a:gd name="x9" fmla="+- hc dx2 0"/>
      <a:gd name="x10" fmla="+- hc dx1 0"/>
      <a:gd name="y1" fmla="+- vc 0 dy1"/>
      <a:gd name="y2" fmla="+- vc 0 dy2"/>
      <a:gd name="y3" fmla="+- vc 0 dy3"/>
      <a:gd name="y4" fmla="+- vc 0 dy4"/>
      <a:gd name="y5" fmla="+- vc 0 dy5"/>
      <a:gd name="y6" fmla="+- vc dy5 0"/>
      <a:gd name="y7" fmla="+- vc dy4 0"/>
      <a:gd name="y8" fmla="+- vc dy3 0"/>
      <a:gd name="y9" fmla="+- vc dy2 0"/>
      <a:gd name="y10" fmla="+- vc dy1 0"/>
      <a:gd name="iwd2" fmla="*/ wd2 a 50000"/>
      <a:gd name="ihd2" fmla="*/ hd2 a 50000"/>
      <a:gd name="sdx1" fmla="*/ iwd2 99144 100000"/>
<!-- cos 7.5 -->
      <a:gd name="sdx2" fmla="*/ iwd2 92388 100000"/>
<!-- cos 22.5 -->
      <a:gd name="sdx3" fmla="*/ iwd2 79335 100000"/>
<!-- cos 37.5 -->
      <a:gd name="sdx4" fmla="*/ iwd2 60876 100000"/>
<!-- cos 52.5 -->
      <a:gd name="sdx5" fmla="*/ iwd2 38268 100000"/>
<!-- cos 67.5 -->
      <a:gd name="sdx6" fmla="*/ iwd2 13053 100000"/>
<!-- cos 82.5 -->
      <a:gd name="sdy1" fmla="*/ ihd2 99144 100000"/>
<!-- sin 82.5 -->
      <a:gd name="sdy2" fmla="*/ ihd2 92388 100000"/>
<!-- sin 67.5 -->
      <a:gd name="sdy3" fmla="*/ ihd2 79335 100000"/>
<!-- sin 52.5 -->
      <a:gd name="sdy4" fmla="*/ ihd2 60876 100000"/>
<!-- sin 37.5 -->
      <a:gd name="sdy5" fmla="*/ ihd2 38268 100000"/>
<!-- sin 22.5 -->
      <a:gd name="sdy6" fmla="*/ ihd2 13053 100000"/>
<!-- sin 7.5 -->
      <a:gd name="sx1" fmla="+- hc 0 sdx1"/>
      <a:gd name="sx2" fmla="+- hc 0 sdx2"/>
      <a:gd name="sx3" fmla="+- hc 0 sdx3"/>
      <a:gd name="sx4" fmla="+- hc 0 sdx4"/>
      <a:gd name="sx5" fmla="+- hc 0 sdx5"/>
      <a:gd name="sx6" fmla="+- hc 0 sdx6"/>
      <a:gd name="sx7" fmla="+- hc sdx6 0"/>
      <a:gd name="sx8" fmla="+- hc sdx5 0"/>
      <a:gd name="sx9" fmla="+- hc sdx4 0"/>
      <a:gd name="sx10" fmla="+- hc sdx3 0"/>
      <a:gd name="sx11" fmla="+- hc sdx2 0"/>
      <a:gd name="sx12" fmla="+- hc sdx1 0"/>
      <a:gd name="sy1" fmla="+- vc 0 sdy1"/>
      <a:gd name="sy2" fmla="+- vc 0 sdy2"/>
      <a:gd name="sy3" fmla="+- vc 0 sdy3"/>
      <a:gd name="sy4" fmla="+- vc 0 sdy4"/>
      <a:gd name="sy5" fmla="+- vc 0 sdy5"/>
      <a:gd name="sy6" fmla="+- vc 0 sdy6"/>
      <a:gd name="sy7" fmla="+- vc sdy6 0"/>
      <a:gd name="sy8" fmla="+- vc sdy5 0"/>
      <a:gd name="sy9" fmla="+- vc sdy4 0"/>
      <a:gd name="sy10" fmla="+- vc sdy3 0"/>
      <a:gd name="sy11" fmla="+- vc sdy2 0"/>
      <a:gd name="sy12" fmla="+- vc sdy1 0"/>
      <a:gd name="idx" fmla="cos iwd2 2700000"/>
      <a:gd name="idy" fmla="sin ihd2 2700000"/>
      <a:gd name="il" fmla="+- hc 0 idx"/>
      <a:gd name="it" fmla="+- vc 0 idy"/>
      <a:gd name="ir" fmla="+- hc idx 0"/>
      <a:gd name="ib" fmla="+- vc idy 0"/>
      <a:gd name="yAdj" fmla="+- vc 0 ihd2"/>
    </a:gdLst>
    <a:rect l="il" t="it" r="ir" b="ib"/>
    <a:pathLst>
      <a:path>
        <a:moveTo>
          <a:pt x="l" y="vc"/>
        </a:moveTo>
        <a:lnTo>
          <a:pt x="sx1" y="sy6"/>
        </a:lnTo>
        <a:lnTo>
          <a:pt x="x1" y="y5"/>
        </a:lnTo>
        <a:lnTo>
          <a:pt x="sx2" y="sy5"/>
        </a:lnTo>
        <a:lnTo>
          <a:pt x="x2" y="y4"/>
        </a:lnTo>
        <a:lnTo>
          <a:pt x="sx3" y="sy4"/>
        </a:lnTo>
        <a:lnTo>
          <a:pt x="x3" y="y3"/>
        </a:lnTo>
        <a:lnTo>
          <a:pt x="sx4" y="sy3"/>
        </a:lnTo>
        <a:lnTo>
          <a:pt x="x4" y="y2"/>
        </a:lnTo>
        <a:lnTo>
          <a:pt x="sx5" y="sy2"/>
        </a:lnTo>
        <a:lnTo>
          <a:pt x="x5" y="y1"/>
        </a:lnTo>
        <a:lnTo>
          <a:pt x="sx6" y="sy1"/>
        </a:lnTo>
        <a:lnTo>
          <a:pt x="hc" y="t"/>
        </a:lnTo>
        <a:lnTo>
          <a:pt x="sx7" y="sy1"/>
        </a:lnTo>
        <a:lnTo>
          <a:pt x="x6" y="y1"/>
        </a:lnTo>
        <a:lnTo>
          <a:pt x="sx8" y="sy2"/>
        </a:lnTo>
        <a:lnTo>
          <a:pt x="x7" y="y2"/>
        </a:lnTo>
        <a:lnTo>
          <a:pt x="sx9" y="sy3"/>
        </a:lnTo>
        <a:lnTo>
          <a:pt x="x8" y="y3"/>
        </a:lnTo>
        <a:lnTo>
          <a:pt x="sx10" y="sy4"/>
        </a:lnTo>
        <a:lnTo>
          <a:pt x="x9" y="y4"/>
        </a:lnTo>
        <a:lnTo>
          <a:pt x="sx11" y="sy5"/>
        </a:lnTo>
        <a:lnTo>
          <a:pt x="x10" y="y5"/>
        </a:lnTo>
        <a:lnTo>
          <a:pt x="sx12" y="sy6"/>
        </a:lnTo>
        <a:lnTo>
          <a:pt x="r" y="vc"/>
        </a:lnTo>
        <a:lnTo>
          <a:pt x="sx12" y="sy7"/>
        </a:lnTo>
        <a:lnTo>
          <a:pt x="x10" y="y6"/>
        </a:lnTo>
        <a:lnTo>
          <a:pt x="sx11" y="sy8"/>
        </a:lnTo>
        <a:lnTo>
          <a:pt x="x9" y="y7"/>
        </a:lnTo>
        <a:lnTo>
          <a:pt x="sx10" y="sy9"/>
        </a:lnTo>
        <a:lnTo>
          <a:pt x="x8" y="y8"/>
        </a:lnTo>
        <a:lnTo>
          <a:pt x="sx9" y="sy10"/>
        </a:lnTo>
        <a:lnTo>
          <a:pt x="x7" y="y9"/>
        </a:lnTo>
        <a:lnTo>
          <a:pt x="sx8" y="sy11"/>
        </a:lnTo>
        <a:lnTo>
          <a:pt x="x6" y="y10"/>
        </a:lnTo>
        <a:lnTo>
          <a:pt x="sx7" y="sy12"/>
        </a:lnTo>
        <a:lnTo>
          <a:pt x="hc" y="b"/>
        </a:lnTo>
        <a:lnTo>
          <a:pt x="sx6" y="sy12"/>
        </a:lnTo>
        <a:lnTo>
          <a:pt x="x5" y="y10"/>
        </a:lnTo>
        <a:lnTo>
          <a:pt x="sx5" y="sy11"/>
        </a:lnTo>
        <a:lnTo>
          <a:pt x="x4" y="y9"/>
        </a:lnTo>
        <a:lnTo>
          <a:pt x="sx4" y="sy10"/>
        </a:lnTo>
        <a:lnTo>
          <a:pt x="x3" y="y8"/>
        </a:lnTo>
        <a:lnTo>
          <a:pt x="sx3" y="sy9"/>
        </a:lnTo>
        <a:lnTo>
          <a:pt x="x2" y="y7"/>
        </a:lnTo>
        <a:lnTo>
          <a:pt x="sx2" y="sy8"/>
        </a:lnTo>
        <a:lnTo>
          <a:pt x="x1" y="y6"/>
        </a:lnTo>
        <a:lnTo>
          <a:pt x="sx1" y="sy7"/>
        </a:lnTo>
        <a:close/>
      </a:path>
    </a:pathLst>
</a:custGeom>
