<a:custGeom xmlns:a="http://schemas.openxmlformats.org/drawingml/2006/main">
    <a:avLst>
      <a:gd name="adj" fmla="val 37500"/>
    </a:avLst>
    <a:gdLst>
      <a:gd name="a" fmla="pin 0 adj 50000"/>
      <a:gd name="dx1" fmla="*/ wd2 92388 100000"/>
<!-- cos 22.5 -->
      <a:gd name="dx2" fmla="*/ wd2 70711 100000"/>
<!-- cos 45 -->
      <a:gd name="dx3" fmla="*/ wd2 38268 100000"/>
<!-- cos 67.5 -->
      <a:gd name="dy1" fmla="*/ hd2 92388 100000"/>
<!-- sin 67.5 -->
      <a:gd name="dy2" fmla="*/ hd2 70711 100000"/>
<!-- sin 45 -->
      <a:gd name="dy3" fmla="*/ hd2 38268 100000"/>
<!-- sin 22.5 -->
      <a:gd name="x1" fmla="+- hc 0 dx1"/>
      <a:gd name="x2" fmla="+- hc 0 dx2"/>
      <a:gd name="x3" fmla="+- hc 0 dx3"/>
      <a:gd name="x4" fmla="+- hc dx3 0"/>
      <a:gd name="x5" fmla="+- hc dx2 0"/>
      <a:gd name="x6" fmla="+- hc dx1 0"/>
      <a:gd name="y1" fmla="+- vc 0 dy1"/>
      <a:gd name="y2" fmla="+- vc 0 dy2"/>
      <a:gd name="y3" fmla="+- vc 0 dy3"/>
      <a:gd name="y4" fmla="+- vc dy3 0"/>
      <a:gd name="y5" fmla="+- vc dy2 0"/>
      <a:gd name="y6" fmla="+- vc dy1 0"/>
      <a:gd name="iwd2" fmla="*/ wd2 a 50000"/>
      <a:gd name="ihd2" fmla="*/ hd2 a 50000"/>
      <a:gd name="sdx1" fmla="*/ iwd2 98079 100000"/>
<!-- cos 11.25 -->
      <a:gd name="sdx2" fmla="*/ iwd2 83147 100000"/>
<!-- cos 33.75 -->
      <a:gd name="sdx3" fmla="*/ iwd2 55557 100000"/>
<!-- cos 56.25 -->
      <a:gd name="sdx4" fmla="*/ iwd2 19509 100000"/>
<!-- cos 78.75 -->
      <a:gd name="sdy1" fmla="*/ ihd2 98079 100000"/>
<!-- sin 78.75 -->
      <a:gd name="sdy2" fmla="*/ ihd2 83147 100000"/>
<!-- sin 56.25 -->
      <a:gd name="sdy3" fmla="*/ ihd2 55557 100000"/>
<!-- sin 33.75 -->
      <a:gd name="sdy4" fmla="*/ ihd2 19509 100000"/>
<!-- sin 11.25 -->
      <a:gd name="sx1" fmla="+- hc 0 sdx1"/>
      <a:gd name="sx2" fmla="+- hc 0 sdx2"/>
      <a:gd name="sx3" fmla="+- hc 0 sdx3"/>
      <a:gd name="sx4" fmla="+- hc 0 sdx4"/>
      <a:gd name="sx5" fmla="+- hc sdx4 0"/>
      <a:gd name="sx6" fmla="+- hc sdx3 0"/>
      <a:gd name="sx7" fmla="+- hc sdx2 0"/>
      <a:gd name="sx8" fmla="+- hc sdx1 0"/>
      <a:gd name="sy1" fmla="+- vc 0 sdy1"/>
      <a:gd name="sy2" fmla="+- vc 0 sdy2"/>
      <a:gd name="sy3" fmla="+- vc 0 sdy3"/>
      <a:gd name="sy4" fmla="+- vc 0 sdy4"/>
      <a:gd name="sy5" fmla="+- vc sdy4 0"/>
      <a:gd name="sy6" fmla="+- vc sdy3 0"/>
      <a:gd name="sy7" fmla="+- vc sdy2 0"/>
      <a:gd name="sy8" fmla="+- vc sdy1 0"/>
      <a:gd name="idx" fmla="cos iwd2 2700000"/>
      <a:gd name="idy" fmla="sin ihd2 2700000"/>
      <a:gd name="il" fmla="+- hc 0 idx"/>
      <a:gd name="it" fmla="+- vc 0 idy"/>
      <a:gd name="ir" fmla="+- hc idx 0"/>
      <a:gd name="ib" fmla="+- vc idy 0"/>
      <a:gd name="yAdj" fmla="+- vc 0 ihd2"/>
    </a:gdLst>
    <a:rect l="il" t="it" r="ir" b="ib"/>
    <a:pathLst>
      <a:path>
        <a:moveTo>
          <a:pt x="l" y="vc"/>
        </a:moveTo>
        <a:lnTo>
          <a:pt x="sx1" y="sy4"/>
        </a:lnTo>
        <a:lnTo>
          <a:pt x="x1" y="y3"/>
        </a:lnTo>
        <a:lnTo>
          <a:pt x="sx2" y="sy3"/>
        </a:lnTo>
        <a:lnTo>
          <a:pt x="x2" y="y2"/>
        </a:lnTo>
        <a:lnTo>
          <a:pt x="sx3" y="sy2"/>
        </a:lnTo>
        <a:lnTo>
          <a:pt x="x3" y="y1"/>
        </a:lnTo>
        <a:lnTo>
          <a:pt x="sx4" y="sy1"/>
        </a:lnTo>
        <a:lnTo>
          <a:pt x="hc" y="t"/>
        </a:lnTo>
        <a:lnTo>
          <a:pt x="sx5" y="sy1"/>
        </a:lnTo>
        <a:lnTo>
          <a:pt x="x4" y="y1"/>
        </a:lnTo>
        <a:lnTo>
          <a:pt x="sx6" y="sy2"/>
        </a:lnTo>
        <a:lnTo>
          <a:pt x="x5" y="y2"/>
        </a:lnTo>
        <a:lnTo>
          <a:pt x="sx7" y="sy3"/>
        </a:lnTo>
        <a:lnTo>
          <a:pt x="x6" y="y3"/>
        </a:lnTo>
        <a:lnTo>
          <a:pt x="sx8" y="sy4"/>
        </a:lnTo>
        <a:lnTo>
          <a:pt x="r" y="vc"/>
        </a:lnTo>
        <a:lnTo>
          <a:pt x="sx8" y="sy5"/>
        </a:lnTo>
        <a:lnTo>
          <a:pt x="x6" y="y4"/>
        </a:lnTo>
        <a:lnTo>
          <a:pt x="sx7" y="sy6"/>
        </a:lnTo>
        <a:lnTo>
          <a:pt x="x5" y="y5"/>
        </a:lnTo>
        <a:lnTo>
          <a:pt x="sx6" y="sy7"/>
        </a:lnTo>
        <a:lnTo>
          <a:pt x="x4" y="y6"/>
        </a:lnTo>
        <a:lnTo>
          <a:pt x="sx5" y="sy8"/>
        </a:lnTo>
        <a:lnTo>
          <a:pt x="hc" y="b"/>
        </a:lnTo>
        <a:lnTo>
          <a:pt x="sx4" y="sy8"/>
        </a:lnTo>
        <a:lnTo>
          <a:pt x="x3" y="y6"/>
        </a:lnTo>
        <a:lnTo>
          <a:pt x="sx3" y="sy7"/>
        </a:lnTo>
        <a:lnTo>
          <a:pt x="x2" y="y5"/>
        </a:lnTo>
        <a:lnTo>
          <a:pt x="sx2" y="sy6"/>
        </a:lnTo>
        <a:lnTo>
          <a:pt x="x1" y="y4"/>
        </a:lnTo>
        <a:lnTo>
          <a:pt x="sx1" y="sy5"/>
        </a:lnTo>
        <a:close/>
      </a:path>
    </a:pathLst>
</a:custGeom>
