<a:custGeom xmlns:a="http://schemas.openxmlformats.org/drawingml/2006/3/main">
    <a:avLst>
      <a:gd name="adj" fmla="val 37500"/>
    </a:avLst>
    <a:gdLst>
      <a:gd name="a" fmla="pin 0 adj 50000"/>
      <a:gd name="dx1" fmla="*/ wd2 98079 100000"/>
<!-- cos 11.25 -->
      <a:gd name="dx2" fmla="*/ wd2 92388 100000"/>
<!-- cos 22.5 -->
      <a:gd name="dx3" fmla="*/ wd2 83147 100000"/>
<!-- cos 33.75 -->
      <a:gd name="dx4" fmla="cos wd2 2700000"/>
<!-- cos 45 -->
      <a:gd name="dx5" fmla="*/ wd2 55557 100000"/>
<!-- cos 56.25 -->
      <a:gd name="dx6" fmla="*/ wd2 38268 100000"/>
<!-- cos 67.5 -->
      <a:gd name="dx7" fmla="*/ wd2 19509 100000"/>
<!-- cos 78.75 -->
      <a:gd name="dy1" fmla="*/ hd2 98079 100000"/>
<!-- sin 78.75 -->
      <a:gd name="dy2" fmla="*/ hd2 92388 100000"/>
<!-- sin 67.5 -->
      <a:gd name="dy3" fmla="*/ hd2 83147 100000"/>
<!-- sin 56.25 -->
      <a:gd name="dy4" fmla="sin hd2 2700000"/>
<!-- sin 45 -->
      <a:gd name="dy5" fmla="*/ hd2 55557 100000"/>
<!-- sin 33.75 -->
      <a:gd name="dy6" fmla="*/ hd2 38268 100000"/>
<!-- sin 22.5 -->
      <a:gd name="dy7" fmla="*/ hd2 19509 100000"/>
<!-- sin 11.25 -->
      <a:gd name="x1" fmla="+- hc 0 dx1"/>
      <a:gd name="x2" fmla="+- hc 0 dx2"/>
      <a:gd name="x3" fmla="+- hc 0 dx3"/>
      <a:gd name="x4" fmla="+- hc 0 dx4"/>
      <a:gd name="x5" fmla="+- hc 0 dx5"/>
      <a:gd name="x6" fmla="+- hc 0 dx6"/>
      <a:gd name="x7" fmla="+- hc 0 dx7"/>
      <a:gd name="x8" fmla="+- hc dx7 0"/>
      <a:gd name="x9" fmla="+- hc dx6 0"/>
      <a:gd name="x10" fmla="+- hc dx5 0"/>
      <a:gd name="x11" fmla="+- hc dx4 0"/>
      <a:gd name="x12" fmla="+- hc dx3 0"/>
      <a:gd name="x13" fmla="+- hc dx2 0"/>
      <a:gd name="x14" fmla="+- hc dx1 0"/>
      <a:gd name="y1" fmla="+- vc 0 dy1"/>
      <a:gd name="y2" fmla="+- vc 0 dy2"/>
      <a:gd name="y3" fmla="+- vc 0 dy3"/>
      <a:gd name="y4" fmla="+- vc 0 dy4"/>
      <a:gd name="y5" fmla="+- vc 0 dy5"/>
      <a:gd name="y6" fmla="+- vc 0 dy6"/>
      <a:gd name="y7" fmla="+- vc 0 dy7"/>
      <a:gd name="y8" fmla="+- vc dy7 0"/>
      <a:gd name="y9" fmla="+- vc dy6 0"/>
      <a:gd name="y10" fmla="+- vc dy5 0"/>
      <a:gd name="y11" fmla="+- vc dy4 0"/>
      <a:gd name="y12" fmla="+- vc dy3 0"/>
      <a:gd name="y13" fmla="+- vc dy2 0"/>
      <a:gd name="y14" fmla="+- vc dy1 0"/>
      <a:gd name="iwd2" fmla="*/ wd2 a 50000"/>
      <a:gd name="ihd2" fmla="*/ hd2 a 50000"/>
      <a:gd name="sdx1" fmla="*/ iwd2 99518 100000"/>
<!-- cos 5.625 -->
      <a:gd name="sdx2" fmla="*/ iwd2 95694 100000"/>
<!-- cos 16.875 -->
      <a:gd name="sdx3" fmla="*/ iwd2 88192 100000"/>
<!-- cos 28.125 -->
      <a:gd name="sdx4" fmla="*/ iwd2 77301 100000"/>
<!-- cos 39.375 -->
      <a:gd name="sdx5" fmla="*/ iwd2 63439 100000"/>
<!-- cos 50.625 -->
      <a:gd name="sdx6" fmla="*/ iwd2 47140 100000"/>
<!-- cos 61.875 -->
      <a:gd name="sdx7" fmla="*/ iwd2 29028 100000"/>
<!-- cos 73.125 -->
      <a:gd name="sdx8" fmla="*/ iwd2 9802 100000"/>
<!-- cos 84.375 -->
      <a:gd name="sdy1" fmla="*/ ihd2 99518 100000"/>
<!-- sin 84.375 -->
      <a:gd name="sdy2" fmla="*/ ihd2 95694 100000"/>
<!-- sin 73.125 -->
      <a:gd name="sdy3" fmla="*/ ihd2 88192 100000"/>
<!-- sin 61.875 -->
      <a:gd name="sdy4" fmla="*/ ihd2 77301 100000"/>
<!-- sin 50.625 -->
      <a:gd name="sdy5" fmla="*/ ihd2 63439 100000"/>
<!-- sin 39.375 -->
      <a:gd name="sdy6" fmla="*/ ihd2 47140 100000"/>
<!-- sin 28.125 -->
      <a:gd name="sdy7" fmla="*/ ihd2 29028 100000"/>
<!-- sin 16.875 -->
      <a:gd name="sdy8" fmla="*/ ihd2 9802 100000"/>
<!-- sin 5.625 -->
      <a:gd name="sx1" fmla="+- hc 0 sdx1"/>
      <a:gd name="sx2" fmla="+- hc 0 sdx2"/>
      <a:gd name="sx3" fmla="+- hc 0 sdx3"/>
      <a:gd name="sx4" fmla="+- hc 0 sdx4"/>
      <a:gd name="sx5" fmla="+- hc 0 sdx5"/>
      <a:gd name="sx6" fmla="+- hc 0 sdx6"/>
      <a:gd name="sx7" fmla="+- hc 0 sdx7"/>
      <a:gd name="sx8" fmla="+- hc 0 sdx8"/>
      <a:gd name="sx9" fmla="+- hc sdx8 0"/>
      <a:gd name="sx10" fmla="+- hc sdx7 0"/>
      <a:gd name="sx11" fmla="+- hc sdx6 0"/>
      <a:gd name="sx12" fmla="+- hc sdx5 0"/>
      <a:gd name="sx13" fmla="+- hc sdx4 0"/>
      <a:gd name="sx14" fmla="+- hc sdx3 0"/>
      <a:gd name="sx15" fmla="+- hc sdx2 0"/>
      <a:gd name="sx16" fmla="+- hc sdx1 0"/>
      <a:gd name="sy1" fmla="+- vc 0 sdy1"/>
      <a:gd name="sy2" fmla="+- vc 0 sdy2"/>
      <a:gd name="sy3" fmla="+- vc 0 sdy3"/>
      <a:gd name="sy4" fmla="+- vc 0 sdy4"/>
      <a:gd name="sy5" fmla="+- vc 0 sdy5"/>
      <a:gd name="sy6" fmla="+- vc 0 sdy6"/>
      <a:gd name="sy7" fmla="+- vc 0 sdy7"/>
      <a:gd name="sy8" fmla="+- vc 0 sdy8"/>
      <a:gd name="sy9" fmla="+- vc sdy8 0"/>
      <a:gd name="sy10" fmla="+- vc sdy7 0"/>
      <a:gd name="sy11" fmla="+- vc sdy6 0"/>
      <a:gd name="sy12" fmla="+- vc sdy5 0"/>
      <a:gd name="sy13" fmla="+- vc sdy4 0"/>
      <a:gd name="sy14" fmla="+- vc sdy3 0"/>
      <a:gd name="sy15" fmla="+- vc sdy2 0"/>
      <a:gd name="sy16" fmla="+- vc sdy1 0"/>
      <a:gd name="idx" fmla="cos iwd2 2700000"/>
      <a:gd name="idy" fmla="sin ihd2 2700000"/>
      <a:gd name="il" fmla="+- hc 0 idx"/>
      <a:gd name="it" fmla="+- vc 0 idy"/>
      <a:gd name="ir" fmla="+- hc idx 0"/>
      <a:gd name="ib" fmla="+- vc idy 0"/>
      <a:gd name="yAdj" fmla="+- vc 0 ihd2"/>
    </a:gdLst>
    <a:rect l="il" t="it" r="ir" b="ib"/>
    <a:pathLst>
      <a:path>
        <a:moveTo>
          <a:pt x="l" y="vc"/>
        </a:moveTo>
        <a:lnTo>
          <a:pt x="sx1" y="sy8"/>
        </a:lnTo>
        <a:lnTo>
          <a:pt x="x1" y="y7"/>
        </a:lnTo>
        <a:lnTo>
          <a:pt x="sx2" y="sy7"/>
        </a:lnTo>
        <a:lnTo>
          <a:pt x="x2" y="y6"/>
        </a:lnTo>
        <a:lnTo>
          <a:pt x="sx3" y="sy6"/>
        </a:lnTo>
        <a:lnTo>
          <a:pt x="x3" y="y5"/>
        </a:lnTo>
        <a:lnTo>
          <a:pt x="sx4" y="sy5"/>
        </a:lnTo>
        <a:lnTo>
          <a:pt x="x4" y="y4"/>
        </a:lnTo>
        <a:lnTo>
          <a:pt x="sx5" y="sy4"/>
        </a:lnTo>
        <a:lnTo>
          <a:pt x="x5" y="y3"/>
        </a:lnTo>
        <a:lnTo>
          <a:pt x="sx6" y="sy3"/>
        </a:lnTo>
        <a:lnTo>
          <a:pt x="x6" y="y2"/>
        </a:lnTo>
        <a:lnTo>
          <a:pt x="sx7" y="sy2"/>
        </a:lnTo>
        <a:lnTo>
          <a:pt x="x7" y="y1"/>
        </a:lnTo>
        <a:lnTo>
          <a:pt x="sx8" y="sy1"/>
        </a:lnTo>
        <a:lnTo>
          <a:pt x="hc" y="t"/>
        </a:lnTo>
        <a:lnTo>
          <a:pt x="sx9" y="sy1"/>
        </a:lnTo>
        <a:lnTo>
          <a:pt x="x8" y="y1"/>
        </a:lnTo>
        <a:lnTo>
          <a:pt x="sx10" y="sy2"/>
        </a:lnTo>
        <a:lnTo>
          <a:pt x="x9" y="y2"/>
        </a:lnTo>
        <a:lnTo>
          <a:pt x="sx11" y="sy3"/>
        </a:lnTo>
        <a:lnTo>
          <a:pt x="x10" y="y3"/>
        </a:lnTo>
        <a:lnTo>
          <a:pt x="sx12" y="sy4"/>
        </a:lnTo>
        <a:lnTo>
          <a:pt x="x11" y="y4"/>
        </a:lnTo>
        <a:lnTo>
          <a:pt x="sx13" y="sy5"/>
        </a:lnTo>
        <a:lnTo>
          <a:pt x="x12" y="y5"/>
        </a:lnTo>
        <a:lnTo>
          <a:pt x="sx14" y="sy6"/>
        </a:lnTo>
        <a:lnTo>
          <a:pt x="x13" y="y6"/>
        </a:lnTo>
        <a:lnTo>
          <a:pt x="sx15" y="sy7"/>
        </a:lnTo>
        <a:lnTo>
          <a:pt x="x14" y="y7"/>
        </a:lnTo>
        <a:lnTo>
          <a:pt x="sx16" y="sy8"/>
        </a:lnTo>
        <a:lnTo>
          <a:pt x="r" y="vc"/>
        </a:lnTo>
        <a:lnTo>
          <a:pt x="sx16" y="sy9"/>
        </a:lnTo>
        <a:lnTo>
          <a:pt x="x14" y="y8"/>
        </a:lnTo>
        <a:lnTo>
          <a:pt x="sx15" y="sy10"/>
        </a:lnTo>
        <a:lnTo>
          <a:pt x="x13" y="y9"/>
        </a:lnTo>
        <a:lnTo>
          <a:pt x="sx14" y="sy11"/>
        </a:lnTo>
        <a:lnTo>
          <a:pt x="x12" y="y10"/>
        </a:lnTo>
        <a:lnTo>
          <a:pt x="sx13" y="sy12"/>
        </a:lnTo>
        <a:lnTo>
          <a:pt x="x11" y="y11"/>
        </a:lnTo>
        <a:lnTo>
          <a:pt x="sx12" y="sy13"/>
        </a:lnTo>
        <a:lnTo>
          <a:pt x="x10" y="y12"/>
        </a:lnTo>
        <a:lnTo>
          <a:pt x="sx11" y="sy14"/>
        </a:lnTo>
        <a:lnTo>
          <a:pt x="x9" y="y13"/>
        </a:lnTo>
        <a:lnTo>
          <a:pt x="sx10" y="sy15"/>
        </a:lnTo>
        <a:lnTo>
          <a:pt x="x8" y="y14"/>
        </a:lnTo>
        <a:lnTo>
          <a:pt x="sx9" y="sy16"/>
        </a:lnTo>
        <a:lnTo>
          <a:pt x="hc" y="b"/>
        </a:lnTo>
        <a:lnTo>
          <a:pt x="sx8" y="sy16"/>
        </a:lnTo>
        <a:lnTo>
          <a:pt x="x7" y="y14"/>
        </a:lnTo>
        <a:lnTo>
          <a:pt x="sx7" y="sy15"/>
        </a:lnTo>
        <a:lnTo>
          <a:pt x="x6" y="y13"/>
        </a:lnTo>
        <a:lnTo>
          <a:pt x="sx6" y="sy14"/>
        </a:lnTo>
        <a:lnTo>
          <a:pt x="x5" y="y12"/>
        </a:lnTo>
        <a:lnTo>
          <a:pt x="sx5" y="sy13"/>
        </a:lnTo>
        <a:lnTo>
          <a:pt x="x4" y="y11"/>
        </a:lnTo>
        <a:lnTo>
          <a:pt x="sx4" y="sy12"/>
        </a:lnTo>
        <a:lnTo>
          <a:pt x="x3" y="y10"/>
        </a:lnTo>
        <a:lnTo>
          <a:pt x="sx3" y="sy11"/>
        </a:lnTo>
        <a:lnTo>
          <a:pt x="x2" y="y9"/>
        </a:lnTo>
        <a:lnTo>
          <a:pt x="sx2" y="sy10"/>
        </a:lnTo>
        <a:lnTo>
          <a:pt x="x1" y="y8"/>
        </a:lnTo>
        <a:lnTo>
          <a:pt x="sx1" y="sy9"/>
        </a:lnTo>
        <a:close/>
      </a:path>
    </a:pathLst>
</a:custGeom>
