<a:custGeom xmlns:a="http://schemas.openxmlformats.org/drawingml/2006/3/main">
    <a:avLst>
      <a:gd name="adj1" fmla="val 50000"/>
<!-- thickness of arrow -->
      <a:gd name="adj2" fmla="val 50000"/>
<!-- angle of arrowhead -->
    </a:avLst>
    <a:gdLst>
      <a:gd name="maxAdj2" fmla="*/ 84375 w ss"/>
<!-- 84.375% of width -->
      <a:gd name="a1" fmla="pin 0 adj1 100000"/>
      <a:gd name="a2" fmla="pin 0 adj2 maxAdj2"/>
      <a:gd name="x1" fmla="*/ ss 1 32"/>
      <a:gd name="x2" fmla="*/ ss 1 16"/>
      <a:gd name="x4" fmla="*/ ss 5 32"/>
      <a:gd name="dx5" fmla="*/ ss a2 100000"/>
      <a:gd name="x5" fmla="+- r 0 dx5"/>
      <a:gd name="dy" fmla="*/ h a1 200000"/>
      <a:gd name="y1" fmla="+- vc 0 dy"/>
      <a:gd name="y2" fmla="+- vc dy 0"/>
      <a:gd name="dx6" fmla="*/ dy dx5 hd2"/>
      <a:gd name="x6" fmla="+- r 0 dx6"/>
    </a:gdLst>
    <a:rect l="x4" t="y1" r="x6" b="y2"/>
    <a:pathLst>
      <a:path>
        <a:moveTo>
          <a:pt x="l" y="y1"/>
        </a:moveTo>
        <a:lnTo>
          <a:pt x="x1" y="y1"/>
        </a:lnTo>
        <a:lnTo>
          <a:pt x="x1" y="y2"/>
        </a:lnTo>
        <a:lnTo>
          <a:pt x="l" y="y2"/>
        </a:lnTo>
        <a:close/>
        <a:moveTo>
          <a:pt x="x2" y="y1"/>
        </a:moveTo>
        <a:lnTo>
          <a:pt x="ssd8" y="y1"/>
        </a:lnTo>
        <a:lnTo>
          <a:pt x="ssd8" y="y2"/>
        </a:lnTo>
        <a:lnTo>
          <a:pt x="x2" y="y2"/>
        </a:lnTo>
        <a:close/>
        <a:moveTo>
          <a:pt x="x4" y="y1"/>
        </a:moveTo>
        <a:lnTo>
          <a:pt x="x5" y="y1"/>
        </a:lnTo>
        <a:lnTo>
          <a:pt x="x5" y="t"/>
        </a:lnTo>
        <a:lnTo>
          <a:pt x="r" y="vc"/>
        </a:lnTo>
        <a:lnTo>
          <a:pt x="x5" y="b"/>
        </a:lnTo>
        <a:lnTo>
          <a:pt x="x5" y="y2"/>
        </a:lnTo>
        <a:lnTo>
          <a:pt x="x4" y="y2"/>
        </a:lnTo>
        <a:close/>
      </a:path>
    </a:pathLst>
</a:custGeom>
