<a:custGeom xmlns:a="http://schemas.openxmlformats.org/drawingml/2006/3/main">
    <a:avLst>
      <a:gd name="adj" fmla="val 25000"/>
<!-- 25% -->
    </a:avLst>
    <a:gdLst>
      <a:gd name="a" fmla="pin 12500 adj 46875"/>
      <a:gd name="g0" fmla="+- 50000 0 a"/>
      <a:gd name="g1" fmla="*/ g0 30274 32768"/>
      <a:gd name="g2" fmla="*/ g0 12540 32768"/>
      <a:gd name="g3" fmla="+- g1 50000 0"/>
      <a:gd name="g4" fmla="+- g2 50000 0"/>
      <a:gd name="g5" fmla="+- 50000 0 g1"/>
      <a:gd name="g6" fmla="+- 50000 0 g2"/>
      <a:gd name="g7" fmla="*/ g0 23170 32768"/>
      <a:gd name="g8" fmla="+- 50000 g7 0"/>
      <a:gd name="g9" fmla="+- 50000 0 g7"/>
      <a:gd name="g10" fmla="*/ g5 3 4"/>
      <a:gd name="g11" fmla="*/ g6 3 4"/>
      <a:gd name="g12" fmla="+- g10 3662 0"/>
      <a:gd name="g13" fmla="+- g11 3662 0"/>
      <a:gd name="g14" fmla="+- g11 12500 0"/>
      <a:gd name="g15" fmla="+- 100000 0 g10"/>
      <a:gd name="g16" fmla="+- 100000 0 g12"/>
      <a:gd name="g17" fmla="+- 100000 0 g13"/>
      <a:gd name="g18" fmla="+- 100000 0 g14"/>
      <a:gd name="ox1" fmla="*/ w 18436 21600"/>
      <a:gd name="oy1" fmla="*/ h 3163 21600"/>
      <a:gd name="ox2" fmla="*/ w 3163 21600"/>
      <a:gd name="oy2" fmla="*/ h 18436 21600"/>
      <a:gd name="x8" fmla="*/ w g8 100000"/>
      <a:gd name="x9" fmla="*/ w g9 100000"/>
      <a:gd name="x10" fmla="*/ w g10 100000"/>
      <a:gd name="x12" fmla="*/ w g12 100000"/>
      <a:gd name="x13" fmla="*/ w g13 100000"/>
      <a:gd name="x14" fmla="*/ w g14 100000"/>
      <a:gd name="x15" fmla="*/ w g15 100000"/>
      <a:gd name="x16" fmla="*/ w g16 100000"/>
      <a:gd name="x17" fmla="*/ w g17 100000"/>
      <a:gd name="x18" fmla="*/ w g18 100000"/>
      <a:gd name="x19" fmla="*/ w a 100000"/>
      <a:gd name="wR" fmla="*/ w g0 100000"/>
      <a:gd name="hR" fmla="*/ h g0 100000"/>
      <a:gd name="y8" fmla="*/ h g8 100000"/>
      <a:gd name="y9" fmla="*/ h g9 100000"/>
      <a:gd name="y10" fmla="*/ h g10 100000"/>
      <a:gd name="y12" fmla="*/ h g12 100000"/>
      <a:gd name="y13" fmla="*/ h g13 100000"/>
      <a:gd name="y14" fmla="*/ h g14 100000"/>
      <a:gd name="y15" fmla="*/ h g15 100000"/>
      <a:gd name="y16" fmla="*/ h g16 100000"/>
      <a:gd name="y17" fmla="*/ h g17 100000"/>
      <a:gd name="y18" fmla="*/ h g18 100000"/>
    </a:gdLst>
    <a:rect l="x9" t="y9" r="x8" b="y8"/>
    <a:pathLst>
      <a:path>
        <a:moveTo>
          <a:pt x="r" y="vc"/>
        </a:moveTo>
        <a:lnTo>
          <a:pt x="x15" y="y18"/>
        </a:lnTo>
        <a:lnTo>
          <a:pt x="x15" y="y14"/>
        </a:lnTo>
        <a:close/>
        <a:moveTo>
          <a:pt x="ox1" y="oy1"/>
        </a:moveTo>
        <a:lnTo>
          <a:pt x="x16" y="y13"/>
        </a:lnTo>
        <a:lnTo>
          <a:pt x="x17" y="y12"/>
        </a:lnTo>
        <a:close/>
        <a:moveTo>
          <a:pt x="hc" y="t"/>
        </a:moveTo>
        <a:lnTo>
          <a:pt x="x18" y="y10"/>
        </a:lnTo>
        <a:lnTo>
          <a:pt x="x14" y="y10"/>
        </a:lnTo>
        <a:close/>
        <a:moveTo>
          <a:pt x="ox2" y="oy1"/>
        </a:moveTo>
        <a:lnTo>
          <a:pt x="x13" y="y12"/>
        </a:lnTo>
        <a:lnTo>
          <a:pt x="x12" y="y13"/>
        </a:lnTo>
        <a:close/>
        <a:moveTo>
          <a:pt x="l" y="vc"/>
        </a:moveTo>
        <a:lnTo>
          <a:pt x="x10" y="y14"/>
        </a:lnTo>
        <a:lnTo>
          <a:pt x="x10" y="y18"/>
        </a:lnTo>
        <a:close/>
        <a:moveTo>
          <a:pt x="ox2" y="oy2"/>
        </a:moveTo>
        <a:lnTo>
          <a:pt x="x12" y="y17"/>
        </a:lnTo>
        <a:lnTo>
          <a:pt x="x13" y="y16"/>
        </a:lnTo>
        <a:close/>
        <a:moveTo>
          <a:pt x="hc" y="b"/>
        </a:moveTo>
        <a:lnTo>
          <a:pt x="x14" y="y15"/>
        </a:lnTo>
        <a:lnTo>
          <a:pt x="x18" y="y15"/>
        </a:lnTo>
        <a:close/>
        <a:moveTo>
          <a:pt x="ox1" y="oy2"/>
        </a:moveTo>
        <a:lnTo>
          <a:pt x="x17" y="y16"/>
        </a:lnTo>
        <a:lnTo>
          <a:pt x="x16" y="y17"/>
        </a:lnTo>
        <a:close/>
        <a:moveTo>
          <a:pt x="x19" y="vc"/>
        </a:moveTo>
        <a:arcTo wR="wR" hR="hR" stAng="cd2" swAng="21600000"/>
        <a:close/>
      </a:path>
    </a:pathLst>
</a:custGeom>
