<a:custGeom xmlns:a="http://schemas.openxmlformats.org/drawingml/2006/main">
    <a:avLst>
      <a:gd name="adj1" fmla="val 25000"/>
<!-- adjustment point for the thickness of the arrow at the end-->
      <a:gd name="adj2" fmla="val 16667"/>
<!-- adjustment point for size of the arrow-->
    </a:avLst>
    <a:gdLst>
<!-- I put a letter on each vertex, staring from the base of the arrow (A) and going into clockwise direction-->
<!-- if the x or y value for a point is hard coded, or it's equal to the value for other point, already defined, I don't define it-->
      <a:gd name="a1" fmla="pin 1 adj1 75000"/>
<!-- 75% full height, 25% is taken by the arrow head base -->
      <a:gd name="maxAdj2" fmla="*/ 70000 w ss"/>
<!-- 70% full width -->
      <a:gd name="a2" fmla="pin 0 adj2 maxAdj2"/>
      <a:gd name="ad1" fmla="*/ h a1 100000"/>
      <a:gd name="ad2" fmla="*/ ss a2 100000"/>
<!-- arrow head-->
      <a:gd name="xB" fmla="+- r 0 ad2"/>
      <a:gd name="yB" fmla="+- t ssd8 0"/>
      <a:gd name="alfa" fmla="*/ cd4 1 14"/>
<!-- the angle for the line that is the base of the arrow head -->
      <a:gd name="dx0" fmla="tan ssd8 alfa"/>
      <a:gd name="xC" fmla="+- xB 0 dx0"/>
      <a:gd name="dx1" fmla="tan ad1 alfa"/>
      <a:gd name="yF" fmla="+- yB ad1 0"/>
      <a:gd name="xF" fmla="+- xB dx1 0"/>
      <a:gd name="xE" fmla="+- xF dx0 0"/>
      <a:gd name="yE" fmla="+- yF ssd8 0"/>
      <a:gd name="dy2" fmla="+- yE 0 t"/>
      <a:gd name="dy22" fmla="*/ dy2 1 2"/>
      <a:gd name="dy3" fmla="*/ h 1 20"/>
      <a:gd name="yD" fmla="+- t dy22 dy3"/>
<!-- control point for the high bezier-->
      <a:gd name="dy4" fmla="*/ hd6 1 1"/>
      <a:gd name="yP1" fmla="+- hd6 dy4 0"/>
      <a:gd name="xP1" fmla="val wd6"/>
<!-- control point for the low bezier-->
      <a:gd name="dy5" fmla="*/ hd6 1 2"/>
      <a:gd name="yP2" fmla="+- yF dy5 0"/>
      <a:gd name="xP2" fmla="val wd4"/>
    </a:gdLst>
    <a:rect l="l" t="t" r="r" b="b"/>
    <a:pathLst>
      <a:path>
        <a:moveTo>
          <a:pt x="l" y="b"/>
        </a:moveTo>
        <a:quadBezTo>
          <a:pt x="xP1" y="yP1"/>
          <a:pt x="xB" y="yB"/>
        </a:quadBezTo>
        <a:lnTo>
          <a:pt x="xC" y="t"/>
        </a:lnTo>
        <a:lnTo>
          <a:pt x="r" y="yD"/>
        </a:lnTo>
        <a:lnTo>
          <a:pt x="xE" y="yE"/>
        </a:lnTo>
        <a:lnTo>
          <a:pt x="xF" y="yF"/>
        </a:lnTo>
        <a:quadBezTo>
          <a:pt x="xP2" y="yP2"/>
          <a:pt x="l" y="b"/>
        </a:quadBezTo>
        <a:close/>
      </a:path>
    </a:pathLst>
</a:custGeom>
