<a:custGeom xmlns:a="http://schemas.openxmlformats.org/drawingml/2006/3/main">
    <a:avLst>
      <a:gd name="adj" fmla="val 100000"/>
    </a:avLst>
    <a:gdLst>
      <a:gd name="a" fmla="pin 0 adj 200000"/>
      <a:gd name="r2" fmla="sqrt 2"/>
      <a:gd name="tw" fmla="*/ wd2 r2 1"/>
      <a:gd name="th" fmla="*/ hd2 r2 1"/>
      <a:gd name="sw" fmla="*/ tw a 100000"/>
      <a:gd name="sh" fmla="*/ th a 100000"/>
      <a:gd name="dx1" fmla="cos sw 2700000"/>
      <a:gd name="dy1" fmla="sin sh 2700000"/>
      <a:gd name="x1" fmla="+- hc dx1 0"/>
      <a:gd name="y1" fmla="+- vc 0 dy1"/>
      <a:gd name="x2" fmla="+/ hc x1 2"/>
      <a:gd name="y2" fmla="+/ vc y1 2"/>
      <a:gd name="idx" fmla="cos wd2 2700000"/>
      <a:gd name="idy" fmla="sin hd2 2700000"/>
      <a:gd name="il" fmla="+- hc 0 idx"/>
      <a:gd name="ir" fmla="+- hc idx 0"/>
      <a:gd name="it" fmla="+- vc 0 idy"/>
      <a:gd name="ib" fmla="+- vc idy 0"/>
    </a:gdLst>
    <a:rect l="il" t="it" r="ir" b="ib"/>
    <a:pathLst>
      <a:path>
        <a:moveTo>
          <a:pt x="l" y="vc"/>
        </a:moveTo>
        <a:arcTo wR="wd2" hR="hd2" stAng="cd2" swAng="cd4"/>
        <a:quadBezTo>
          <a:pt x="x2" y="t"/>
          <a:pt x="x1" y="y1"/>
        </a:quadBezTo>
        <a:quadBezTo>
          <a:pt x="r" y="y2"/>
          <a:pt x="r" y="vc"/>
        </a:quadBezTo>
        <a:arcTo wR="wd2" hR="hd2" stAng="0" swAng="cd4"/>
        <a:arcTo wR="wd2" hR="hd2" stAng="cd4" swAng="cd4"/>
        <a:close/>
      </a:path>
    </a:pathLst>
</a:custGeom>
