<a:custGeom xmlns:a="http://schemas.openxmlformats.org/drawingml/2006/main">
    <a:avLst>
      <a:gd name="adj" fmla="val 25000"/>
<!-- 25% -->
    </a:avLst>
    <a:gdLst>
      <a:gd name="maxAdj" fmla="*/ 50000 w ss"/>
<!-- max pos of ah: half width -->
      <a:gd name="a" fmla="pin 0 adj maxAdj"/>
      <a:gd name="x1" fmla="*/ ss a 200000"/>
<!-- ss * adj/2 -->
      <a:gd name="x2" fmla="*/ ss a 100000"/>
<!-- ss * adj -->
      <a:gd name="x3" fmla="+- r 0 x2"/>
<!-- horz reflection of x2 -->
      <a:gd name="x4" fmla="+- r 0 x1"/>
<!-- horz reflection of x1 -->
      <a:gd name="il" fmla="*/ wd3 a maxAdj"/>
<!-- inscribed rect left -->
      <a:gd name="it" fmla="*/ hd3 a maxAdj"/>
<!-- inscribed rect top -->
      <a:gd name="ir" fmla="+- r 0 il"/>
<!-- inscribed rect right -->
    </a:gdLst>
<!-- NOTE: Legacy doesn't go all the way down to the bottom -->
    <a:rect l="il" t="it" r="ir" b="b"/>
    <a:pathLst>
      <a:path>
        <a:moveTo>
          <a:pt x="l" y="b"/>
        </a:moveTo>
        <a:lnTo>
          <a:pt x="x2" y="t"/>
        </a:lnTo>
        <a:lnTo>
          <a:pt x="x3" y="t"/>
        </a:lnTo>
        <a:lnTo>
          <a:pt x="r" y="b"/>
        </a:lnTo>
        <a:close/>
      </a:path>
    </a:pathLst>
</a:custGeom>
