<a:custGeom xmlns:a="http://schemas.openxmlformats.org/drawingml/2006/3/main">
    <a:avLst>
      <a:gd name="adj" fmla="val 50000"/>
<!-- 50% -->
    </a:avLst>
    <a:gdLst>
      <a:gd name="a" fmla="pin 0 adj 100000"/>
      <a:gd name="x1" fmla="*/ w a 200000"/>
<!-- w * adj/2 -->
      <a:gd name="x2" fmla="*/ w a 100000"/>
<!-- w * adj -->
      <a:gd name="x3" fmla="+- x1 wd2 0"/>
    </a:gdLst>
    <a:rect l="x1" t="vc" r="x3" b="b"/>
    <a:pathLst>
      <a:path>
        <a:moveTo>
          <a:pt x="l" y="b"/>
        </a:moveTo>
        <a:lnTo>
          <a:pt x="x2" y="t"/>
        </a:lnTo>
        <a:lnTo>
          <a:pt x="r" y="b"/>
        </a:lnTo>
        <a:close/>
      </a:path>
    </a:pathLst>
</a:custGeom>
