<a:custGeom xmlns:a="http://schemas.openxmlformats.org/drawingml/2006/main">
    <a:avLst>
      <a:gd name="adj1" fmla="val 25000"/>
<!-- thickness of arrow -->
      <a:gd name="adj2" fmla="val 25000"/>
<!-- half width of arrowhead -->
      <a:gd name="adj3" fmla="val 25000"/>
<!-- length of arrowhead -->
      <a:gd name="adj4" fmla="val 64977"/>
<!-- height of box -->
    </a:avLst>
    <a:gdLst>
      <a:gd name="maxAdj2" fmla="*/ 50000 w ss"/>
<!-- 50% of width -->
      <a:gd name="a2" fmla="pin 0 adj2 maxAdj2"/>
      <a:gd name="maxAdj1" fmla="*/ a2 2 1"/>
<!-- up to width of arrowhead -->
      <a:gd name="a1" fmla="pin 0 adj1 maxAdj1"/>
      <a:gd name="maxAdj3" fmla="*/ 100000 h ss"/>
<!-- full height -->
      <a:gd name="a3" fmla="pin 0 adj3 maxAdj3"/>
      <a:gd name="q2" fmla="*/ a3 ss h"/>
<!-- arrow head length as % of h -->
      <a:gd name="maxAdj4" fmla="+- 100000 0 q2"/>
<!-- up to the arrowhead -->
      <a:gd name="a4" fmla="pin 0 adj4 maxAdj4"/>
      <a:gd name="dx1" fmla="*/ ss a2 100000"/>
<!-- half width of arrowhead -->
      <a:gd name="dx2" fmla="*/ ss a1 200000"/>
<!-- half width of arrow shaft -->
      <a:gd name="x1" fmla="+- hc 0 dx1"/>
      <a:gd name="x2" fmla="+- hc 0 dx2"/>
      <a:gd name="x3" fmla="+- hc dx2 0"/>
      <a:gd name="x4" fmla="+- hc dx1 0"/>
      <a:gd name="y1" fmla="*/ ss a3 100000"/>
<!-- height of arrowhead -->
      <a:gd name="dy2" fmla="*/ h a4 100000"/>
<!-- height of box -->
      <a:gd name="y2" fmla="+- b 0 dy2"/>
      <a:gd name="y3" fmla="+/ y2 b 2"/>
    </a:gdLst>
    <a:rect l="l" t="y2" r="r" b="b"/>
    <a:pathLst>
      <a:path>
        <a:moveTo>
          <a:pt x="l" y="y2"/>
        </a:moveTo>
        <a:lnTo>
          <a:pt x="x2" y="y2"/>
        </a:lnTo>
        <a:lnTo>
          <a:pt x="x2" y="y1"/>
        </a:lnTo>
        <a:lnTo>
          <a:pt x="x1" y="y1"/>
        </a:lnTo>
        <a:lnTo>
          <a:pt x="hc" y="t"/>
        </a:lnTo>
        <a:lnTo>
          <a:pt x="x4" y="y1"/>
        </a:lnTo>
        <a:lnTo>
          <a:pt x="x3" y="y1"/>
        </a:lnTo>
        <a:lnTo>
          <a:pt x="x3" y="y2"/>
        </a:lnTo>
        <a:lnTo>
          <a:pt x="r" y="y2"/>
        </a:lnTo>
        <a:lnTo>
          <a:pt x="r" y="b"/>
        </a:lnTo>
        <a:lnTo>
          <a:pt x="l" y="b"/>
        </a:lnTo>
        <a:close/>
      </a:path>
    </a:pathLst>
</a:custGeom>
