<a:custGeom xmlns:a="http://schemas.openxmlformats.org/drawingml/2006/3/main">
    <a:avLst>
      <a:gd name="adj1" fmla="val 50000"/>
<!-- thickness of arrow -->
      <a:gd name="adj2" fmla="val 50000"/>
<!-- angle of arrowhead -->
    </a:avLst>
    <a:gdLst>
      <a:gd name="maxAdj2" fmla="*/ 50000 h ss"/>
<!-- half height -->
      <a:gd name="a1" fmla="pin 0 adj1 100000"/>
      <a:gd name="a2" fmla="pin 0 adj2 maxAdj2"/>
      <a:gd name="y2" fmla="*/ ss a2 100000"/>
      <a:gd name="y3" fmla="+- b 0 y2"/>
      <a:gd name="dx" fmla="*/ w a1 200000"/>
      <a:gd name="x1" fmla="+- hc 0 dx"/>
      <a:gd name="x2" fmla="+- hc dx 0"/>
      <a:gd name="dy1" fmla="*/ x1 y2 wd2"/>
      <a:gd name="y1" fmla="+- y2 0 dy1"/>
      <a:gd name="y4" fmla="+- y3 dy1 0"/>
    </a:gdLst>
    <a:rect l="x1" t="y1" r="x2" b="y4"/>
    <a:pathLst>
      <a:path>
        <a:moveTo>
          <a:pt x="l" y="y2"/>
        </a:moveTo>
        <a:lnTo>
          <a:pt x="hc" y="t"/>
        </a:lnTo>
        <a:lnTo>
          <a:pt x="r" y="y2"/>
        </a:lnTo>
        <a:lnTo>
          <a:pt x="x2" y="y2"/>
        </a:lnTo>
        <a:lnTo>
          <a:pt x="x2" y="y3"/>
        </a:lnTo>
        <a:lnTo>
          <a:pt x="r" y="y3"/>
        </a:lnTo>
        <a:lnTo>
          <a:pt x="hc" y="b"/>
        </a:lnTo>
        <a:lnTo>
          <a:pt x="l" y="y3"/>
        </a:lnTo>
        <a:lnTo>
          <a:pt x="x1" y="y3"/>
        </a:lnTo>
        <a:lnTo>
          <a:pt x="x1" y="y2"/>
        </a:lnTo>
        <a:close/>
      </a:path>
    </a:pathLst>
</a:custGeom>
