<a:custGeom xmlns:a="http://schemas.openxmlformats.org/drawingml/2006/main">
    <a:avLst>
      <a:gd name="adj1" fmla="val 25000"/>
<!-- thickness of arrow shaft -->
      <a:gd name="adj2" fmla="val 25000"/>
<!-- half width of arrowhead -->
      <a:gd name="adj3" fmla="val 25000"/>
<!-- height of arrowhead -->
      <a:gd name="adj4" fmla="val 43750"/>
<!-- amount of bend -->
      <a:gd name="adj5" fmla="val 75000"/>
<!-- amount of uturn -->
    </a:avLst>
    <a:gdLst>
      <a:gd name="a2" fmla="pin 0 adj2 25000"/>
      <a:gd name="maxAdj1" fmla="*/ a2 2 1"/>
      <a:gd name="a1" fmla="pin 0 adj1 maxAdj1"/>
      <a:gd name="q2" fmla="*/ a1 ss h"/>
<!-- thickness of shaft as % of height -->
      <a:gd name="q3" fmla="+- 100000 0 q2"/>
<!-- max arrow height as % of height -->
      <a:gd name="maxAdj3" fmla="*/ q3 h ss"/>
<!-- max arrow height as % of ss -->
      <a:gd name="a3" fmla="pin 0 adj3 maxAdj3"/>
      <a:gd name="q1" fmla="+- a3 a1 0"/>
      <a:gd name="minAdj5" fmla="*/ q1 ss h"/>
      <a:gd name="a5" fmla="pin minAdj5 adj5 100000"/>
      <a:gd name="th" fmla="*/ ss a1 100000"/>
<!-- width of shaft -->
      <a:gd name="aw2" fmla="*/ ss a2 100000"/>
<!-- half width of arrowhead -->
      <a:gd name="th2" fmla="*/ th 1 2"/>
      <a:gd name="dh2" fmla="+- aw2 0 th2"/>
<!-- gap from head to shaft -->
      <a:gd name="y5" fmla="*/ h a5 100000"/>
<!-- length of right side arrow -->
      <a:gd name="ah" fmla="*/ ss a3 100000"/>
<!-- height of arrowhead -->
      <a:gd name="y4" fmla="+- y5 0 ah"/>
      <a:gd name="x9" fmla="+- r 0 dh2"/>
<!-- right side of right arrow shaft -->
      <a:gd name="bw" fmla="*/ x9 1 2"/>
      <a:gd name="bs" fmla="min bw y4"/>
      <a:gd name="maxAdj4" fmla="*/ bs 100000 ss"/>
      <a:gd name="a4" fmla="pin 0 adj4 maxAdj4"/>
<!-- x1 == th -->
<!-- right side of left arrow left -->
      <a:gd name="bd" fmla="*/ ss a4 100000"/>
<!-- bend offset -->
<!-- x2 == bd -->
<!-- left top rounding -->
      <a:gd name="bd3" fmla="+- bd 0 th"/>
      <a:gd name="bd2" fmla="max bd3 0"/>
      <a:gd name="x3" fmla="+- th bd2 0"/>
<!-- left bottom rounding -->
      <a:gd name="x8" fmla="+- r 0 aw2"/>
<!-- center of arrow head -->
      <a:gd name="x6" fmla="+- x8 0 aw2"/>
<!-- left side of arrow head -->
      <a:gd name="x7" fmla="+- x6 dh2 0"/>
<!-- left side of right arrow shaft -->
      <a:gd name="x4" fmla="+- x9 0 bd"/>
<!-- right top rounding -->
      <a:gd name="x5" fmla="+- x7 0 bd2"/>
<!-- right bottom rounding -->
      <a:gd name="cx" fmla="+/ th x7 2"/>
<!-- center of U -->
<!-- y1 == x1 == th -->
<!-- y2 == x2 == bd -->
<!-- y3 == x3 -->
    </a:gdLst>
    <a:rect l="l" t="t" r="r" b="b"/>
    <a:pathLst>
      <a:path>
        <a:moveTo>
          <a:pt x="l" y="b"/>
        </a:moveTo>
        <a:lnTo>
          <a:pt x="l" y="bd"/>
        </a:lnTo>
        <a:arcTo wR="bd" hR="bd" stAng="cd2" swAng="cd4"/>
        <a:lnTo>
          <a:pt x="x4" y="t"/>
        </a:lnTo>
        <a:arcTo wR="bd" hR="bd" stAng="cd34" swAng="cd4"/>
        <a:lnTo>
          <a:pt x="x9" y="y4"/>
        </a:lnTo>
        <a:lnTo>
          <a:pt x="r" y="y4"/>
        </a:lnTo>
        <a:lnTo>
          <a:pt x="x8" y="y5"/>
        </a:lnTo>
        <a:lnTo>
          <a:pt x="x6" y="y4"/>
        </a:lnTo>
        <a:lnTo>
          <a:pt x="x7" y="y4"/>
        </a:lnTo>
        <a:lnTo>
          <a:pt x="x7" y="x3"/>
        </a:lnTo>
        <a:arcTo wR="bd2" hR="bd2" stAng="0" swAng="-5400000"/>
        <a:lnTo>
          <a:pt x="x3" y="th"/>
        </a:lnTo>
        <a:arcTo wR="bd2" hR="bd2" stAng="cd34" swAng="-5400000"/>
        <a:lnTo>
          <a:pt x="th" y="b"/>
        </a:lnTo>
        <a:close/>
      </a:path>
    </a:pathLst>
</a:custGeom>
