<a:custGeom xmlns:a="http://schemas.openxmlformats.org/drawingml/2006/main">
    <a:avLst>
      <a:gd name="adj1" fmla="val 12500"/>
<!-- wave height -->
      <a:gd name="adj2" fmla="val 0"/>
<!-- wave offset -->
    </a:avLst>
    <a:gdLst>
      <a:gd name="a1" fmla="pin 0 adj1 20000"/>
      <a:gd name="a2" fmla="pin -10000 adj2 10000"/>
      <a:gd name="y1" fmla="*/ h a1 100000"/>
<!-- top of wave -->
      <a:gd name="dy2" fmla="*/ y1 10 3"/>
      <a:gd name="y2" fmla="+- y1 0 dy2"/>
<!-- top left control point -->
      <a:gd name="y3" fmla="+- y1 dy2 0"/>
<!-- top right control point -->
      <a:gd name="y4" fmla="+- b 0 y1"/>
<!-- bottom of wave -->
      <a:gd name="y5" fmla="+- y4 0 dy2"/>
<!-- bottom left control point -->
      <a:gd name="y6" fmla="+- y4 dy2 0"/>
<!-- bottom right control point -->
      <a:gd name="of" fmla="*/ w a2 100000"/>
<!-- offset at midpoint -->
      <a:gd name="of2" fmla="*/ w a2 50000"/>
<!-- offset at endpoint -->
      <a:gd name="x1" fmla="abs of"/>
<!-- left midpoint -->
      <a:gd name="dx2" fmla="?: of2 0 of2"/>
      <a:gd name="x2" fmla="+- l 0 dx2"/>
<!-- left top -->
      <a:gd name="dx5" fmla="?: of2 of2 0"/>
      <a:gd name="x5" fmla="+- r 0 dx5"/>
<!-- top right -->
      <a:gd name="dx3" fmla="+/ dx2 x5 3"/>
<!-- top left control point -->
      <a:gd name="x3" fmla="+- x2 dx3 0"/>
<!-- top left control point -->
      <a:gd name="x4" fmla="+/ x3 x5 2"/>
<!-- top right control point -->
      <a:gd name="x6" fmla="+- l dx5 0"/>
<!-- bottom left -->
      <a:gd name="x10" fmla="+- r dx2 0"/>
<!-- bottom right -->
      <a:gd name="x7" fmla="+- x6 dx3 0"/>
<!-- bottom left control point -->
      <a:gd name="x8" fmla="+/ x7 x10 2"/>
<!-- bottom right control point -->
      <a:gd name="x9" fmla="+- r 0 x1"/>
<!-- right mid point-->
      <a:gd name="xAdj" fmla="+- hc of 0"/>
      <a:gd name="xAdj2" fmla="+- hc 0 of"/>
      <a:gd name="il" fmla="max x2 x6"/>
      <a:gd name="ir" fmla="min x5 x10"/>
      <a:gd name="it" fmla="*/ h a1 50000"/>
      <a:gd name="ib" fmla="+- b 0 it"/>
    </a:gdLst>
    <a:rect l="il" t="it" r="ir" b="ib"/>
    <a:pathLst>
      <a:path>
        <a:moveTo>
          <a:pt x="x2" y="y1"/>
        </a:moveTo>
        <a:cubicBezTo>
          <a:pt x="x3" y="y2"/>
          <a:pt x="x4" y="y3"/>
          <a:pt x="x5" y="y1"/>
        </a:cubicBezTo>
        <a:lnTo>
          <a:pt x="x10" y="y4"/>
        </a:lnTo>
        <a:cubicBezTo>
          <a:pt x="x8" y="y6"/>
          <a:pt x="x7" y="y5"/>
          <a:pt x="x6" y="y4"/>
        </a:cubicBezTo>
        <a:close/>
      </a:path>
    </a:pathLst>
</a:custGeom>
