<a:custGeom xmlns:a="http://schemas.openxmlformats.org/drawingml/2006/main">
    <a:avLst>
      <a:gd name="adj1" fmla="val -20833"/>
<!-- x pos -->
      <a:gd name="adj2" fmla="val 62500"/>
<!-- y pos -->
    </a:avLst>
    <a:gdLst>
      <a:gd name="dxPos" fmla="*/ w adj1 100000"/>
      <a:gd name="dyPos" fmla="*/ h adj2 100000"/>
      <a:gd name="xPos" fmla="+- hc dxPos 0"/>
      <a:gd name="yPos" fmla="+- vc dyPos 0"/>
      <a:gd name="dx" fmla="+- xPos 0 hc"/>
      <a:gd name="dy" fmla="+- yPos 0 vc"/>
      <a:gd name="dq" fmla="*/ dxPos h w"/>
      <a:gd name="ady" fmla="abs dyPos"/>
      <a:gd name="adq" fmla="abs dq"/>
      <a:gd name="dz" fmla="+- ady 0 adq"/>
      <a:gd name="xg1" fmla="?: dxPos 7 2"/>
      <a:gd name="xg2" fmla="?: dxPos 10 5"/>
      <a:gd name="x1" fmla="*/ w xg1 12"/>
      <a:gd name="x2" fmla="*/ w xg2 12"/>
      <a:gd name="yg1" fmla="?: dyPos 7 2"/>
      <a:gd name="yg2" fmla="?: dyPos 10 5"/>
      <a:gd name="y1" fmla="*/ h yg1 12"/>
      <a:gd name="y2" fmla="*/ h yg2 12"/>
      <a:gd name="t1" fmla="?: dxPos l xPos"/>
      <a:gd name="xl" fmla="?: dz l t1"/>
      <a:gd name="t2" fmla="?: dyPos x1 xPos"/>
      <a:gd name="xt" fmla="?: dz t2 x1"/>
      <a:gd name="t3" fmla="?: dxPos xPos r"/>
      <a:gd name="xr" fmla="?: dz r t3"/>
      <a:gd name="t4" fmla="?: dyPos xPos x1"/>
      <a:gd name="xb" fmla="?: dz t4 x1"/>
      <a:gd name="t5" fmla="?: dxPos y1 yPos"/>
      <a:gd name="yl" fmla="?: dz y1 t5"/>
      <a:gd name="t6" fmla="?: dyPos t yPos"/>
      <a:gd name="yt" fmla="?: dz t6 t"/>
      <a:gd name="t7" fmla="?: dxPos yPos y1"/>
      <a:gd name="yr" fmla="?: dz y1 t7"/>
      <a:gd name="t8" fmla="?: dyPos yPos b"/>
      <a:gd name="yb" fmla="?: dz t8 b"/>
    </a:gdLst>
    <a:rect l="l" t="t" r="r" b="b"/>
    <a:pathLst>
      <a:path>
        <a:moveTo>
          <a:pt x="l" y="t"/>
        </a:moveTo>
        <a:lnTo>
          <a:pt x="x1" y="t"/>
        </a:lnTo>
        <a:lnTo>
          <a:pt x="xt" y="yt"/>
        </a:lnTo>
        <a:lnTo>
          <a:pt x="x2" y="t"/>
        </a:lnTo>
        <a:lnTo>
          <a:pt x="r" y="t"/>
        </a:lnTo>
        <a:lnTo>
          <a:pt x="r" y="y1"/>
        </a:lnTo>
        <a:lnTo>
          <a:pt x="xr" y="yr"/>
        </a:lnTo>
        <a:lnTo>
          <a:pt x="r" y="y2"/>
        </a:lnTo>
        <a:lnTo>
          <a:pt x="r" y="b"/>
        </a:lnTo>
        <a:lnTo>
          <a:pt x="x2" y="b"/>
        </a:lnTo>
        <a:lnTo>
          <a:pt x="xb" y="yb"/>
        </a:lnTo>
        <a:lnTo>
          <a:pt x="x1" y="b"/>
        </a:lnTo>
        <a:lnTo>
          <a:pt x="l" y="b"/>
        </a:lnTo>
        <a:lnTo>
          <a:pt x="l" y="y2"/>
        </a:lnTo>
        <a:lnTo>
          <a:pt x="xl" y="yl"/>
        </a:lnTo>
        <a:lnTo>
          <a:pt x="l" y="y1"/>
        </a:lnTo>
        <a:close/>
      </a:path>
    </a:pathLst>
</a:custGeom>
