<a:custGeom xmlns:a="http://schemas.openxmlformats.org/drawingml/2006/3/main">
    <a:avLst>
      <a:gd name="adj1" fmla="val -20833"/>
<!-- x pos -->
      <a:gd name="adj2" fmla="val 62500"/>
<!-- y pos -->
      <a:gd name="adj3" fmla="val 16667"/>
<!-- amt of rounding -->
    </a:avLst>
    <a:gdLst>
      <a:gd name="dxPos" fmla="*/ w adj1 100000"/>
      <a:gd name="dyPos" fmla="*/ h adj2 100000"/>
      <a:gd name="xPos" fmla="+- hc dxPos 0"/>
      <a:gd name="yPos" fmla="+- vc dyPos 0"/>
      <a:gd name="dq" fmla="*/ dxPos h w"/>
      <a:gd name="ady" fmla="abs dyPos"/>
      <a:gd name="adq" fmla="abs dq"/>
      <a:gd name="dz" fmla="+- ady 0 adq"/>
      <a:gd name="xg1" fmla="?: dxPos 7 2"/>
      <a:gd name="xg2" fmla="?: dxPos 10 5"/>
      <a:gd name="x1" fmla="*/ w xg1 12"/>
      <a:gd name="x2" fmla="*/ w xg2 12"/>
      <a:gd name="yg1" fmla="?: dyPos 7 2"/>
      <a:gd name="yg2" fmla="?: dyPos 10 5"/>
      <a:gd name="y1" fmla="*/ h yg1 12"/>
      <a:gd name="y2" fmla="*/ h yg2 12"/>
      <a:gd name="t1" fmla="?: dxPos l xPos"/>
      <a:gd name="xl" fmla="?: dz l t1"/>
      <a:gd name="t2" fmla="?: dyPos x1 xPos"/>
      <a:gd name="xt" fmla="?: dz t2 x1"/>
      <a:gd name="t3" fmla="?: dxPos xPos r"/>
      <a:gd name="xr" fmla="?: dz r t3"/>
      <a:gd name="t4" fmla="?: dyPos xPos x1"/>
      <a:gd name="xb" fmla="?: dz t4 x1"/>
      <a:gd name="t5" fmla="?: dxPos y1 yPos"/>
      <a:gd name="yl" fmla="?: dz y1 t5"/>
      <a:gd name="t6" fmla="?: dyPos t yPos"/>
      <a:gd name="yt" fmla="?: dz t6 t"/>
      <a:gd name="t7" fmla="?: dxPos yPos y1"/>
      <a:gd name="yr" fmla="?: dz y1 t7"/>
      <a:gd name="t8" fmla="?: dyPos yPos b"/>
      <a:gd name="yb" fmla="?: dz t8 b"/>
      <a:gd name="u1" fmla="*/ ss adj3 100000"/>
      <a:gd name="u2" fmla="+- r 0 u1"/>
<!-- v1 == u1 -->
      <a:gd name="v2" fmla="+- b 0 u1"/>
      <a:gd name="il" fmla="*/ u1 29289 100000"/>
<!-- 1 - cos 45 -->
<!-- it == il -->
      <a:gd name="ir" fmla="+- r 0 il"/>
      <a:gd name="ib" fmla="+- b 0 il"/>
    </a:gdLst>
    <a:rect l="il" t="il" r="ir" b="ib"/>
    <a:pathLst>
      <a:path>
        <a:moveTo>
          <a:pt x="l" y="u1"/>
        </a:moveTo>
        <a:arcTo wR="u1" hR="u1" stAng="cd2" swAng="cd4"/>
        <a:lnTo>
          <a:pt x="x1" y="t"/>
        </a:lnTo>
        <a:lnTo>
          <a:pt x="xt" y="yt"/>
        </a:lnTo>
        <a:lnTo>
          <a:pt x="x2" y="t"/>
        </a:lnTo>
        <a:lnTo>
          <a:pt x="u2" y="t"/>
        </a:lnTo>
        <a:arcTo wR="u1" hR="u1" stAng="cd34" swAng="cd4"/>
        <a:lnTo>
          <a:pt x="r" y="y1"/>
        </a:lnTo>
        <a:lnTo>
          <a:pt x="xr" y="yr"/>
        </a:lnTo>
        <a:lnTo>
          <a:pt x="r" y="y2"/>
        </a:lnTo>
        <a:lnTo>
          <a:pt x="r" y="v2"/>
        </a:lnTo>
        <a:arcTo wR="u1" hR="u1" stAng="0" swAng="cd4"/>
        <a:lnTo>
          <a:pt x="x2" y="b"/>
        </a:lnTo>
        <a:lnTo>
          <a:pt x="xb" y="yb"/>
        </a:lnTo>
        <a:lnTo>
          <a:pt x="x1" y="b"/>
        </a:lnTo>
        <a:lnTo>
          <a:pt x="u1" y="b"/>
        </a:lnTo>
        <a:arcTo wR="u1" hR="u1" stAng="cd4" swAng="cd4"/>
        <a:lnTo>
          <a:pt x="l" y="y2"/>
        </a:lnTo>
        <a:lnTo>
          <a:pt x="xl" y="yl"/>
        </a:lnTo>
        <a:lnTo>
          <a:pt x="l" y="y1"/>
        </a:lnTo>
        <a:close/>
      </a:path>
    </a:pathLst>
</a:custGeom>
