<a:custGeom xmlns:a="http://schemas.openxmlformats.org/drawingml/2006/main">
    <a:avLst>
      <a:gd name="adj1" fmla="val -20833"/>
<!-- x pos -->
      <a:gd name="adj2" fmla="val 62500"/>
<!-- y pos -->
    </a:avLst>
    <a:gdLst>
      <a:gd name="dxPos" fmla="*/ w adj1 100000"/>
      <a:gd name="dyPos" fmla="*/ h adj2 100000"/>
      <a:gd name="xPos" fmla="+- hc dxPos 0"/>
      <a:gd name="yPos" fmla="+- vc dyPos 0"/>
      <a:gd name="sdx" fmla="*/ dxPos h 1"/>
      <a:gd name="sdy" fmla="*/ dyPos w 1"/>
      <a:gd name="pang" fmla="at2 sdx sdy"/>
      <a:gd name="stAng" fmla="+- pang 660000 0"/>
      <a:gd name="enAng" fmla="+- pang 0 660000"/>
      <a:gd name="dx1" fmla="cos wd2 stAng"/>
      <a:gd name="dy1" fmla="sin hd2 stAng"/>
      <a:gd name="x1" fmla="+- hc dx1 0"/>
      <a:gd name="y1" fmla="+- vc dy1 0"/>
      <a:gd name="dx2" fmla="cos wd2 enAng"/>
      <a:gd name="dy2" fmla="sin hd2 enAng"/>
      <a:gd name="x2" fmla="+- hc dx2 0"/>
      <a:gd name="y2" fmla="+- vc dy2 0"/>
      <a:gd name="stAng1" fmla="at2 dx1 dy1"/>
      <a:gd name="enAng1" fmla="at2 dx2 dy2"/>
      <a:gd name="swAng1" fmla="+- enAng1 0 stAng1"/>
      <a:gd name="swAng2" fmla="+- swAng1 21600000 0"/>
      <a:gd name="swAng" fmla="?: swAng1 swAng1 swAng2"/>
      <a:gd name="idx" fmla="cos wd2 2700000"/>
      <a:gd name="idy" fmla="sin hd2 2700000"/>
      <a:gd name="il" fmla="+- hc 0 idx"/>
      <a:gd name="ir" fmla="+- hc idx 0"/>
      <a:gd name="it" fmla="+- vc 0 idy"/>
      <a:gd name="ib" fmla="+- vc idy 0"/>
    </a:gdLst>
    <a:rect l="il" t="it" r="ir" b="ib"/>
    <a:pathLst>
      <a:path>
        <a:moveTo>
          <a:pt x="xPos" y="yPos"/>
        </a:moveTo>
        <a:lnTo>
          <a:pt x="x1" y="y1"/>
        </a:lnTo>
        <a:arcTo wR="wd2" hR="hd2" stAng="stAng1" swAng="swAng"/>
        <a:close/>
      </a:path>
    </a:pathLst>
</a:custGeom>
