<?xml version="1.0" encoding="UTF-8"?><?xml-stylesheet type='text/xsl' href='http://researchservice.greenwaymedical.com/stylesheets/ccd.xsl'?>
<ClinicalDocument xmlns:xsi="http://www.w3.org/2001/XMLSchema-instance"
    xmlns:voc="urn:hl7-org:v3/voc" xmlns="urn:hl7-org:v3">
    <realmCode code="US"/>
    <typeId root="2.16.840.1.113883.1.3" extension="POCD_HD000040"/>
    <templateId root="2.16.840.1.113883.10.20.22.1.1"/>
    <templateId root="2.16.840.1.113883.10.20.22.1.2"/>
    <id root="2.16.840.1.113883.3.441" extension="c256fedb7799434395483febedec4521"/>
    <code code="34133-9" displayName="Summarization of episode note"
        codeSystem="2.16.840.1.113883.6.1" codeSystemName="LOINC"/>
    <title>Penick Medical Center Visit Summary</title>
    <effectiveTime value="20151220110047-0400"/>
    <confidentialityCode code="N" displayName="Normal" codeSystem="2.16.840.1.113883.5.25"
        codeSystemName="Confidentiality"/>
    <languageCode code="en-US"/>
    <setId root="2.16.840.1.113883.3.441" extension="1"/>
    <versionNumber value="1"/>
    <recordTarget typeCode="RCT" contextControlCode="OP">
   <patientRole>
      <id root="1.2.33.1.22.5.5.5.5.5.5" extension="HO5555555"/>
      <addr use="HP">
        <streetAddressLine>7331 Lincoln Court</streetAddressLine>
        <city>Santa Monica</city>
        <state>CA</state>
        <postalCode>94010</postalCode>
        <country>USA</country>
      </addr>
      <telecom use="HP" value="tel:+15559876789"/>
      <telecom value="mailto://mailaddress@gmail.com"/>
      <patient>
        <name use="L">
          <given>Daisy</given>
          <family>Tinsley</family>
        </name>
        <administrativeGenderCode code="F" codeSystem="2.16.840.1.113883.5.1" codeSystemName="AdministrativeGenderCode" displayName="Female"/>
        <birthTime value="19850625"/>
        <maritalStatusCode code="Unknown" codeSystem="2.16.840.1.113883.5.2" codeSystemName="MaritalStatusCode" displayName="Unknown"/>
        <raceCode code="Unknown" codeSystem="2.16.840.1.113883.6.238" codeSystemName="CDC Race and Ethnicity" displayName="Caucasian"/>
        <ethnicGroupCode code="Unknown" codeSystem="2.16.840.1.113883.6.238" codeSystemName="CDC Race and Ethnicity" displayName="Caucasian"/>
        <languageCommunication>
          <languageCode code="eng"/>
          <preferenceInd value="true"/>
        </languageCommunication>
      </patient>
      <providerOrganization>
        <id root="1.2.840.114350.1.13.348.2.7.2.688879" extension="23200"/>
        <name>Penick Medical Center</name>
        <telecom use="WP" value="tel:+15555551212"/>
        <addr>
          <streetAddressLine></streetAddressLine>
          <city></city>
          <state></state>
          <postalCode></postalCode>
          <country>USA</country>
        </addr>
      </providerOrganization>
    </patientRole>
  </recordTarget>
  <author>
    <time value="20151220080000"/>
    <assignedAuthor>
      <id root="1.2.840.114350.1.1" extension="8.1"/>
      <addr nullFlavor="NA">
        <streetAddressLine nullFlavor="UNK"/>
        <city nullFlavor="UNK"/>
      </addr>
      <telecom nullFlavor="NA"/>
      <assignedAuthoringDevice>
        <manufacturerModelName>Katie Ball, MD, OBGYN, Penick Medical Center</manufacturerModelName>
        <softwareName>Katie Ball, MD, OBGYN, Penick Medical Center</softwareName>
      </assignedAuthoringDevice>
      <representedOrganization>
        <id root="1.2.840.114350.1.13.348.2.7.2.688879" extension="23200"/>
        <name>Penick Medical Center</name>
        <telecom use="WP" value="tel:+15555551212"/>
        <addr>
          <streetAddressLine></streetAddressLine>
          <city></city>
          <state></state>
          <postalCode></postalCode>
          <country>USA</country>
        </addr>
      </representedOrganization>
    </assignedAuthor>
  </author>
  <custodian>
    <assignedCustodian>
      <representedCustodianOrganization>
        <id root="1.2.840.114350.1.13.348.2.7.2.688879" extension="23200"/>
        <name>Penick Medical Center</name>
        <telecom use="WP" value="tel:+15555551212"/>
        <addr>
          <streetAddressLine></streetAddressLine>
          <city>Santa Monica</city>
          <state>CA</state>
          <postalCode></postalCode>
          <country>USA</country>
        </addr>
      </representedCustodianOrganization>
    </assignedCustodian>
  </custodian>
  <participant typeCode="IND">
    <templateId root="2.16.840.1.113883.3.88.11.32.3"/>
    <templateId root="2.16.840.1.113883.3.88.11.83.3"/>
    <templateId root="1.3.6.1.4.1.19376.1.5.3.1.2.4"/>
    <time value="20151209"/>
    <associatedEntity classCode="ECON">
      <id nullFlavor="UNK"/>
      <addr>
      <streetAddressLine>7331 Lincoln Court</streetAddressLine>
          <city>Santa Monica</city>
          <state>CA</state>
          <postalCode></postalCode>
          <country>USA</country>
      </addr>
      <telecom use="MC" value="tel:+15555551212"/>
      <associatedPerson>
        <name use="P">
          <given>Brian Mork</given>
        </name>
      </associatedPerson>
    </associatedEntity>
  </participant>
  <documentationOf typeCode="DOC">
    <serviceEvent classCode="PCPR">
      <effectiveTime>
        <low value="20160104125940"/>
        <high value="20160104"/>
      </effectiveTime>
      <performer typeCode="PRF">
        <templateId root="2.16.840.1.113883.3.88.11.32.4"/>
        <templateId root="2.16.840.1.113883.3.88.11.83.4"/>
        <templateId root="1.3.6.1.4.1.19376.1.5.3.1.2.3"/>
        <functionCode code="PCP" codeSystem="2.16.840.1.113883.5.88" codeSystemName="ParticipationFunction" displayName="Primary Care Provider">
          <originalText>Primary Care Provider</originalText>
        </functionCode>
        <time>
          <low value="20151209"/>
          <high nullFlavor="PINF"/>
        </time>
        <assignedEntity>
          <id root="1.2.840.114350.1.13.348.2.7.2.836982" extension="899999"/>
          <addr use="WP">
            <streetAddressLine>1</streetAddressLine>
          </addr>
          <telecom nullFlavor="UNK"/>
          <assignedPerson>
            <name>
              <given>Katie Ball, MD, OBGYN, Penick Medical Center</given>
              <given></given>
              <family></family>
            </name>
          </assignedPerson>
        </assignedEntity>
      </performer>
    </serviceEvent>
  </documentationOf>
   <component>
        <structuredBody classCode="DOCBODY" moodCode="EVN">
            <templateId root="2.16.840.1.113883.10" extension="MPL_CDAR2_LEVEL1-2REF_US_I2_2005SEP"/>
            <component>
                <section classCode="DOCSECT" moodCode="EVN">
                    <templateId root="2.16.840.1.113883.10.20.22.2.12"/>
                    <id root="2.16.840.1.113883.3.441.1.50.300011.51.26789.66"
                        extension="6f4672597a4449fb"/>
                    <code code="29299-5" displayName="Reason for Visit"
                        codeSystem="2.16.840.1.113883.6.1" codeSystemName="LOINC"/>
                    <title>Reason for Visit</title>
                    <text mediaType="text/x-hl7-text+xml">
                        <table  width="80%">
							<thead>
								<tr>
									<th>12 Week Visit</th>
								</tr>
							</thead>
							<tbody>
								<tr>
									<td> Due Date: June 26, 2016</td>
								</tr>
                                <tr>
									<td> First Pregnancy</td>
                                    
								</tr>
                                
                                <tr>
									<td> Primary Care Physician:  Ellen Chou, MD, Penick Medical Center</td>
                                    </tr>
							</tbody>
						</table> <table  width="80%">
							<thead>
								<tr>
									<th></th>
								</tr>
							</thead>
							<tbody>
								<tr>
									<td> - Continue regular exercise through second trimester. </td>
								</tr>
                             
                                <tr>
									<td> - Thyroid, blood and urine tests are normal.</td>
								</tr>
                               <tr>
									<td> - Start increasing caloric intake to 2500 Kcal per day during second trimester, with a daily protein intake of 60 grams.</td>
								</tr>
                                <tr><td></td></tr>
                                <tr>
                                <td> - Flying to Hawaii to visit family through second trimester is fine. </td>
                                    </tr>
                                <tr>
                                <td> - Schedule next appointment around Jan 5, 2016 (16 week visit). </td>
                                    </tr>
							</tbody>
						</table>
                    </text>
                </section>
            </component>
            <component>
                <section classCode="DOCSECT" moodCode="EVN">
                    <templateId root="2.16.840.1.113883.10.20.22.2.6.1"/>
                    <id root="2.16.840.1.113883.3.441.1.50.300011.51.26789.57"
                        extension="6c2f6d4d23104f06"/>
                    <code code="48765-2" displayName="Allergies, adverse reactions, alerts"
                        codeSystem="2.16.840.1.113883.6.1" codeSystemName="LOINC"/>
                    <title>Allergies and Adverse Reactions</title>
                    <text mediaType="text/x-hl7-text+xml">
                        No known allergies.
                    </text>
                    <entry>
                        <act classCode="ACT" moodCode="EVN">
                            <templateId root="2.16.840.1.113883.10.20.22.4.30"/>
                            <id root="2.16.840.1.113883.3.441.1.50.300011.51.26789.57"
                                extension="1295"/>
                            <code code="48765-2" displayName="Allergies, adverse reactions, alerts"
                                codeSystem="2.16.840.1.113883.6.1" codeSystemName="LOINC"/>
                            <statusCode code="active"/>
                            <effectiveTime>
                                <low nullFlavor="UNK"/>
                            </effectiveTime>
                            <entryRelationship typeCode="SUBJ" inversionInd="true">
                                <observation classCode="OBS" moodCode="EVN" negationInd="false">
                                    <templateId root="2.16.840.1.113883.10.20.22.4.7"/>
                                    <id root="2.16.840.1.113883.3.441"
                                        extension="c1895ccf653143d2a399a0d94c6c38a9"/>
                                    <code code="ASSERTION" codeSystem="2.16.840.1.113883.5.4"/>
                                    <statusCode code="completed"/>
                                    <effectiveTime>
                                        <low nullFlavor="UNK"/>
                                    </effectiveTime>
                                    <value xsi:type="CD" code="419199007"
                                        codeSystem="2.16.840.1.113883.6.96"
                                        codeSystemName="SNOMED CT"
                                        displayName="Allergy to substance (disorder)"/>
                                    <participant typeCode="CSM">
                                        <time nullFlavor="UNK"/>
                                        <participantRole classCode="MANU">
                                            <addr nullFlavor="UNK"/>
                                            <telecom use="" nullFlavor="UNK"/>
                                            <playingEntity classCode="MMAT"
                                                determinerCode="INSTANCE">
                                                <code code="1001473" displayName="Ecpirin"
                                                  codeSystem="2.16.840.1.113883.6.88"
                                                  codeSystemName="RxNorm">
                                                  <originalText>
                                                  <reference
                                                  value="#ref_08dd88e6ddb74e26807f5b6de198a311_allergy_name_1"
                                                  />
                                                  </originalText>
                                                  <translation code="1076" displayName="aspirin"
                                                  codeSystem="2.16.840.1.113883.6.64"
                                                  codeSystemName="FDBDRUG"/>
                                                </code>
                                                <name>aspirin</name>
                                            </playingEntity>
                                        </participantRole>
                                    </participant>
                                    <entryRelationship typeCode="MFST" inversionInd="true">
                                        <observation classCode="OBS" moodCode="EVN"
                                            negationInd="false">
                                            <templateId root="2.16.840.1.113883.10.20.22.4.9"/>
                                            <id root="2.16.840.1.113883.3.441"
                                                extension="207a25cf83bd486a9aaf12691af7c4f3"/>
                                            <code code="ASSERTION"
                                                codeSystem="2.16.840.1.113883.5.4"/>
                                            <text>hives<reference
                                                  value="#ref_08dd88e6ddb74e26807f5b6de198a311_allergy_reaction_1"
                                                /></text>
                                            <statusCode code="completed"/>
                                            <effectiveTime nullFlavor="UNK">
                                                <low nullFlavor="UNK"/>
                                                <high nullFlavor="UNK"/>
                                            </effectiveTime>
                                            <value xsi:type="CD" nullFlavor="OTH"/>
                                        </observation>
                                    </entryRelationship>
                                    <entryRelationship typeCode="SUBJ" inversionInd="true">
                                        <act classCode="ACT" moodCode="EVN">
                                            <templateId root="2.16.840.1.113883.10.20.1.40"/>
                                            <templateId root="1.3.6.1.4.1.19376.1.5.3.1.4.2"/>
                                            <code code="48767-8" displayName="Annotation Comment"
                                                codeSystem="2.16.840.1.113883.6.1"
                                                codeSystemName="LOINC"/>
                                            <text>
                                                <reference
                                                  value="#ref_08dd88e6ddb74e26807f5b6de198a311_allergy_comment_1"
                                                />
                                            </text>
                                            <statusCode code="completed"/>
                                        </act>
                                    </entryRelationship>
                                    <entryRelationship typeCode="REFR" inversionInd="true">
                                        <observation classCode="OBS" moodCode="EVN">
                                            <templateId root="2.16.840.1.113883.10.20.22.4.28"/>
                                            <code code="33999-4" displayName="Status"
                                                codeSystem="2.16.840.1.113883.6.1"
                                                codeSystemName="LOINC"/>
                                            <statusCode code="completed"/>
                                            <value xsi:type="CE" code="55561003"
                                                codeSystem="2.16.840.1.113883.6.96"
                                                codeSystemName="SNOMED CT" displayName="Active"/>
                                        </observation>
                                    </entryRelationship>
                                </observation>
                            </entryRelationship>
                        </act>
                    </entry>
                    <entry>
                        <act classCode="ACT" moodCode="EVN">
                            <templateId root="2.16.840.1.113883.10.20.22.4.30"/>
                            <id root="2.16.840.1.113883.3.441.1.50.300011.51.26789.57"
                                extension="1296"/>
                            <code code="48765-2" displayName="Allergies, adverse reactions, alerts"
                                codeSystem="2.16.840.1.113883.6.1" codeSystemName="LOINC"/>
                            <statusCode code="active"/>
                            <effectiveTime>
                                <low nullFlavor="UNK"/>
                            </effectiveTime>
                            <entryRelationship typeCode="SUBJ" inversionInd="true">
                                <observation classCode="OBS" moodCode="EVN" negationInd="false">
                                    <templateId root="2.16.840.1.113883.10.20.22.4.7"/>
                                    <id root="2.16.840.1.113883.3.441"
                                        extension="eebfdc54e1164ed88fe0d2d10532bea4"/>
                                    <code code="ASSERTION" codeSystem="2.16.840.1.113883.5.4"/>
                                    <statusCode code="completed"/>
                                    <effectiveTime>
                                        <low nullFlavor="UNK"/>
                                    </effectiveTime>
                                    <value xsi:type="CD" code="419199007"
                                        codeSystem="2.16.840.1.113883.6.96"
                                        codeSystemName="SNOMED CT"
                                        displayName="Allergy to substance (disorder)"/>
                                    <participant typeCode="CSM">
                                        <time nullFlavor="UNK"/>
                                        <participantRole classCode="MANU">
                                            <addr nullFlavor="UNK"/>
                                            <telecom use="" nullFlavor="UNK"/>
                                            <playingEntity classCode="MMAT"
                                                determinerCode="INSTANCE">
                                                <code nullFlavor="NA">
                                                  <originalText>
                                                  <reference
                                                  value="#ref_08dd88e6ddb74e26807f5b6de198a311_allergy_name_2"
                                                  />
                                                  </originalText>
                                                </code>
                                                <name>Piggyback Pump Set</name>
                                            </playingEntity>
                                        </participantRole>
                                    </participant>
                                    <entryRelationship typeCode="MFST" inversionInd="true">
                                        <observation classCode="OBS" moodCode="EVN"
                                            negationInd="false">
                                            <templateId root="2.16.840.1.113883.10.20.22.4.9"/>
                                            <id root="2.16.840.1.113883.3.441"
                                                extension="6428eecd7bd14786ac20c3076995fce7"/>
                                            <code code="ASSERTION"
                                                codeSystem="2.16.840.1.113883.5.4"/>
                                            <text>Breaks out in pork chops<reference
                                                  value="#ref_08dd88e6ddb74e26807f5b6de198a311_allergy_reaction_2"
                                                /></text>
                                            <statusCode code="completed"/>
                                            <effectiveTime nullFlavor="UNK">
                                                <low nullFlavor="UNK"/>
                                                <high nullFlavor="UNK"/>
                                            </effectiveTime>
                                            <value xsi:type="CD" nullFlavor="OTH"/>
                                        </observation>
                                    </entryRelationship>
                                    <entryRelationship typeCode="SUBJ" inversionInd="true">
                                        <act classCode="ACT" moodCode="EVN">
                                            <templateId root="2.16.840.1.113883.10.20.1.40"/>
                                            <templateId root="1.3.6.1.4.1.19376.1.5.3.1.4.2"/>
                                            <code code="48767-8" displayName="Annotation Comment"
                                                codeSystem="2.16.840.1.113883.6.1"
                                                codeSystemName="LOINC"/>
                                            <text>
                                                <reference
                                                  value="#ref_08dd88e6ddb74e26807f5b6de198a311_allergy_comment_2"
                                                />
                                            </text>
                                            <statusCode code="completed"/>
                                        </act>
                                    </entryRelationship>
                                    <entryRelationship typeCode="REFR" inversionInd="true">
                                        <observation classCode="OBS" moodCode="EVN">
                                            <templateId root="2.16.840.1.113883.10.20.22.4.28"/>
                                            <code code="33999-4" displayName="Status"
                                                codeSystem="2.16.840.1.113883.6.1"
                                                codeSystemName="LOINC"/>
                                            <statusCode code="completed"/>
                                            <value xsi:type="CE" code="55561003"
                                                codeSystem="2.16.840.1.113883.6.96"
                                                codeSystemName="SNOMED CT" displayName="Active"/>
                                        </observation>
                                    </entryRelationship>
                                </observation>
                            </entryRelationship>
                        </act>
                    </entry>
                </section>
            </component>
            <component>
                <section classCode="DOCSECT" moodCode="EVN">
                    <templateId root="2.16.840.1.113883.10.20.22.2.4.1"/>
                    <id root="2.16.840.1.113883.3.441.1.50.300011.51.26789.55"
                        extension="5195989527714630"/>
                    <code code="8716-3" displayName="Vital signs" codeSystem="2.16.840.1.113883.6.1"
                        codeSystemName="LOINC"/>
                    <title>Vital Signs</title>
                    <text mediaType="text/x-hl7-text+xml">
                        <table  width="100%">
							<thead>
								<tr>
									<th align="right">Date / Time: </th>
									<th>Dec 08, 2015</th>
									<th>Nov 13, 2015</th>
								
									
								</tr>
							</thead>
							<tbody>
								<tr>
									<th align="left">Height (in)</th>
								    <td>66</td>
									<td>66</td>
								
									
								</tr>
								<tr>
									<th align="left">Weight (lb)</th>
								    <td>119</td>
									<td>115.5</td>
									
									
								</tr>
                                <tr>
									<th align="left">BMI</th>
								    <td>19.2</td>
									<td>18.64</td>
									
									
								</tr>
								<tr>
									<th align="left">BP Systolic (mm Hg)</th>
                                    <td>118</td>
									<td>119</td>
									
								</tr>
								<tr>
									<th align="left">BP Diastolic (mm Hg)</th>
									<td>72</td>
									<td>73</td>
									
									
								</tr>
								<tr>
									<th align="left">Temperature (deg F)</th>
									<td>98.7</td>
									<td>98.6</td>
									
									
								</tr>
								
							</tbody>
						</table>
                    </text>
                    <entry>
                        <organizer classCode="CLUSTER" moodCode="EVN">
                            <templateId root="2.16.840.1.113883.10.20.22.4.26"/>
                            <id root="2.16.840.1.113883.3.441"
                                extension="cc2eb45ed67342268e9c4132ed8c2b19"/>
                            <code code="46680005" displayName="Vital signs"
                                codeSystem="2.16.840.1.113883.6.96" codeSystemName="SNOMED CT"/>
                            <statusCode code="completed"/>
                            <effectiveTime value="20130121160000"/>
                            <component>
                                <observation classCode="OBS" moodCode="EVN">
                                    <templateId root="2.16.840.1.113883.10.20.22.4.27"/>
                                    <id root="2.16.840.1.113883.3.441.1.50.300011.51.26789.55"
                                        extension="2788"/>
                                    <code code="8462-4" displayName="BP Diastolic"
                                        codeSystem="2.16.840.1.113883.6.1" codeSystemName="LOINC"/>
                                    <text>Blood Pressure - Diastolic<reference
                                            value="#ref_3a6d1ab0e64b4841a1ca330121e352fa_vitalSigns_bpDiastolic_1"
                                        /></text>
                                    <statusCode code="completed"/>
                                    <effectiveTime value="20130121160000"/>
                                    <value xsi:type="PQ" value="88" unit="mm[Hg]"/>
                                    <interpretationCode nullFlavor="NA"/>
                                </observation>
                            </component>
                            <component>
                                <observation classCode="OBS" moodCode="EVN">
                                    <templateId root="2.16.840.1.113883.10.20.22.4.27"/>
                                    <id root="2.16.840.1.113883.3.441.1.50.300011.51.26789.55"
                                        extension="2789"/>
                                    <code code="8480-6" displayName="BP Systolic"
                                        codeSystem="2.16.840.1.113883.6.1" codeSystemName="LOINC"/>
                                    <text>Blood Pressure - Systolic<reference
                                            value="#ref_3a6d1ab0e64b4841a1ca330121e352fa_vitalSigns_bpSystolic_1"
                                        /></text>
                                    <statusCode code="completed"/>
                                    <effectiveTime value="20130121160000"/>
                                    <value xsi:type="PQ" value="120" unit="mm[Hg]"/>
                                    <interpretationCode nullFlavor="NA"/>
                                </observation>
                            </component>
                            <component>
                                <observation classCode="OBS" moodCode="EVN">
                                    <templateId root="2.16.840.1.113883.10.20.22.4.27"/>
                                    <id root="2.16.840.1.113883.3.441.1.50.300011.51.26789.55"
                                        extension="2790"/>
                                    <code code="41909-3" displayName="Body Mass Index"
                                        codeSystem="2.16.840.1.113883.6.1" codeSystemName="LOINC"/>
                                    <text>Body Mass Index<reference
                                            value="#ref_3a6d1ab0e64b4841a1ca330121e352fa_vitalSigns_bmi_1"
                                        /></text>
                                    <statusCode code="completed"/>
                                    <effectiveTime value="20130121160000"/>
                                    <value xsi:type="PQ" value="114.691" unit="kg/m²"/>
                                    <interpretationCode nullFlavor="NA"/>
                                </observation>
                            </component>
                            <component>
                                <observation classCode="OBS" moodCode="EVN">
                                    <templateId root="2.16.840.1.113883.10.20.22.4.27"/>
                                    <id root="2.16.840.1.113883.3.441.1.50.300011.51.26789.55"
                                        extension="2792"/>
                                    <code code="8302-2" displayName="Body Height (Measured)"
                                        codeSystem="2.16.840.1.113883.6.1" codeSystemName="LOINC"/>
                                    <text>Height<reference
                                            value="#ref_3a6d1ab0e64b4841a1ca330121e352fa_vitalSigns_ht_1"
                                        /></text>
                                    <statusCode code="completed"/>
                                    <effectiveTime value="20130121160000"/>
                                    <value xsi:type="PQ" value="30.315" unit="[in_us]"/>
                                    <interpretationCode nullFlavor="NA"/>
                                </observation>
                            </component>
                            <component>
                                <observation classCode="OBS" moodCode="EVN">
                                    <templateId root="2.16.840.1.113883.10.20.22.4.27"/>
                                    <id root="2.16.840.1.113883.3.441.1.50.300011.51.26789.55"
                                        extension="2793"/>
                                    <code code="3141-9" displayName="Body Weight (Measured)"
                                        codeSystem="2.16.840.1.113883.6.1" codeSystemName="LOINC"/>
                                    <text>Weight<reference
                                            value="#ref_3a6d1ab0e64b4841a1ca330121e352fa_vitalSigns_wt_1"
                                        /></text>
                                    <statusCode code="completed"/>
                                    <effectiveTime value="20130121160000"/>
                                    <value xsi:type="PQ" value="149.914" unit="[lb_av]"/>
                                    <interpretationCode nullFlavor="NA"/>
                                </observation>
                            </component>
                        </organizer>
                    </entry>
                </section>
      </component>
      
      
<component>
                                <section>
                                        <templateId root="2.16.840.1.113883.10.20.22.2.15"/>
                                        <!--  ********  Family history section template   ******** -->
                                        <code code="10157-6" codeSystem="2.16.840.1.113883.6.1"/>
                                        <title>Family history</title>
                                        <text>
                                                <paragraph>Father, CVD</paragraph>
                                               
                                        </text>
                                        <entry typeCode="DRIV">
                                                <organizer moodCode="EVN" classCode="CLUSTER">
                                                        <templateId root="2.16.840.1.113883.10.20.22.4.45"/>
                                                        <!--  ********  Family history organizer template   ******** -->
                                                        <statusCode code="completed"/>
                                                        <subject>
                                                                <relatedSubject classCode="PRS">
                                                                        <code code="FTH" displayName="Father" codeSystemName="HL7 FamilyMember" codeSystem="2.16.840.1.113883.5.111">
                                                                                <translation code="9947008" displayName="Biological father" codeSystemName="SNOMED" codeSystem="2.16.840.1.113883.6.96"/>
                                                                        </code>
                                                                        <subject>
                                                                                <administrativeGenderCode code="M" codeSystem="2.16.840.1.113883.5.1" displayName="Male"/>
                                                                                <birthTime value="1912"/>
                                                                        </subject>
                                                                </relatedSubject>
                                                        </subject>
                                                        <component>
                                                                <observation classCode="OBS" moodCode="EVN">
                                                                        <templateId root="2.16.840.1.113883.10.20.22.4.46"/>
                                                                        <!-- Family History Observation template -->
                                                                        <id root="d42ebf70-5c89-11db-b0de-0800200c9a66"/>
                                                                        <code code="55561003" displayName="Active" codeSystemName="SNOMED CT" codeSystem="2.16.840.1.113883.6.96"/>
                                                                        <statusCode code="completed"/>
                                                                        <effectiveTime nullFlavor="UNK"/>
                                                                        <value xsi:type="CD" code="22298006" codeSystem="2.16.840.1.113883.6.96" displayName="Myocardial infarction"/>
                                                                        <entryRelationship typeCode="CAUS">
                                                                                <observation classCode="OBS" moodCode="EVN">
                                                                                        <templateId root="2.16.840.1.113883.10.20.22.4.47"/>
                                                                                        <!--  ******** Family history death observation template   ******** -->
                                                                                        <id root="6898fae0-5c8a-11db-b0de-0800200c9a66"/>
                                                                                        <code code="ASSERTION" codeSystem="2.16.840.1.113883.5.4"/>
                                                                                        <statusCode code="completed"/>
                                                                                        <value xsi:type="CD" code="419099009" codeSystem="2.16.840.1.113883.6.96" displayName="Dead"/>
                                                                                </observation>
                                                                        </entryRelationship>
                                                                        <entryRelationship typeCode="SUBJ" inversionInd="true">
                                                                                <observation classCode="OBS" moodCode="EVN">
                                                                                        <templateId root="2.16.840.1.113883.10.20.22.4.31"/>
                                                                                        <!--  ********  Age observation template   ******** -->
                                                                                        <code code="397659008" codeSystem="2.16.840.1.113883.6.96" displayName="Age"/>
                                                                                        <statusCode code="completed"/>
                                                                                        <value xsi:type="PQ" value="57" unit="a"/>
                                                                                </observation>
                                                                        </entryRelationship>
                                                                </observation>
                                                        </component>
                                                        <component>
                                                                <observation classCode="OBS" moodCode="EVN">
                                                                        <templateId root="2.16.840.1.113883.10.20.22.4.46"/>
                                                                        <!--  ********  Family history observation template   ******** -->
                                                                        <id root="5bfe3ec0-5c8b-11db-b0de-0800200c9a66"/>
                                                                        <code code="7087005" displayName="Intermittent" codeSystemName="SNOMED CT" codeSystem="2.16.840.1.113883.6.96"/>
                                                                        <statusCode code="completed"/>
                                                                        <effectiveTime value="1994"/>
                                                                        <value xsi:type="CD" code="46635009" codeSystem="2.16.840.1.113883.6.96" displayName="Diabetes mellitus type 1"/>
                                                                        <entryRelationship typeCode="SUBJ" inversionInd="true">
                                                                                <observation classCode="OBS" moodCode="EVN">
                                                                                        <templateId root="2.16.840.1.113883.10.20.22.4.31"/>
                                                                                        <!--  ********  Age observation template   ******** -->
                                                                                        <code code="397659008" codeSystem="2.16.840.1.113883.6.96" displayName="Age"/>
                                                                                        <statusCode code="completed"/>
                                                                                        <value xsi:type="PQ" value="40" unit="a"/>
                                                                                </observation>
                                                                        </entryRelationship>
                                                                </observation>
                                                        </component>
                                                </organizer>
                                        </entry>
                                </section>
                        </component>      
      
      
            <component>
                <section classCode="DOCSECT" moodCode="EVN">
                    <templateId root="2.16.840.1.113883.10.20.22.2.1.1"/>
                    <id root="2.16.840.1.113883.3.441.1.50.300011.51.26789.58"
                        extension="2b19b7ed549a455f"/>
                    <code code="10160-0" displayName="History of medication use"
                        codeSystem="2.16.840.1.113883.6.1" codeSystemName="LOINC"/>
                    <title>Medications</title>
                    <text mediaType="text/x-hl7-text+xml">
                        <table  width="100%">
							<thead>
								<tr>
									<th>Medication</th>
									<th>Instructions</th>
									<th>Start Date</th>
									<th>Status</th>
								</tr>
							</thead>
							<tbody>
								<tr>
									<td>Prenatal Multivitamin / Supplement  </td>
									<td>Once Daily</td>
									<td></td>
									<td>Active</td>
								</tr>
                               
								
							</tbody>
						</table>
                    </text>
                    <entry>
                        <substanceAdministration classCode="SBADM" moodCode="INT"
                            negationInd="false">
                            <templateId root="2.16.840.1.113883.10.20.22.4.16"/>
                            <id root="2.16.840.1.113883.3.441.1.50.300011.51.26789.58"
                                extension="1959"/>
                            <text>inhale 2 puffs by inhalation route at least 15 minutes before
                                exertion for 30 days<reference
                                    value="#ref_dbfb9d27bdf043fea841945d36ab8d72_medication_sig_1"
                                /></text>
                            <statusCode code="completed"/>
                            <effectiveTime xsi:type="IVL_TS">
                                <low value="20130121000000"/>
                                <high value="20130220000000"/>
                            </effectiveTime>
                            <routeCode nullFlavor="NA">
                                <originalText>
                                    <reference value="Inhalation"/>
                                </originalText>
                            </routeCode>
                            <doseQuantity value="2" unit="Inhaler"/>
                            <consumable typeCode="CSM">
                                <manufacturedProduct classCode="MANU">
                                    <templateId root="2.16.840.1.113883.10.20.22.4.23"/>
                                    <manufacturedMaterial classCode="MMAT">
                                        <code code="267456"
                                            displayName="Proventil HFA Inhalation HFA Aerosol Inhaler 90 mcg/actuation">
                                            <originalText>
                                                <reference
                                                  value="#ref_dbfb9d27bdf043fea841945d36ab8d72_medication_name_1"
                                                />
                                            </originalText>
                                            <translation code="745679"
                                                displayName="200 ACTUAT Albuterol 0.09 MG/ACTUAT Metered Dose Inhaler"
                                                codeSystem="2.16.840.1.113883.6.88"
                                                codeSystemName="RxNorm"/>
                                        </code>
                                        <name>Proventil HFA</name>
                                        <lotNumberText nullFlavor="UNK"/>
                                    </manufacturedMaterial>
                                </manufacturedProduct>
                            </consumable>
                            <entryRelationship typeCode="REFR" inversionInd="true">
                                <observation classCode="OBS" moodCode="EVN">
                                    <templateId root="2.16.840.1.113883.10.20.1.47"/>
                                    <code code="33999-4" displayName="Status"
                                        codeSystem="2.16.840.1.113883.6.1" codeSystemName="LOINC"/>
                                    <statusCode code="completed"/>
                                    <value xsi:type="CE" code="421139008"
                                        codeSystem="2.16.840.1.113883.6.96" codeSystemName="SNOMED"
                                        displayName="No Longer Active">
                                        <originalText>Expired - </originalText>
                                    </value>
                                </observation>
                            </entryRelationship>
                            <entryRelationship typeCode="SUBJ" inversionInd="true">
                                <act classCode="ACT" moodCode="INT">
                                    <templateId root="2.16.840.1.113883.10.20.1.49"/>
                                    <templateId root="1.3.6.1.4.1.19376.1.5.3.1.4.3"/>
                                    <code code="PINSTRUCT" codeSystem="1.3.6.1.4.1.19376.1.5.3.2"
                                        codeSystemName="IHEActCode"/>
                                    <text>
                                        <reference
                                            value="#ref_dbfb9d27bdf043fea841945d36ab8d72_medication_comments_1"
                                        />
                                    </text>
                                    <statusCode code="completed"/>
                                </act>
                            </entryRelationship>
                        </substanceAdministration>
                    </entry>
                </section>
            </component>
            <component>
                <section classCode="DOCSECT" moodCode="EVN">
                    <templateId root="2.16.840.1.113883.10.20.22.2.2.1"/>
                    <id root="2.16.840.1.113883.3.441.1.50.300011.51.26789.60"
                        extension="45ae4fc6871949ed"/>
                    <code code="11369-6" displayName="History of immunizations"
                        codeSystem="2.16.840.1.113883.6.1" codeSystemName="LOINC"/>
                    <title>History Of Immunizations</title>
                    <text mediaType="text/x-hl7-text+xml">
                        <table  width="100%">
							<thead>
								<tr>
									<th>Vaccine</th>
									<th>Date</th>
									<th>Status</th>
								</tr>
							</thead>
                            <tbody>
                                <tr>
									<td>HPV</td>
									<td>Sept 5, 2007</td>
									<td>Completed</td>
								</tr>
			<tr>
									<td>PCV13</td>
									<td>Confirmed, childhood</td>
									<td>Completed</td>
								</tr>
			<tr>
									<td>Varicella</td>
									<td>Confirmed, childhood</td>
									<td>Completed</td>
								</tr>
								<tr>
									<td>Tetanus/Diptheria</td>
									<td>Jun 20, 2014</td>
									<td>Completed</td>
								</tr>
							
				
							</tbody>
						</table>
                    </text>
                    <entry>
                        <substanceAdministration classCode="SBADM" moodCode="EVN"
                            negationInd="false">
                            <templateId root="2.16.840.1.113883.10.20.22.4.52"/>
                            <id root="2.16.840.1.113883.3.441.1.50.300011.51.26789.60"
                                extension="1222"/>
                            <code code="IMMUNIZ" codeSystem="2.16.840.1.113883.5.4"
                                codeSystemName="ActCode"/>
                            <text>
                                <reference
                                    value="#ref_cbd396c39a37479e9316c399ebbee4bc_immunization_name_1"
                                />
                            </text>
                            <statusCode code="completed"/>
                            <effectiveTime value="20130121000000"/>
                            <routeCode nullFlavor="NA"/>
                            <approachSiteCode nullFlavor="NA"/>
                            <doseQuantity value=".5"/>
                            <consumable typeCode="CSM">
                                <manufacturedProduct classCode="MANU">
                                    <templateId root="2.16.840.1.113883.10.20.22.4.54"/>
                                    <manufacturedMaterial classCode="MMAT">
                                        <code code="998" displayName="no vaccine administered"
                                            codeSystem="2.16.840.1.113883.12.292"
                                            codeSystemName="CVX">
                                            <originalText>
                                                <reference
                                                  value="#ref_cbd396c39a37479e9316c399ebbee4bc_immunization_name_1"
                                                />
                                            </originalText>
                                        </code>
                                        <name nullFlavor="UNK"/>
                                        <lotNumberText>wewreq5555</lotNumberText>
                                    </manufacturedMaterial>
                                </manufacturedProduct>
                            </consumable>
                            <performer>
                                <assignedEntity>
                                    <id root="2.16.840.1.113883.3.441"
                                        extension="7c05b7cb915c4c2db957e419fec1eb05"/>
                                    <addr>
                                        <streetAddressLine>1234 test</streetAddressLine>
                                        <streetAddressLine nullFlavor="UNK"/>
                                        <city>Norcross</city>
                                        <state>GA</state>
                                        <postalCode>30091</postalCode>
                                        <country>United States</country>
                                    </addr>
                                    <telecom value="770-888-3333"/>
                                    <assignedPerson>
                                        <name>
                                            <given>Mike</given>
                                            <family>Hardy</family>
                                        </name>
                                    </assignedPerson>
                                    <representedOrganization>
                                        <id root="2.16.840.1.113883.3.441"
                                            extension="f9d6253fcd01471298387008a554fa5b"/>
                                        <name nullFlavor="UNK"/>
                                        <telecom use="WP" value="770-888-3333"/>
                                        <addr>
                                            <streetAddressLine>1234 test</streetAddressLine>
                                            <streetAddressLine nullFlavor="UNK"/>
                                            <city>Norcross</city>
                                            <state>GA</state>
                                            <postalCode>30091</postalCode>
                                            <country>United States</country>
                                        </addr>
                                    </representedOrganization>
                                </assignedEntity>
                            </performer>
                        </substanceAdministration>
                    </entry>
                    <entry>
                        <substanceAdministration classCode="SBADM" moodCode="EVN"
                            negationInd="false">
                            <templateId root="2.16.840.1.113883.10.20.22.4.52"/>
                            <id root="2.16.840.1.113883.3.441.1.50.300011.51.26789.60"
                                extension="1223"/>
                            <code code="IMMUNIZ" codeSystem="2.16.840.1.113883.5.4"
                                codeSystemName="ActCode"/>
                            <text>
                                <reference
                                    value="#ref_cbd396c39a37479e9316c399ebbee4bc_immunization_name_2"
                                />
                            </text>
                            <statusCode code="completed"/>
                            <effectiveTime value="20130121000000"/>
                            <routeCode nullFlavor="NA"/>
                            <approachSiteCode nullFlavor="NA"/>
                            <doseQuantity value=".5"/>
                            <consumable typeCode="CSM">
                                <manufacturedProduct classCode="MANU">
                                    <templateId root="2.16.840.1.113883.10.20.22.4.54"/>
                                    <manufacturedMaterial classCode="MMAT">
                                        <code code="88" displayName="influenza, NOS"
                                            codeSystem="2.16.840.1.113883.12.292"
                                            codeSystemName="CVX">
                                            <originalText>
                                                <reference
                                                  value="#ref_cbd396c39a37479e9316c399ebbee4bc_immunization_name_2"
                                                />
                                            </originalText>
                                        </code>
                                        <name nullFlavor="UNK"/>
                                        <lotNumberText>r354gbdds</lotNumberText>
                                    </manufacturedMaterial>
                                </manufacturedProduct>
                            </consumable>
                            <performer>
                                <assignedEntity>
                                    <id root="2.16.840.1.113883.3.441"
                                        extension="4be28e47fa824c9bba320d95e5621ae9"/>
                                    <addr>
                                        <streetAddressLine>1234 test</streetAddressLine>
                                        <streetAddressLine nullFlavor="UNK"/>
                                        <city>Norcross</city>
                                        <state>GA</state>
                                        <postalCode>30091</postalCode>
                                        <country>United States</country>
                                    </addr>
                                    <telecom value="770-888-3333"/>
                                    <assignedPerson>
                                        <name>
                                            <given>Mike</given>
                                            <family>Hardy</family>
                                        </name>
                                    </assignedPerson>
                                    <representedOrganization>
                                        <id root="2.16.840.1.113883.3.441"
                                            extension="80c3fc4e7ff64a4789421768a2f6acff"/>
                                        <name nullFlavor="UNK"/>
                                        <telecom use="WP" value="770-888-3333"/>
                                        <addr>
                                            <streetAddressLine>1234 test</streetAddressLine>
                                            <streetAddressLine nullFlavor="UNK"/>
                                            <city>Norcross</city>
                                            <state>GA</state>
                                            <postalCode>30091</postalCode>
                                            <country>United States</country>
                                        </addr>
                                    </representedOrganization>
                                </assignedEntity>
                            </performer>
                        </substanceAdministration>
                    </entry>
                </section>
            </component>
            <component>
                <section classCode="DOCSECT" moodCode="EVN">
                    <templateId root="2.16.840.1.113883.10.20.22.2.3.1"/>
                    <id root="2.16.840.1.113883.3.441.1.50.300011.51.26789.54"
                        extension="ce4080388a95474c"/>
                    <code code="30954-2"
                        displayName="Relevant diagnostic tests and/or laboratory data"
                        codeSystem="2.16.840.1.113883.6.1" codeSystemName="LOINC"/>
                    <title>Results Summary</title>
                    <text mediaType="text/x-hl7-text+xml">
                        <table  width="100%">
							<thead>
                                <tr >
									<th align="left">Thyroid Stimulating Hormone 12/10/2015</th>
								</tr>
								</thead>
							<tbody>
                                <tr>
									<th  align="right">Component </th>
									<th >Value</th>
									<th >Ref Range</th>
                                    <th >Units</th>
							     </tr>
							
				
								<tr>
									<th  align="left"> TSH </th>
									<td>1.27</td>
									<td>0.4-4.00</td>
                                    <td>mIU/L</td>
								</tr>
                            </tbody>
                        </table><br/>
    <br/>
     <table  width="100%">
							<thead>
                                <tr >
									<th align="left">Grouping and Rh, Blood<br/> 11/17/2015</th>
								</tr>
								</thead>
							<tbody>
                                <tr>
									<th  align="right">Component </th>
									<th >Value</th>
									<th >Ref Range</th>
                                    <th >Units</th>
							     </tr>
							
				
								<tr>
									<th  align="left"> Grouping </th>
									<td>A</td>
									<td></td>
                                    <td></td>
								</tr>
                                <tr>
									<th  align="left"> RH </th>
									<td>Positive</td>
									<td></td>
                                    <td></td>
								</tr>
                            </tbody>
                        </table><br/>
         <table  width="100%">
							<thead>
                                <tr >
									<th align="left">Blood Group Antibody Screen<br/> 11/17/2015</th>
								</tr>
								</thead>
							<tbody>
                                <tr>
									<th  align="right">Component </th>
									<th >Value</th>
									<th >Ref Range</th>
                                    <th >Units</th>
							     </tr>
							
				
								<tr>
									<th  align="left">  Blood Group Ab Screen</th>
									<td>Negative</td>
									<td></td>
                                    <td></td>
								</tr>
                               
                            </tbody>
                        </table><br/>
    <table  width="100%">
							<thead>
                                <tr >
									<th align="left">Prenatal Hepatitis Evaluation<br/> 11/17/2015</th>
								</tr>
								</thead>
							<tbody>
                                <tr>
									<th  align="right">Component </th>
									<th >Value</th>
									<th >Ref Range</th>
                                    <th >Units</th>
							     </tr>
							
				
								<tr>
									<th  align="left"> HBs Antigen, S </th>
									<td>Negative</td>
									<td></td>
                                    <td></td>
								</tr>
                            
                            </tbody>
                        </table><br/>
    <table  width="100%">
							<thead>
                                <tr >
									<th align="left">HIV Screen<br/> 11/17/2015</th>
								</tr>
								</thead>
							<tbody>
                                <tr>
									<th  align="right">Component </th>
									<th >Value</th>
									<th >Ref Range</th>
                                    <th >Units</th>
							     </tr>
							
				
								<tr>
									<th  align="left"> HIV 1+2 Ag/Ab Combo, S </th>
									<td>Negative</td>
									<td>Negative</td>
                                    <td></td>
								</tr>
                            </tbody>
                        </table><br/>
     <table  width="100%">
							<thead>
                                <tr >
									<th align="left">RPR Test <br/> 11/17/2015</th>
								</tr>
								</thead>
							<tbody>
                                <tr>
									<th  align="right">Component </th>
									<th >Value</th>
									<th >Ref Range</th>
                                    <th >Units</th>
							     </tr>
							
				
								<tr>
									<th  align="left"> RPR </th>
									<td>Non-reactive</td>
									<td></td>
                                    <td></td>
								</tr>
                            </tbody>
                        </table><br/>
     <table  width="100%">
							<thead>
                                <tr >
									<th align="left">Rubella Virus<br/> 11/17/2015</th>
								</tr>
								</thead>
							<tbody>
                                <tr>
									<th  align="right">Component </th>
									<th >Value</th>
									<th >Ref Range</th>
                                    <th >Units</th>
							     </tr>
							
				
								
                                <tr>
									<th  align="left"> Rubella Virus Ab, IgG </th>
									<td>192</td>
									<td>>5.0</td>
                                    <td>IU/ml</td>
								</tr>
                                
                            </tbody>
                        </table><br/>
   
		 <table  width="100%">
							<thead>
                                <tr >
									<th align="left">Hemoglobin A1C <br/> 11/17/2015</th>
								</tr>
								</thead>
							<tbody>
                                <tr>
									<th  align="right">Component </th>
									<th >Value</th>
									<th >Ref Range</th>
                                    <th >Units</th>
							     </tr>
							
				
								
                                <tr>
									<th  align="left"> Hemoglobin A1C </th>
									<td>5.1</td>
									<td>4.0 - 6.0</td>
                                    <td>%</td>
								</tr>
                                
                            </tbody>
                        </table><br/>
				        <table width="100%">
							<thead>
                                <tr>
                                    <th align="left">CBC with Differential 12/10/2015</th>
								</tr>
                                </thead>
							<tbody>
                                <tr>
									<th  align="right">Component </th>
									<th >Value</th>
									<th >Ref Range</th>
                                    <th >Units</th>
							     </tr>
								<tr>
									<th align="left">Hemoglobin</th>
									<td>13.7</td>
									<td>12.0 - 15.5 </td>
                                    <td>g/dL </td>
								</tr>
								<tr>
									<th align="left"> Hematocrit</th>
									<td>42.0</td>
									<td>34.9 - 44.5</td>
                                    <td>%</td>
                                </tr>
                                <tr>
									<th align="left"> Erythrocytes</th>
									<td>4.35</td>
									<td>3.90 - 5.03</td>
                                    <td>x10(12)/L</td>
                                </tr>
                                <tr>
									<th align="left"> MCV</th>
									<td>86.9</td>
									<td>81.6 - 98.3</td>
                                    <td>fL</td>
                                </tr>
                                 <tr>
									<th align="left"> RBC Distrib Width</th>
									<td>15.1</td>
									<td>11.9 - 15.5</td>
                                    <td>%</td>
                                </tr>
                                 <tr>
									<th align="left"> Leukocytes</th>
									<td>6.4</td>
									<td>3.5 - 10.5</td>
                                     <td>x10(9)/L</td>
                                </tr>
                                <tr>
									<th align="left"> Neutrophils</th>
									<td>4.3</td>
									<td>1.70 - 7.00</td>
                                    <td>x10(9)/L</td>
                                </tr>
                                 <tr>
									<th align="left"> Neutrophil %</th>
									<td>81.6</td>
									<td></td>
                                    <td>%</td>
                                </tr>
                                 <tr>
									<th align="left"> Lymphocytes</th>
									<td>1.76</td>
									<td>0.90 - 2.90</td>
                                    <td>x10(9)/L</td>
                                </tr>
                                  <tr>
									<th align="left"> Lymphocytes %</th>
									<td>11.8</td>
									<td></td>
                                    <td>%</td>
                                </tr>
                                <tr>
									<th align="left"> Monocytes</th>
									<td>0.81</td>
									<td>0.2 - 1.0</td>
                                    <td>x10(9)/L</td>
                                </tr>
                                  <tr>
									<th align="left"> Monocytes %</th>
									<td>4.8</td>
									<td></td>
                                    <td>%</td>
                                </tr>
                                <tr>
									<th align="left"> Eosinophils</th>
									<td>0.27</td>
									<td>0.05 - 0.50</td>
                                    <td>x10(9)/L</td>
                                </tr>
                                <tr>
									<th align="left"> Eosinophils %</th>
									<td>1.5</td>
									<td></td>
                                    <td>%</td>
                                </tr>
                                <tr>
									<th align="left"> Basophils</th>
									<td>0.19</td>
									<td>0.00 - 0.30</td>
                                    <td>x10(9)/L</td>
                                </tr>
                                 <tr>
									<th align="left"> Basophils %</th>
									<td>0.3</td>
									<td></td>
                                    <td>%</td>
                                </tr>
                                <tr>
									<th align="left"> Platelet Count</th>
									<td>189</td>
									<td>150 - 450</td>
                                    <td>x10(9)/L</td>
                                </tr>
                            </tbody>
    </table><br/>
    			        <table width="100%">
							<thead>
                                <tr >
                                    <th align="left">Urinalysis 12/10/2015</th>
								</tr>
                                </thead>
							<tbody>
                                <tr>
									<th  align="right">Component </th>
									<th >Value</th>
									<th >Ref Range</th>
                                    <th >Units</th>
							     </tr>
								<tr>
									<th align="left">Color</th>
									<td>Yellow</td>
									<td>Yellow </td>
                                    <td></td>
								</tr>
								<tr>
									<th align="left"> Appearance</th>
									<td>Clear</td>
									<td>Clear</td>
                                    <td></td>
                                </tr>
                                <tr>
									<th align="left"> Glucose</th>
									<td>Negative</td>
									<td>Negative</td>
                                    <td></td>
                                </tr>
                                <tr>
									<th align="left"> Bilirubin</th>
									<td>Negative</td>
									<td>Negative</td>
                                    <td></td>
                                </tr>
                                 <tr>
									<th align="left"> Keytone</th>
									<td>Negative</td>
									<td>Negative</td>
                                    <td></td>
                                </tr>
                                 <tr>
									<th align="left"> Specific Gravity</th>
									<td>1.029</td>
									<td>1.003 - 1.035</td>
                                     <td></td>
                                </tr>
                                <tr>
									<th align="left"> Blood</th>
									<td>Negative</td>
									<td>Negative</td>
                                    <td></td>
                                </tr>
                                 <tr>
									<th align="left"> PH</th>
									<td>6.10</td>
									<td>5.0 - 8.0</td>
                                    <td></td>
                                </tr>
                                <tr>
									<th align="left"> Protein</th>
									<td>Negative</td>
									<td>Negative</td>
                                    <td></td>
                                </tr>
                                <tr>
									<th align="left"> Urobilinogen</th>
									<td>0.29</td>
									<td>0.1 - 1.0</td>
                                    <td>mg/dL</td>
                                </tr>
                                <tr>
									<th align="left"> Nitrite</th>
									<td>Negative</td>
									<td>Negative</td>
                                    <td></td>
                                </tr>
                                <tr>
									<th align="left"> Leuk Esterase</th>
									<td>Negative</td>
									<td>Negative</td>
                                    <td></td>
                                </tr>
                            </tbody>
    </table>
         <table  width="100%">
							<thead>
                                <tr >
									<th align="left">Urine Culture <br/> 12/14/2015</th>
								</tr>
								</thead>
							<tbody>
                                <tr>
									<th  align="right">Component </th>
									<th >Value</th>
									<th >Ref Range</th>
                                    <th >Units</th>
							     </tr>
							
				
								
                                <tr>
									<th  align="left"> Urine Culture </th>
									<td>Mixed growth isolated - Probable contamination</td>
									<td></td>
                                    <td></td>
								</tr>
                                
                            </tbody>
                        </table>
                    </text>
                    <entry>
                        <organizer classCode="BATTERY" moodCode="EVN">
                            <templateId root="2.16.840.1.113883.10.20.22.4.1"/>
                            <id root="2.16.840.1.113883.3.441.1.50.300011.51.26789.54"
                                extension="2797"/>
                            <code nullFlavor="NA"/>
                            <statusCode code="completed"/>
                            <effectiveTime value="20130121161237"/>
                            <component>
                                <observation classCode="OBS" moodCode="EVN">
                                    <templateId root="2.16.840.1.113883.10.20.22.4.2"/>
                                    <id root="2.16.840.1.113883.3.441.1.50.300011.51.26789.54"
                                        extension="2797"/>
                                    <code code="718-7" displayName="Hgb Bld-mCnc"
                                        codeSystem="2.16.840.1.113883.6.1" codeSystemName="LOINC"/>
                                    <text>
                                        <reference
                                            value="#ref_37f372a3149445a0a20cd8888c749088_results_result_1_1"
                                        />
                                    </text>
                                    <statusCode code="completed"/>
                                    <effectiveTime value="20130121161237"/>
                                    <value xsi:type="PQ" value="13.40" unit="g/dL"/>
                                    <interpretationCode nullFlavor="NA"/>
                                </observation>
                            </component>
                        </organizer>
                    </entry>
                    <entry>
                        <organizer classCode="BATTERY" moodCode="EVN">
                            <templateId root="2.16.840.1.113883.10.20.22.4.1"/>
                            <id root="2.16.840.1.113883.3.441.1.50.300011.51.26789.54"
                                extension="2798"/>
                            <code nullFlavor="NA"/>
                            <statusCode code="completed"/>
                            <effectiveTime value="20130121161237"/>
                            <component>
                                <observation classCode="OBS" moodCode="EVN">
                                    <templateId root="2.16.840.1.113883.10.20.22.4.2"/>
                                    <id root="2.16.840.1.113883.3.441.1.50.300011.51.26789.54"
                                        extension="2798"/>
                                    <code code="4544-3" displayName="Hct Fr Bld Auto"
                                        codeSystem="2.16.840.1.113883.6.1" codeSystemName="LOINC"/>
                                    <text>
                                        <reference
                                            value="#ref_37f372a3149445a0a20cd8888c749088_results_result_1_2"
                                        />
                                    </text>
                                    <statusCode code="completed"/>
                                    <effectiveTime value="20130121161237"/>
                                    <value xsi:type="PQ" value="46.0" unit="%"/>
                                    <interpretationCode nullFlavor="NA"/>
                                </observation>
                            </component>
                        </organizer>
                    </entry>
                    <entry>
                        <organizer classCode="BATTERY" moodCode="EVN">
                            <templateId root="2.16.840.1.113883.10.20.22.4.1"/>
                            <id root="2.16.840.1.113883.3.441.1.50.300011.51.26789.54"
                                extension="2799"/>
                            <code nullFlavor="NA"/>
                            <statusCode code="completed"/>
                            <effectiveTime value="20130121161237"/>
                            <component>
                                <observation classCode="OBS" moodCode="EVN">
                                    <templateId root="2.16.840.1.113883.10.20.22.4.2"/>
                                    <id root="2.16.840.1.113883.3.441.1.50.300011.51.26789.54"
                                        extension="2799"/>
                                    <code code="6690-2" displayName="WBC # Bld Auto"
                                        codeSystem="2.16.840.1.113883.6.1" codeSystemName="LOINC"/>
                                    <text>
                                        <reference
                                            value="#ref_37f372a3149445a0a20cd8888c749088_results_result_1_3"
                                        />
                                    </text>
                                    <statusCode code="completed"/>
                                    <effectiveTime value="20130121161237"/>
                                    <value xsi:type="PQ" value="12.50" unit="x10E3/uL"/>
                                    <interpretationCode nullFlavor="NA"/>
                                </observation>
                            </component>
                        </organizer>
                    </entry>
                    <entry>
                        <organizer classCode="BATTERY" moodCode="EVN">
                            <templateId root="2.16.840.1.113883.10.20.22.4.1"/>
                            <id root="2.16.840.1.113883.3.441.1.50.300011.51.26789.54"
                                extension="2800"/>
                            <code nullFlavor="NA"/>
                            <statusCode code="completed"/>
                            <effectiveTime value="20130121161237"/>
                            <component>
                                <observation classCode="OBS" moodCode="EVN">
                                    <templateId root="2.16.840.1.113883.10.20.22.4.2"/>
                                    <id root="2.16.840.1.113883.3.441.1.50.300011.51.26789.54"
                                        extension="2800"/>
                                    <code code="777-3" displayName="Platelet # Bld Auto"
                                        codeSystem="2.16.840.1.113883.6.1" codeSystemName="LOINC"/>
                                    <text>
                                        <reference
                                            value="#ref_37f372a3149445a0a20cd8888c749088_results_result_1_4"
                                        />
                                    </text>
                                    <statusCode code="completed"/>
                                    <effectiveTime value="20130121161237"/>
                                    <value xsi:type="PQ" value="296.0" unit="x10E3/uL"/>
                                    <interpretationCode nullFlavor="NA"/>
                                </observation>
                            </component>
                        </organizer>
                    </entry>
                </section>
            </component>
            <component>
                <section classCode="DOCSECT" moodCode="EVN">
                    <templateId root="2.16.840.1.113883.10.20.22.2.17"/>
                    <id root="2.16.840.1.113883.3.441.1.50.300011.51.26789.68"
                        extension="e3a25373d9b54d59"/>
                    <code code="29762-2" displayName="Social history"
                        codeSystem="2.16.840.1.113883.6.1" codeSystemName="LOINC"/>
                    <title>Social History</title>
                    <text mediaType="text/x-hl7-text+xml">
                        <table  width="100%">
							<thead>
								<tr>
									<th>Social History Element</th>
									<th>Description</th>
								</tr>
							</thead>
							<tbody>
								<tr>
									<td>Tobacco use</td>
									<td>Never Smoked</td>
								</tr>
								
								<tr>
									<td>Alcohol use</td>
									<td>No</td>
								</tr>
								<tr>
									<td>Caffeine use (drinks/day)</td>
									<td>&lt;0</td>
								</tr>
								<tr>
									<td>Exercise (hours/week)</td>
									<td>6</td>
								</tr>
                                <tr>
									<td>Life Style</td>
									<td>Active - exercises regularly</td>
								</tr>
								<tr>
									<td>Sun exposure</td>
									<td>Moderate
                                    </td>
								</tr>
                                
								
							</tbody>
						</table>
                    </text>
                    <entry>
                        <observation classCode="OBS" moodCode="EVN">
                            <templateId root="2.16.840.1.113883.10.20.22.4.78"/>
                            <id root="2.16.840.1.113883.3.441.1.50.300011.51.26789.68"
                                extension="1310"/>
                            <code code="ASSERTION" codeSystem="2.16.840.1.113883.5.4"/>
                            <text>Tobacco<reference
                                    value="ref_9ca3615f720f48f9ae4bf4e19d2aa793_socialHistory_name_1"
                                /></text>
                            <statusCode code="completed"/>
                            <effectiveTime>
                                <low value="19000101000000"/>
                            </effectiveTime>
                            <value xsi:type="CD" code="428041000124106"
                                codeSystem="2.16.840.1.113883.6.96" codeSystemName="SNOMED CT"
                                displayName="Current some day smoker"/>
                            <entryRelationship typeCode="REFR">
                                <observation classCode="OBS" moodCode="EVN">
                                    <templateId root="2.16.840.1.113883.10.20.1.56"/>
                                    <code code="33999-4" displayName="Status"
                                        codeSystem="2.16.840.1.113883.6.1" codeSystemName="LOINC"/>
                                    <statusCode code="completed"/>
                                    <value xsi:type="CD" code="55561003"
                                        codeSystem="2.16.840.1.113883.6.96" displayName="active"/>
                                </observation>
                            </entryRelationship>
                        </observation>
                    </entry>
                </section>
            </component>
            <component>
                <section classCode="DOCSECT" moodCode="EVN">
                    <templateId root="2.16.840.1.113883.10.20.22.2.5.1"/>
                    <id root="2.16.840.1.113883.3.441.1.50.300011.51.26789.61"
                        extension="8408aca8e3fd4ecb"/>
                    <code code="11450-4" displayName="Problem list"
                        codeSystem="2.16.840.1.113883.6.1" codeSystemName="LOINC"/>
                    <title>Problem List</title>
                    <text mediaType="text/x-hl7-text+xml">
                        <table width="100%">
							<thead>
								<tr>
									<th>Condition</th>
									<th>Condition Status</th>
								</tr>
							</thead>
							<tbody>
								
				
								
								<tr>
									<td ID="prob2">Pregnancy</td>
									<td>Active</td>
								</tr>
                                
							</tbody>
						</table>
                    </text>
                    <entry>
                        <act classCode="ACT" moodCode="EVN">
                            <templateId root="2.16.840.1.113883.10.20.22.4.3"/>
                            <id root="2.16.840.1.113883.3.441"
                                extension="daba91ee2a4c4bc7a2a73214deaa3a87"/>
                            <code code="CONC" codeSystem="2.16.840.1.113883.5.6"/>
                            <statusCode code="active"/>
                            <effectiveTime nullFlavor="UNK">
                                <low value="19961217000000"/>
                                <high nullFlavor="UNK"/>
                            </effectiveTime>
                            <entryRelationship typeCode="SUBJ" inversionInd="false">
                                <observation classCode="OBS" moodCode="EVN" negationInd="false">
                                    <templateId root="2.16.840.1.113883.10.20.22.4.4"/>
                                    <id root="2.16.840.1.113883.3.441.1.50.300011.51.26789.61"
                                        extension="1412"/>
                                    <code nullFlavor="NA"/>
                                    <text>Acute Pharyngitis<reference
                                            value="#ref_642546946fd9418090841cbfc0eeef99_problem_name_1"
                                        /></text>
                                    <statusCode code="completed"/>
                                    <effectiveTime nullFlavor="UNK">
                                        <low value="19961217000000"/>
                                        <high nullFlavor="UNK"/>
                                    </effectiveTime>
                                    <value xsi:type="CD" nullFlavor="UNK">
                                        <translation code="363746003"
                                            displayName="Acute Pharyngitis"
                                            codeSystem="2.16.840.1.113883.6.96"
                                            codeSystemName="SNOMED CT">
                                            <originalText>
                                                <reference
                                                  value="#ref_642546946fd9418090841cbfc0eeef99_problem_name_1"
                                                />
                                            </originalText>
                                        </translation>
                                    </value>
                                    <entryRelationship typeCode="REFR" inversionInd="false">
                                        <observation classCode="OBS" moodCode="EVN">
                                            <templateId root="2.16.840.1.113883.10.20.22.4.6"/>
                                            <code code="33999-4" codeSystem="2.16.840.1.113883.6.1"
                                                codeSystemName="SNOMED CT"/>
                                            <text>Active<reference
                                                  value="#ref_642546946fd9418090841cbfc0eeef99_problem_status_1"
                                                /></text>
                                            <statusCode code="completed"/>
                                            <value xsi:type="CD" code="55561003"
                                                codeSystem="2.16.840.1.113883.6.96"
                                                codeSystemName="SNOMED CT" displayName="Active"/>
                                        </observation>
                                    </entryRelationship>
                                </observation>
                            </entryRelationship>
                        </act>
                    </entry>
                    <entry>
                        <act classCode="ACT" moodCode="EVN">
                            <templateId root="2.16.840.1.113883.10.20.22.4.3"/>
                            <id root="2.16.840.1.113883.3.441"
                                extension="8ab81b90cf90416183a01ab2bee276d1"/>
                            <code code="CONC" codeSystem="2.16.840.1.113883.5.6"/>
                            <statusCode code="active"/>
                            <effectiveTime nullFlavor="UNK">
                                <low value="19980812000000"/>
                                <high nullFlavor="UNK"/>
                            </effectiveTime>
                            <entryRelationship typeCode="SUBJ" inversionInd="false">
                                <observation classCode="OBS" moodCode="EVN" negationInd="false">
                                    <templateId root="2.16.840.1.113883.10.20.22.4.4"/>
                                    <id root="2.16.840.1.113883.3.441.1.50.300011.51.26789.61"
                                        extension="1413"/>
                                    <code nullFlavor="NA"/>
                                    <text>Atrial Fibrillation<reference
                                            value="#ref_642546946fd9418090841cbfc0eeef99_problem_name_2"
                                        /></text>
                                    <statusCode code="completed"/>
                                    <effectiveTime nullFlavor="UNK">
                                        <low value="19980812000000"/>
                                        <high nullFlavor="UNK"/>
                                    </effectiveTime>
                                    <value xsi:type="CD" nullFlavor="UNK">
                                        <translation code="49436004"
                                            displayName="Atrial Fibrillation"
                                            codeSystem="2.16.840.1.113883.6.96"
                                            codeSystemName="SNOMED CT">
                                            <originalText>
                                                <reference
                                                  value="#ref_642546946fd9418090841cbfc0eeef99_problem_name_2"
                                                />
                                            </originalText>
                                        </translation>
                                    </value>
                                    <entryRelationship typeCode="REFR" inversionInd="false">
                                        <observation classCode="OBS" moodCode="EVN">
                                            <templateId root="2.16.840.1.113883.10.20.22.4.6"/>
                                            <code code="33999-4" codeSystem="2.16.840.1.113883.6.1"
                                                codeSystemName="SNOMED CT"/>
                                            <text>Active<reference
                                                  value="#ref_642546946fd9418090841cbfc0eeef99_problem_status_2"
                                                /></text>
                                            <statusCode code="completed"/>
                                            <value xsi:type="CD" code="55561003"
                                                codeSystem="2.16.840.1.113883.6.96"
                                                codeSystemName="SNOMED CT" displayName="Active"/>
                                        </observation>
                                    </entryRelationship>
                                </observation>
                            </entryRelationship>
                        </act>
                    </entry>
                    <entry>
                        <act classCode="ACT" moodCode="EVN">
                            <templateId root="2.16.840.1.113883.10.20.22.4.3"/>
                            <id root="2.16.840.1.113883.3.441"
                                extension="dc69ad1bb907457790cfcd204f12622c"/>
                            <code code="CONC" codeSystem="2.16.840.1.113883.5.6"/>
                            <statusCode code="active"/>
                            <effectiveTime nullFlavor="UNK">
                                <low value="20130118000000"/>
                                <high nullFlavor="UNK"/>
                            </effectiveTime>
                            <entryRelationship typeCode="SUBJ" inversionInd="false">
                                <observation classCode="OBS" moodCode="EVN" negationInd="false">
                                    <templateId root="2.16.840.1.113883.10.20.22.4.4"/>
                                    <id root="2.16.840.1.113883.3.441.1.50.300011.51.26789.61"
                                        extension="1414"/>
                                    <code nullFlavor="NA"/>
                                    <text>Flu like illness<reference
                                            value="#ref_642546946fd9418090841cbfc0eeef99_problem_name_3"
                                        /></text>
                                    <statusCode code="completed"/>
                                    <effectiveTime nullFlavor="UNK">
                                        <low value="20130118000000"/>
                                        <high nullFlavor="UNK"/>
                                    </effectiveTime>
                                    <value xsi:type="CD" nullFlavor="UNK">
                                        <translation code="34014006" displayName="Flu like illness"
                                            codeSystem="2.16.840.1.113883.6.96"
                                            codeSystemName="SNOMED CT">
                                            <originalText>
                                                <reference
                                                  value="#ref_642546946fd9418090841cbfc0eeef99_problem_name_3"
                                                />
                                            </originalText>
                                        </translation>
                                    </value>
                                    <entryRelationship typeCode="REFR" inversionInd="false">
                                        <observation classCode="OBS" moodCode="EVN">
                                            <templateId root="2.16.840.1.113883.10.20.22.4.6"/>
                                            <code code="33999-4" codeSystem="2.16.840.1.113883.6.1"
                                                codeSystemName="SNOMED CT"/>
                                            <text>Active<reference
                                                  value="#ref_642546946fd9418090841cbfc0eeef99_problem_status_3"
                                                /></text>
                                            <statusCode code="completed"/>
                                            <value xsi:type="CD" code="55561003"
                                                codeSystem="2.16.840.1.113883.6.96"
                                                codeSystemName="SNOMED CT" displayName="Active"/>
                                        </observation>
                                    </entryRelationship>
                                </observation>
                            </entryRelationship>
                        </act>
                    </entry>
                </section>
            </component>
        </structuredBody>
    </component>
</ClinicalDocument>
