<?xml version="1.0" encoding="UTF-8" standalone="yes"?>
<c:chartSpace xmlns:c="http://schemas.openxmlformats.org/drawingml/2006/chart" xmlns:a="http://schemas.openxmlformats.org/drawingml/2006/main" xmlns:r="http://schemas.openxmlformats.org/officeDocument/2006/relationships">
  <c:date1904 val="0"/>
  <c:lang val="en-US"/>
  <c:roundedCorners val="0"/>
  <mc:AlternateContent xmlns:mc="http://schemas.openxmlformats.org/markup-compatibility/2006">
    <mc:Choice xmlns:c14="http://schemas.microsoft.com/office/drawing/2007/8/2/chart" Requires="c14">
      <c14:style val="118"/>
    </mc:Choice>
    <mc:Fallback>
      <c:style val="18"/>
    </mc:Fallback>
  </mc:AlternateContent>
  <c:chart>
    <c:autoTitleDeleted val="0"/>
    <c:plotArea>
      <c:layout/>
      <c:barChart>
        <c:barDir val="bar"/>
        <c:grouping val="clustered"/>
        <c:varyColors val="0"/>
        <c:ser>
          <c:idx val="0"/>
          <c:order val="0"/>
          <c:tx>
            <c:strRef>
              <c:f>Sheet1!$B$1</c:f>
              <c:strCache>
                <c:ptCount val="1"/>
                <c:pt idx="0">
                  <c:v>Series 1</c:v>
                </c:pt>
              </c:strCache>
            </c:strRef>
          </c:tx>
          <c:invertIfNegative val="0"/>
          <c:cat>
            <c:strRef>
              <c:f>Sheet1!$A$2:$A$3</c:f>
              <c:strCache>
                <c:ptCount val="2"/>
                <c:pt idx="0">
                  <c:v>Category 1</c:v>
                </c:pt>
                <c:pt idx="1">
                  <c:v>Category 2</c:v>
                </c:pt>
              </c:strCache>
            </c:strRef>
          </c:cat>
          <c:val>
            <c:numRef>
              <c:f>Sheet1!$B$2:$B$3</c:f>
              <c:numCache>
                <c:formatCode>General</c:formatCode>
                <c:ptCount val="2"/>
                <c:pt idx="0">
                  <c:v>1.0</c:v>
                </c:pt>
                <c:pt idx="1">
                  <c:v>6.0</c:v>
                </c:pt>
              </c:numCache>
            </c:numRef>
          </c:val>
        </c:ser>
        <c:ser>
          <c:idx val="1"/>
          <c:order val="1"/>
          <c:tx>
            <c:strRef>
              <c:f>Sheet1!$C$1</c:f>
              <c:strCache>
                <c:ptCount val="1"/>
                <c:pt idx="0">
                  <c:v>Series 2</c:v>
                </c:pt>
              </c:strCache>
            </c:strRef>
          </c:tx>
          <c:invertIfNegative val="0"/>
          <c:cat>
            <c:strRef>
              <c:f>Sheet1!$A$2:$A$3</c:f>
              <c:strCache>
                <c:ptCount val="2"/>
                <c:pt idx="0">
                  <c:v>Category 1</c:v>
                </c:pt>
                <c:pt idx="1">
                  <c:v>Category 2</c:v>
                </c:pt>
              </c:strCache>
            </c:strRef>
          </c:cat>
          <c:val>
            <c:numRef>
              <c:f>Sheet1!$C$2:$C$3</c:f>
              <c:numCache>
                <c:formatCode>General</c:formatCode>
                <c:ptCount val="2"/>
                <c:pt idx="0">
                  <c:v>2.0</c:v>
                </c:pt>
                <c:pt idx="1">
                  <c:v>5.0</c:v>
                </c:pt>
              </c:numCache>
            </c:numRef>
          </c:val>
        </c:ser>
        <c:ser>
          <c:idx val="2"/>
          <c:order val="2"/>
          <c:tx>
            <c:strRef>
              <c:f>Sheet1!$D$1</c:f>
              <c:strCache>
                <c:ptCount val="1"/>
                <c:pt idx="0">
                  <c:v>Series 3</c:v>
                </c:pt>
              </c:strCache>
            </c:strRef>
          </c:tx>
          <c:invertIfNegative val="0"/>
          <c:cat>
            <c:strRef>
              <c:f>Sheet1!$A$2:$A$3</c:f>
              <c:strCache>
                <c:ptCount val="2"/>
                <c:pt idx="0">
                  <c:v>Category 1</c:v>
                </c:pt>
                <c:pt idx="1">
                  <c:v>Category 2</c:v>
                </c:pt>
              </c:strCache>
            </c:strRef>
          </c:cat>
          <c:val>
            <c:numRef>
              <c:f>Sheet1!$D$2:$D$3</c:f>
              <c:numCache>
                <c:formatCode>General</c:formatCode>
                <c:ptCount val="2"/>
                <c:pt idx="0">
                  <c:v>3.0</c:v>
                </c:pt>
                <c:pt idx="1">
                  <c:v>4.0</c:v>
                </c:pt>
              </c:numCache>
            </c:numRef>
          </c:val>
        </c:ser>
        <c:ser>
          <c:idx val="3"/>
          <c:order val="3"/>
          <c:tx>
            <c:strRef>
              <c:f>Sheet1!$E$1</c:f>
              <c:strCache>
                <c:ptCount val="1"/>
                <c:pt idx="0">
                  <c:v>Series 4</c:v>
                </c:pt>
              </c:strCache>
            </c:strRef>
          </c:tx>
          <c:invertIfNegative val="0"/>
          <c:cat>
            <c:strRef>
              <c:f>Sheet1!$A$2:$A$3</c:f>
              <c:strCache>
                <c:ptCount val="2"/>
                <c:pt idx="0">
                  <c:v>Category 1</c:v>
                </c:pt>
                <c:pt idx="1">
                  <c:v>Category 2</c:v>
                </c:pt>
              </c:strCache>
            </c:strRef>
          </c:cat>
          <c:val>
            <c:numRef>
              <c:f>Sheet1!$E$2:$E$3</c:f>
              <c:numCache>
                <c:formatCode>General</c:formatCode>
                <c:ptCount val="2"/>
                <c:pt idx="0">
                  <c:v>4.0</c:v>
                </c:pt>
                <c:pt idx="1">
                  <c:v>3.0</c:v>
                </c:pt>
              </c:numCache>
            </c:numRef>
          </c:val>
        </c:ser>
        <c:ser>
          <c:idx val="4"/>
          <c:order val="4"/>
          <c:tx>
            <c:strRef>
              <c:f>Sheet1!$F$1</c:f>
              <c:strCache>
                <c:ptCount val="1"/>
                <c:pt idx="0">
                  <c:v>Series 5</c:v>
                </c:pt>
              </c:strCache>
            </c:strRef>
          </c:tx>
          <c:invertIfNegative val="0"/>
          <c:cat>
            <c:strRef>
              <c:f>Sheet1!$A$2:$A$3</c:f>
              <c:strCache>
                <c:ptCount val="2"/>
                <c:pt idx="0">
                  <c:v>Category 1</c:v>
                </c:pt>
                <c:pt idx="1">
                  <c:v>Category 2</c:v>
                </c:pt>
              </c:strCache>
            </c:strRef>
          </c:cat>
          <c:val>
            <c:numRef>
              <c:f>Sheet1!$F$2:$F$3</c:f>
              <c:numCache>
                <c:formatCode>General</c:formatCode>
                <c:ptCount val="2"/>
                <c:pt idx="0">
                  <c:v>5.0</c:v>
                </c:pt>
                <c:pt idx="1">
                  <c:v>2.0</c:v>
                </c:pt>
              </c:numCache>
            </c:numRef>
          </c:val>
        </c:ser>
        <c:ser>
          <c:idx val="5"/>
          <c:order val="5"/>
          <c:tx>
            <c:strRef>
              <c:f>Sheet1!$G$1</c:f>
              <c:strCache>
                <c:ptCount val="1"/>
                <c:pt idx="0">
                  <c:v>Series 6</c:v>
                </c:pt>
              </c:strCache>
            </c:strRef>
          </c:tx>
          <c:invertIfNegative val="0"/>
          <c:cat>
            <c:strRef>
              <c:f>Sheet1!$A$2:$A$3</c:f>
              <c:strCache>
                <c:ptCount val="2"/>
                <c:pt idx="0">
                  <c:v>Category 1</c:v>
                </c:pt>
                <c:pt idx="1">
                  <c:v>Category 2</c:v>
                </c:pt>
              </c:strCache>
            </c:strRef>
          </c:cat>
          <c:val>
            <c:numRef>
              <c:f>Sheet1!$G$2:$G$3</c:f>
              <c:numCache>
                <c:formatCode>General</c:formatCode>
                <c:ptCount val="2"/>
                <c:pt idx="0">
                  <c:v>6.0</c:v>
                </c:pt>
                <c:pt idx="1">
                  <c:v>1.0</c:v>
                </c:pt>
              </c:numCache>
            </c:numRef>
          </c:val>
        </c:ser>
        <c:dLbls>
          <c:showLegendKey val="0"/>
          <c:showVal val="0"/>
          <c:showCatName val="0"/>
          <c:showSerName val="0"/>
          <c:showPercent val="0"/>
          <c:showBubbleSize val="0"/>
        </c:dLbls>
        <c:gapWidth val="150"/>
        <c:axId val="2097865720"/>
        <c:axId val="1784982328"/>
      </c:barChart>
      <c:valAx>
        <c:axId val="1784982328"/>
        <c:scaling>
          <c:orientation val="minMax"/>
        </c:scaling>
        <c:delete val="0"/>
        <c:axPos val="b"/>
        <c:majorGridlines/>
        <c:numFmt formatCode="General" sourceLinked="1"/>
        <c:majorTickMark val="out"/>
        <c:minorTickMark val="none"/>
        <c:tickLblPos val="nextTo"/>
        <c:crossAx val="2097865720"/>
        <c:crosses val="autoZero"/>
        <c:crossBetween val="between"/>
      </c:valAx>
      <c:catAx>
        <c:axId val="2097865720"/>
        <c:scaling>
          <c:orientation val="minMax"/>
        </c:scaling>
        <c:delete val="0"/>
        <c:axPos val="l"/>
        <c:majorTickMark val="out"/>
        <c:minorTickMark val="none"/>
        <c:tickLblPos val="nextTo"/>
        <c:crossAx val="1784982328"/>
        <c:crosses val="autoZero"/>
        <c:auto val="1"/>
        <c:lblAlgn val="ctr"/>
        <c:lblOffset val="100"/>
        <c:noMultiLvlLbl val="0"/>
      </c:catAx>
    </c:plotArea>
    <c:legend>
      <c:legendPos val="r"/>
      <c:layout/>
      <c:overlay val="0"/>
    </c:legend>
    <c:plotVisOnly val="1"/>
    <c:dispBlanksAs val="gap"/>
    <c:showDLblsOverMax val="0"/>
  </c:chart>
  <c:txPr>
    <a:bodyPr/>
    <a:lstStyle/>
    <a:p>
      <a:pPr>
        <a:defRPr sz="1800"/>
      </a:pPr>
      <a:endParaRPr lang="en-US"/>
    </a:p>
  </c:txPr>
  <c:externalData r:id="rId1">
    <c:autoUpdate val="0"/>
  </c:externalData>
</c:chartSpace>
