<?xml version="1.0" encoding="UTF-8" standalone="yes"?>
<c:chartSpace xmlns:c="http://schemas.openxmlformats.org/drawingml/2006/chart" xmlns:a="http://schemas.openxmlformats.org/drawingml/2006/main" xmlns:r="http://schemas.openxmlformats.org/officeDocument/2006/relationships"><c:date1904 val="0"/><c:lang val="en-US"/><c:roundedCorners val="0"/><mc:AlternateContent xmlns:mc="http://schemas.openxmlformats.org/markup-compatibility/2006"><mc:Choice Requires="c14" xmlns:c14="http://schemas.microsoft.com/office/drawing/2007/8/2/chart"><c14:style val="118"/></mc:Choice><mc:Fallback><c:style val="18"/></mc:Fallback></mc:AlternateContent><c:clrMapOvr bg1="lt1" tx1="dk1" bg2="lt2" tx2="dk2" accent1="accent1" accent2="accent2" accent3="accent3" accent4="accent4" accent5="accent5" accent6="accent6" hlink="hlink" folHlink="folHlink"/><c:chart><c:autoTitleDeleted val="0"/><c:plotArea><c:layout/><c:bubbleChart><c:varyColors val="0"/><c:ser><c:idx val="0"/><c:order val="0"/><c:tx><c:strRef><c:f>Sheet1!$B$1</c:f><c:strCache><c:ptCount val="1"/><c:pt idx="0"><c:v>Series 1</c:v></c:pt></c:strCache></c:strRef></c:tx><c:invertIfNegative val="0"/><c:xVal><c:numRef><c:f>Sheet1!$B$2:$G$2</c:f><c:numCache><c:formatCode>General</c:formatCode><c:ptCount val="6"/><c:pt idx="0"><c:v>1.0</c:v></c:pt><c:pt idx="1"><c:v>2.0</c:v></c:pt><c:pt idx="2"><c:v>3.0</c:v></c:pt><c:pt idx="3"><c:v>4.0</c:v></c:pt><c:pt idx="4"><c:v>5.0</c:v></c:pt><c:pt idx="5"><c:v>6.0</c:v></c:pt></c:numCache></c:numRef></c:xVal><c:yVal><c:numRef><c:f>Sheet1!$B$3:$G$3</c:f><c:numCache><c:formatCode>General</c:formatCode><c:ptCount val="6"/><c:pt idx="0"><c:v>6.0</c:v></c:pt><c:pt idx="1"><c:v>5.0</c:v></c:pt><c:pt idx="2"><c:v>4.0</c:v></c:pt><c:pt idx="3"><c:v>3.0</c:v></c:pt><c:pt idx="4"><c:v>2.0</c:v></c:pt><c:pt idx="5"><c:v>1.0</c:v></c:pt></c:numCache></c:numRef></c:yVal><c:bubbleSize><c:numRef><c:f>Sheet1!$B$2:$G$2</c:f><c:numCache><c:formatCode>General</c:formatCode><c:ptCount val="6"/><c:pt idx="0"><c:v>1.0</c:v></c:pt><c:pt idx="1"><c:v>2.0</c:v></c:pt><c:pt idx="2"><c:v>3.0</c:v></c:pt><c:pt idx="3"><c:v>4.0</c:v></c:pt><c:pt idx="4"><c:v>5.0</c:v></c:pt><c:pt idx="5"><c:v>6.0</c:v></c:pt></c:numCache></c:numRef></c:bubbleSize><c:bubble3D val="0"/></c:ser><c:ser><c:idx val="1"/><c:order val="1"/><c:tx><c:strRef><c:f>Sheet1!$C$1</c:f><c:strCache><c:ptCount val="1"/><c:pt idx="0"><c:v>Series 2</c:v></c:pt></c:strCache></c:strRef></c:tx><c:invertIfNegative val="0"/><c:xVal><c:numRef><c:f>(Sheet1!$C$2:$G$2,Sheet1!$B$2)</c:f><c:numCache><c:formatCode>General</c:formatCode><c:ptCount val="6"/><c:pt idx="0"><c:v>2.0</c:v></c:pt><c:pt idx="1"><c:v>3.0</c:v></c:pt><c:pt idx="2"><c:v>4.0</c:v></c:pt><c:pt idx="3"><c:v>5.0</c:v></c:pt><c:pt idx="4"><c:v>6.0</c:v></c:pt><c:pt idx="5"><c:v>1.0</c:v></c:pt></c:numCache></c:numRef></c:xVal><c:yVal><c:numRef><c:f>Sheet1!$B$3:$G$3</c:f><c:numCache><c:formatCode>General</c:formatCode><c:ptCount val="6"/><c:pt idx="0"><c:v>6.0</c:v></c:pt><c:pt idx="1"><c:v>5.0</c:v></c:pt><c:pt idx="2"><c:v>4.0</c:v></c:pt><c:pt idx="3"><c:v>3.0</c:v></c:pt><c:pt idx="4"><c:v>2.0</c:v></c:pt><c:pt idx="5"><c:v>1.0</c:v></c:pt></c:numCache></c:numRef></c:yVal><c:bubbleSize><c:numRef><c:f>Sheet1!$B$2:$G$2</c:f><c:numCache><c:formatCode>General</c:formatCode><c:ptCount val="6"/><c:pt idx="0"><c:v>1.0</c:v></c:pt><c:pt idx="1"><c:v>2.0</c:v></c:pt><c:pt idx="2"><c:v>3.0</c:v></c:pt><c:pt idx="3"><c:v>4.0</c:v></c:pt><c:pt idx="4"><c:v>5.0</c:v></c:pt><c:pt idx="5"><c:v>6.0</c:v></c:pt></c:numCache></c:numRef></c:bubbleSize><c:bubble3D val="0"/></c:ser><c:ser><c:idx val="2"/><c:order val="2"/><c:tx><c:strRef><c:f>Sheet1!$D$1</c:f><c:strCache><c:ptCount val="1"/><c:pt idx="0"><c:v>Series 3</c:v></c:pt></c:strCache></c:strRef></c:tx><c:invertIfNegative val="0"/><c:xVal><c:numRef><c:f>(Sheet1!$D$2:$G$2,Sheet1!$B$2:$C$2)</c:f><c:numCache><c:formatCode>General</c:formatCode><c:ptCount val="6"/><c:pt idx="0"><c:v>3.0</c:v></c:pt><c:pt idx="1"><c:v>4.0</c:v></c:pt><c:pt idx="2"><c:v>5.0</c:v></c:pt><c:pt idx="3"><c:v>6.0</c:v></c:pt><c:pt idx="4"><c:v>1.0</c:v></c:pt><c:pt idx="5"><c:v>2.0</c:v></c:pt></c:numCache></c:numRef></c:xVal><c:yVal><c:numRef><c:f>Sheet1!$B$3:$G$3</c:f><c:numCache><c:formatCode>General</c:formatCode><c:ptCount val="6"/><c:pt idx="0"><c:v>6.0</c:v></c:pt><c:pt idx="1"><c:v>5.0</c:v></c:pt><c:pt idx="2"><c:v>4.0</c:v></c:pt><c:pt idx="3"><c:v>3.0</c:v></c:pt><c:pt idx="4"><c:v>2.0</c:v></c:pt><c:pt idx="5"><c:v>1.0</c:v></c:pt></c:numCache></c:numRef></c:yVal><c:bubbleSize><c:numRef><c:f>Sheet1!$B$2:$G$2</c:f><c:numCache><c:formatCode>General</c:formatCode><c:ptCount val="6"/><c:pt idx="0"><c:v>1.0</c:v></c:pt><c:pt idx="1"><c:v>2.0</c:v></c:pt><c:pt idx="2"><c:v>3.0</c:v></c:pt><c:pt idx="3"><c:v>4.0</c:v></c:pt><c:pt idx="4"><c:v>5.0</c:v></c:pt><c:pt idx="5"><c:v>6.0</c:v></c:pt></c:numCache></c:numRef></c:bubbleSize><c:bubble3D val="0"/></c:ser><c:ser><c:idx val="3"/><c:order val="3"/><c:tx><c:strRef><c:f>Sheet1!$E$1</c:f><c:strCache><c:ptCount val="1"/><c:pt idx="0"><c:v>Series 4</c:v></c:pt></c:strCache></c:strRef></c:tx><c:invertIfNegative val="0"/><c:xVal><c:numRef><c:f>(Sheet1!$E$2:$G$2,Sheet1!$B$2:$D$2)</c:f><c:numCache><c:formatCode>General</c:formatCode><c:ptCount val="6"/><c:pt idx="0"><c:v>4.0</c:v></c:pt><c:pt idx="1"><c:v>5.0</c:v></c:pt><c:pt idx="2"><c:v>6.0</c:v></c:pt><c:pt idx="3"><c:v>1.0</c:v></c:pt><c:pt idx="4"><c:v>2.0</c:v></c:pt><c:pt idx="5"><c:v>3.0</c:v></c:pt></c:numCache></c:numRef></c:xVal><c:yVal><c:numRef><c:f>Sheet1!$B$3:$G$3</c:f><c:numCache><c:formatCode>General</c:formatCode><c:ptCount val="6"/><c:pt idx="0"><c:v>6.0</c:v></c:pt><c:pt idx="1"><c:v>5.0</c:v></c:pt><c:pt idx="2"><c:v>4.0</c:v></c:pt><c:pt idx="3"><c:v>3.0</c:v></c:pt><c:pt idx="4"><c:v>2.0</c:v></c:pt><c:pt idx="5"><c:v>1.0</c:v></c:pt></c:numCache></c:numRef></c:yVal><c:bubbleSize><c:numRef><c:f>Sheet1!$B$2:$G$2</c:f><c:numCache><c:formatCode>General</c:formatCode><c:ptCount val="6"/><c:pt idx="0"><c:v>1.0</c:v></c:pt><c:pt idx="1"><c:v>2.0</c:v></c:pt><c:pt idx="2"><c:v>3.0</c:v></c:pt><c:pt idx="3"><c:v>4.0</c:v></c:pt><c:pt idx="4"><c:v>5.0</c:v></c:pt><c:pt idx="5"><c:v>6.0</c:v></c:pt></c:numCache></c:numRef></c:bubbleSize><c:bubble3D val="0"/></c:ser><c:ser><c:idx val="4"/><c:order val="4"/><c:tx><c:strRef><c:f>Sheet1!$F$1</c:f><c:strCache><c:ptCount val="1"/><c:pt idx="0"><c:v>Series 5</c:v></c:pt></c:strCache></c:strRef></c:tx><c:invertIfNegative val="0"/><c:xVal><c:numRef><c:f>(Sheet1!$F$2:$G$2,Sheet1!$B$2:$E$2)</c:f><c:numCache><c:formatCode>General</c:formatCode><c:ptCount val="6"/><c:pt idx="0"><c:v>5.0</c:v></c:pt><c:pt idx="1"><c:v>6.0</c:v></c:pt><c:pt idx="2"><c:v>1.0</c:v></c:pt><c:pt idx="3"><c:v>2.0</c:v></c:pt><c:pt idx="4"><c:v>3.0</c:v></c:pt><c:pt idx="5"><c:v>4.0</c:v></c:pt></c:numCache></c:numRef></c:xVal><c:yVal><c:numRef><c:f>Sheet1!$B$3:$G$3</c:f><c:numCache><c:formatCode>General</c:formatCode><c:ptCount val="6"/><c:pt idx="0"><c:v>6.0</c:v></c:pt><c:pt idx="1"><c:v>5.0</c:v></c:pt><c:pt idx="2"><c:v>4.0</c:v></c:pt><c:pt idx="3"><c:v>3.0</c:v></c:pt><c:pt idx="4"><c:v>2.0</c:v></c:pt><c:pt idx="5"><c:v>1.0</c:v></c:pt></c:numCache></c:numRef></c:yVal><c:bubbleSize><c:numRef><c:f>Sheet1!$B$2:$G$2</c:f><c:numCache><c:formatCode>General</c:formatCode><c:ptCount val="6"/><c:pt idx="0"><c:v>1.0</c:v></c:pt><c:pt idx="1"><c:v>2.0</c:v></c:pt><c:pt idx="2"><c:v>3.0</c:v></c:pt><c:pt idx="3"><c:v>4.0</c:v></c:pt><c:pt idx="4"><c:v>5.0</c:v></c:pt><c:pt idx="5"><c:v>6.0</c:v></c:pt></c:numCache></c:numRef></c:bubbleSize><c:bubble3D val="0"/></c:ser><c:ser><c:idx val="5"/><c:order val="5"/><c:tx><c:strRef><c:f>Sheet1!$G$1</c:f><c:strCache><c:ptCount val="1"/><c:pt idx="0"><c:v>Series 6</c:v></c:pt></c:strCache></c:strRef></c:tx><c:invertIfNegative val="0"/><c:xVal><c:numRef><c:f>(Sheet1!$G$2,Sheet1!$B$2:$F$2)</c:f><c:numCache><c:formatCode>General</c:formatCode><c:ptCount val="6"/><c:pt idx="0"><c:v>6.0</c:v></c:pt><c:pt idx="1"><c:v>1.0</c:v></c:pt><c:pt idx="2"><c:v>2.0</c:v></c:pt><c:pt idx="3"><c:v>3.0</c:v></c:pt><c:pt idx="4"><c:v>4.0</c:v></c:pt><c:pt idx="5"><c:v>5.0</c:v></c:pt></c:numCache></c:numRef></c:xVal><c:yVal><c:numRef><c:f>Sheet1!$B$3:$G$3</c:f><c:numCache><c:formatCode>General</c:formatCode><c:ptCount val="6"/><c:pt idx="0"><c:v>6.0</c:v></c:pt><c:pt idx="1"><c:v>5.0</c:v></c:pt><c:pt idx="2"><c:v>4.0</c:v></c:pt><c:pt idx="3"><c:v>3.0</c:v></c:pt><c:pt idx="4"><c:v>2.0</c:v></c:pt><c:pt idx="5"><c:v>1.0</c:v></c:pt></c:numCache></c:numRef></c:yVal><c:bubbleSize><c:numRef><c:f>Sheet1!$B$2:$G$2</c:f><c:numCache><c:formatCode>General</c:formatCode><c:ptCount val="6"/><c:pt idx="0"><c:v>1.0</c:v></c:pt><c:pt idx="1"><c:v>2.0</c:v></c:pt><c:pt idx="2"><c:v>3.0</c:v></c:pt><c:pt idx="3"><c:v>4.0</c:v></c:pt><c:pt idx="4"><c:v>5.0</c:v></c:pt><c:pt idx="5"><c:v>6.0</c:v></c:pt></c:numCache></c:numRef></c:bubbleSize><c:bubble3D val="0"/></c:ser><c:dLbls><c:showLegendKey val="0"/><c:showVal val="0"/><c:showCatName val="0"/><c:showSerName val="0"/><c:showPercent val="0"/><c:showBubbleSize val="0"/></c:dLbls><c:bubbleScale val="100"/><c:showNegBubbles val="0"/><c:axId val="-2018382600"/><c:axId val="-2018385592"/></c:bubbleChart><c:valAx><c:axId val="-2018385592"/><c:scaling><c:orientation val="minMax"/></c:scaling><c:delete val="0"/><c:axPos val="l"/><c:majorGridlines/><c:numFmt formatCode="General" sourceLinked="1"/><c:majorTickMark val="out"/><c:minorTickMark val="none"/><c:tickLblPos val="nextTo"/><c:crossAx val="-2018382600"/><c:crosses val="autoZero"/><c:crossBetween val="midCat"/></c:valAx><c:valAx><c:axId val="-2018382600"/><c:scaling><c:orientation val="minMax"/></c:scaling><c:delete val="0"/><c:axPos val="b"/><c:numFmt formatCode="General" sourceLinked="1"/><c:majorTickMark val="out"/><c:minorTickMark val="none"/><c:tickLblPos val="nextTo"/><c:crossAx val="-2018385592"/><c:crosses val="autoZero"/><c:crossBetween val="midCat"/></c:valAx></c:plotArea><c:legend><c:legendPos val="r"/><c:layout/><c:overlay val="0"/></c:legend><c:plotVisOnly val="1"/><c:dispBlanksAs val="gap"/><c:showDLblsOverMax val="0"/></c:chart><c:txPr><a:bodyPr/><a:lstStyle/><a:p><a:pPr><a:defRPr sz="1800"/></a:pPr><a:endParaRPr lang="en-US"/></a:p></c:txPr><c:externalData r:id="rId2"><c:autoUpdate val="0"/></c:externalData></c:chartSpace>