<?xml version="1.0" encoding="UTF-8" standalone="yes"?>
<c:chartSpace xmlns:c="http://schemas.openxmlformats.org/drawingml/2006/chart" xmlns:a="http://schemas.openxmlformats.org/drawingml/2006/main" xmlns:r="http://schemas.openxmlformats.org/officeDocument/2006/relationships">
  <c:date1904 val="0"/>
  <c:lang val="en-US"/>
  <c:roundedCorners val="0"/>
  <mc:AlternateContent xmlns:mc="http://schemas.openxmlformats.org/markup-compatibility/2006">
    <mc:Choice xmlns:c14="http://schemas.microsoft.com/office/drawing/2007/8/2/chart" Requires="c14">
      <c14:style val="118"/>
    </mc:Choice>
    <mc:Fallback>
      <c:style val="18"/>
    </mc:Fallback>
  </mc:AlternateContent>
  <c:chart>
    <c:autoTitleDeleted val="0"/>
    <c:plotArea>
      <c:layout/>
      <c:pieChart>
        <c:varyColors val="1"/>
        <c:ser>
          <c:idx val="0"/>
          <c:order val="0"/>
          <c:val>
            <c:numRef>
              <c:f>Sheet1!$B$2:$G$2</c:f>
              <c:numCache>
                <c:formatCode>General</c:formatCode>
                <c:ptCount val="6"/>
                <c:pt idx="0">
                  <c:v>1.0</c:v>
                </c:pt>
                <c:pt idx="1">
                  <c:v>2.0</c:v>
                </c:pt>
                <c:pt idx="2">
                  <c:v>3.0</c:v>
                </c:pt>
                <c:pt idx="3">
                  <c:v>4.0</c:v>
                </c:pt>
                <c:pt idx="4">
                  <c:v>5.0</c:v>
                </c:pt>
                <c:pt idx="5">
                  <c:v>6.0</c:v>
                </c:pt>
              </c:numCache>
            </c:numRef>
          </c:val>
        </c:ser>
        <c:ser>
          <c:idx val="1"/>
          <c:order val="1"/>
          <c:val>
            <c:numRef>
              <c:f>Sheet1!$B$3:$G$3</c:f>
              <c:numCache>
                <c:formatCode>General</c:formatCode>
                <c:ptCount val="6"/>
                <c:pt idx="0">
                  <c:v>1.0</c:v>
                </c:pt>
                <c:pt idx="1">
                  <c:v>2.0</c:v>
                </c:pt>
                <c:pt idx="2">
                  <c:v>3.0</c:v>
                </c:pt>
                <c:pt idx="3">
                  <c:v>4.0</c:v>
                </c:pt>
                <c:pt idx="4">
                  <c:v>5.0</c:v>
                </c:pt>
                <c:pt idx="5">
                  <c:v>6.0</c:v>
                </c:pt>
              </c:numCache>
            </c:numRef>
          </c:val>
        </c:ser>
        <c:ser>
          <c:idx val="2"/>
          <c:order val="2"/>
          <c:val>
            <c:numRef>
              <c:f>Sheet1!$B$4:$G$4</c:f>
              <c:numCache>
                <c:formatCode>General</c:formatCode>
                <c:ptCount val="6"/>
                <c:pt idx="0">
                  <c:v>1.0</c:v>
                </c:pt>
                <c:pt idx="1">
                  <c:v>2.0</c:v>
                </c:pt>
                <c:pt idx="2">
                  <c:v>3.0</c:v>
                </c:pt>
                <c:pt idx="3">
                  <c:v>4.0</c:v>
                </c:pt>
                <c:pt idx="4">
                  <c:v>5.0</c:v>
                </c:pt>
                <c:pt idx="5">
                  <c:v>6.0</c:v>
                </c:pt>
              </c:numCache>
            </c:numRef>
          </c:val>
        </c:ser>
        <c:ser>
          <c:idx val="3"/>
          <c:order val="3"/>
          <c:val>
            <c:numRef>
              <c:f>Sheet1!$B$5:$G$5</c:f>
              <c:numCache>
                <c:formatCode>General</c:formatCode>
                <c:ptCount val="6"/>
                <c:pt idx="0">
                  <c:v>1.0</c:v>
                </c:pt>
                <c:pt idx="1">
                  <c:v>2.0</c:v>
                </c:pt>
                <c:pt idx="2">
                  <c:v>3.0</c:v>
                </c:pt>
                <c:pt idx="3">
                  <c:v>4.0</c:v>
                </c:pt>
                <c:pt idx="4">
                  <c:v>5.0</c:v>
                </c:pt>
                <c:pt idx="5">
                  <c:v>6.0</c:v>
                </c:pt>
              </c:numCache>
            </c:numRef>
          </c:val>
        </c:ser>
        <c:ser>
          <c:idx val="4"/>
          <c:order val="4"/>
          <c:val>
            <c:numRef>
              <c:f>Sheet1!$B$6:$G$6</c:f>
              <c:numCache>
                <c:formatCode>General</c:formatCode>
                <c:ptCount val="6"/>
                <c:pt idx="0">
                  <c:v>1.0</c:v>
                </c:pt>
                <c:pt idx="1">
                  <c:v>2.0</c:v>
                </c:pt>
                <c:pt idx="2">
                  <c:v>3.0</c:v>
                </c:pt>
                <c:pt idx="3">
                  <c:v>4.0</c:v>
                </c:pt>
                <c:pt idx="4">
                  <c:v>5.0</c:v>
                </c:pt>
                <c:pt idx="5">
                  <c:v>6.0</c:v>
                </c:pt>
              </c:numCache>
            </c:numRef>
          </c:val>
        </c:ser>
        <c:ser>
          <c:idx val="5"/>
          <c:order val="5"/>
          <c:val>
            <c:numRef>
              <c:f>Sheet1!$B$7:$G$7</c:f>
              <c:numCache>
                <c:formatCode>General</c:formatCode>
                <c:ptCount val="6"/>
                <c:pt idx="0">
                  <c:v>1.0</c:v>
                </c:pt>
                <c:pt idx="1">
                  <c:v>2.0</c:v>
                </c:pt>
                <c:pt idx="2">
                  <c:v>3.0</c:v>
                </c:pt>
                <c:pt idx="3">
                  <c:v>4.0</c:v>
                </c:pt>
                <c:pt idx="4">
                  <c:v>5.0</c:v>
                </c:pt>
                <c:pt idx="5">
                  <c:v>6.0</c:v>
                </c:pt>
              </c:numCache>
            </c:numRef>
          </c:val>
        </c:ser>
        <c:dLbls>
          <c:showLegendKey val="0"/>
          <c:showVal val="0"/>
          <c:showCatName val="0"/>
          <c:showSerName val="0"/>
          <c:showPercent val="0"/>
          <c:showBubbleSize val="0"/>
          <c:showLeaderLines val="1"/>
        </c:dLbls>
        <c:firstSliceAng val="0"/>
      </c:pieChart>
    </c:plotArea>
    <c:legend>
      <c:legendPos val="r"/>
      <c:layout/>
      <c:overlay val="0"/>
      <c:txPr>
        <a:bodyPr/>
        <a:lstStyle/>
        <a:p>
          <a:pPr rtl="0">
            <a:defRPr/>
          </a:pPr>
          <a:endParaRPr lang="en-US"/>
        </a:p>
      </c:txPr>
    </c:legend>
    <c:plotVisOnly val="1"/>
    <c:dispBlanksAs val="gap"/>
    <c:showDLblsOverMax val="0"/>
  </c:chart>
  <c:txPr>
    <a:bodyPr/>
    <a:lstStyle/>
    <a:p>
      <a:pPr>
        <a:defRPr sz="1800"/>
      </a:pPr>
      <a:endParaRPr lang="en-US"/>
    </a:p>
  </c:txPr>
  <c:externalData r:id="rId1">
    <c:autoUpdate val="0"/>
  </c:externalData>
</c:chartSpace>
