  <a:tblStyle xmlns:a="http://schemas.openxmlformats.org/drawingml/2006/main" styleId="{0660B408-B3CF-4A94-85FC-2B1E0A45F4A2}" styleName="Dark Style 2 - Accent 1/Accent 2">
    <a:wholeTbl>
      <a:tcTxStyle>
        <a:fontRef idx="minor">
          <a:scrgbClr r="0" g="0" b="0"/>
        </a:fontRef>
        <a:schemeClr val="dk1"/>
      </a:tcTxStyle>
      <a:tcStyle>
        <a:tcBdr>
          <a:left>
            <a:ln>
              <a:noFill/>
            </a:ln>
          </a:left>
          <a:right>
            <a:ln>
              <a:noFill/>
            </a:ln>
          </a:right>
          <a:top>
            <a:ln>
              <a:noFill/>
            </a:ln>
          </a:top>
          <a:bottom>
            <a:ln>
              <a:noFill/>
            </a:ln>
          </a:bottom>
          <a:insideH>
            <a:ln>
              <a:noFill/>
            </a:ln>
          </a:insideH>
          <a:insideV>
            <a:ln>
              <a:noFill/>
            </a:ln>
          </a:insideV>
        </a:tcBdr>
        <a:fill>
          <a:solidFill>
            <a:schemeClr val="accent1">
              <a:tint val="20000"/>
            </a:schemeClr>
          </a:solidFill>
        </a:fill>
      </a:tcStyle>
    </a:wholeTbl>
    <a:band1H>
      <a:tcStyle>
        <a:tcBdr/>
        <a:fill>
          <a:solidFill>
            <a:schemeClr val="accent1">
              <a:tint val="40000"/>
            </a:schemeClr>
          </a:solidFill>
        </a:fill>
      </a:tcStyle>
    </a:band1H>
    <a:band1V>
      <a:tcStyle>
        <a:tcBdr/>
        <a:fill>
          <a:solidFill>
            <a:schemeClr val="accent1">
              <a:tint val="40000"/>
            </a:schemeClr>
          </a:solidFill>
        </a:fill>
      </a:tcStyle>
    </a:band1V>
    <a:lastCol>
      <a:tcTxStyle b="on"/>
      <a:tcStyle>
        <a:tcBdr/>
      </a:tcStyle>
    </a:lastCol>
    <a:firstCol>
      <a:tcTxStyle b="on"/>
      <a:tcStyle>
        <a:tcBdr/>
      </a:tcStyle>
    </a:firstCol>
    <a:lastRow>
      <a:tcTxStyle b="on"/>
      <a:tcStyle>
        <a:tcBdr>
          <a:top>
            <a:ln w="50800" cmpd="dbl">
              <a:solidFill>
                <a:schemeClr val="dk1"/>
              </a:solidFill>
            </a:ln>
          </a:top>
        </a:tcBdr>
        <a:fill>
          <a:solidFill>
            <a:schemeClr val="accent1">
              <a:tint val="20000"/>
            </a:schemeClr>
          </a:solidFill>
        </a:fill>
      </a:tcStyle>
    </a:lastRow>
    <a:firstRow>
      <a:tcTxStyle b="on">
        <a:fontRef idx="minor">
          <a:scrgbClr r="0" g="0" b="0"/>
        </a:fontRef>
        <a:schemeClr val="lt1"/>
      </a:tcTxStyle>
      <a:tcStyle>
        <a:tcBdr/>
        <a:fill>
          <a:solidFill>
            <a:schemeClr val="accent2"/>
          </a:solidFill>
        </a:fill>
      </a:tcStyle>
    </a:firstRow>
  </a:tblStyle>
