  <a:tblStyle xmlns:a="http://schemas.openxmlformats.org/drawingml/2006/main" styleId="{073A0DAA-6AF3-43AB-8588-CEC1D06C72B9}" styleName="Medium Style 2">
    <a:wholeTbl>
      <a:tcTxStyle>
        <a:fontRef idx="minor">
          <a:prstClr val="black"/>
        </a:fontRef>
        <a:schemeClr val="dk1"/>
      </a:tcTxStyle>
      <a:tcStyle>
        <a:tcBdr>
          <a:left>
            <a:ln w="12700" cmpd="sng">
              <a:solidFill>
                <a:schemeClr val="lt1"/>
              </a:solidFill>
            </a:ln>
          </a:left>
          <a:right>
            <a:ln w="12700" cmpd="sng">
              <a:solidFill>
                <a:schemeClr val="lt1"/>
              </a:solidFill>
            </a:ln>
          </a:right>
          <a:top>
            <a:ln w="12700" cmpd="sng">
              <a:solidFill>
                <a:schemeClr val="lt1"/>
              </a:solidFill>
            </a:ln>
          </a:top>
          <a:bottom>
            <a:ln w="12700" cmpd="sng">
              <a:solidFill>
                <a:schemeClr val="lt1"/>
              </a:solidFill>
            </a:ln>
          </a:bottom>
          <a:insideH>
            <a:ln w="12700" cmpd="sng">
              <a:solidFill>
                <a:schemeClr val="lt1"/>
              </a:solidFill>
            </a:ln>
          </a:insideH>
          <a:insideV>
            <a:ln w="12700" cmpd="sng">
              <a:solidFill>
                <a:schemeClr val="lt1"/>
              </a:solidFill>
            </a:ln>
          </a:insideV>
        </a:tcBdr>
        <a:fill>
          <a:solidFill>
            <a:schemeClr val="dk1">
              <a:tint val="20000"/>
            </a:schemeClr>
          </a:solidFill>
        </a:fill>
      </a:tcStyle>
    </a:wholeTbl>
    <a:band1H>
      <a:tcStyle>
        <a:tcBdr/>
        <a:fill>
          <a:solidFill>
            <a:schemeClr val="dk1">
              <a:tint val="40000"/>
            </a:schemeClr>
          </a:solidFill>
        </a:fill>
      </a:tcStyle>
    </a:band1H>
    <a:band2H>
      <a:tcStyle>
        <a:tcBdr/>
      </a:tcStyle>
    </a:band2H>
    <a:band1V>
      <a:tcStyle>
        <a:tcBdr/>
        <a:fill>
          <a:solidFill>
            <a:schemeClr val="dk1">
              <a:tint val="40000"/>
            </a:schemeClr>
          </a:solidFill>
        </a:fill>
      </a:tcStyle>
    </a:band1V>
    <a:band2V>
      <a:tcStyle>
        <a:tcBdr/>
      </a:tcStyle>
    </a:band2V>
    <a:lastCol>
      <a:tcTxStyle b="on">
        <a:fontRef idx="minor">
          <a:prstClr val="black"/>
        </a:fontRef>
        <a:schemeClr val="lt1"/>
      </a:tcTxStyle>
      <a:tcStyle>
        <a:tcBdr/>
        <a:fill>
          <a:solidFill>
            <a:schemeClr val="dk1"/>
          </a:solidFill>
        </a:fill>
      </a:tcStyle>
    </a:lastCol>
    <a:firstCol>
      <a:tcTxStyle b="on">
        <a:fontRef idx="minor">
          <a:prstClr val="black"/>
        </a:fontRef>
        <a:schemeClr val="lt1"/>
      </a:tcTxStyle>
      <a:tcStyle>
        <a:tcBdr/>
        <a:fill>
          <a:solidFill>
            <a:schemeClr val="dk1"/>
          </a:solidFill>
        </a:fill>
      </a:tcStyle>
    </a:firstCol>
    <a:lastRow>
      <a:tcTxStyle b="on">
        <a:fontRef idx="minor">
          <a:prstClr val="black"/>
        </a:fontRef>
        <a:schemeClr val="lt1"/>
      </a:tcTxStyle>
      <a:tcStyle>
        <a:tcBdr>
          <a:top>
            <a:ln w="38100" cmpd="sng">
              <a:solidFill>
                <a:schemeClr val="lt1"/>
              </a:solidFill>
            </a:ln>
          </a:top>
        </a:tcBdr>
        <a:fill>
          <a:solidFill>
            <a:schemeClr val="dk1"/>
          </a:solidFill>
        </a:fill>
      </a:tcStyle>
    </a:lastRow>
    <a:firstRow>
      <a:tcTxStyle b="on">
        <a:fontRef idx="minor">
          <a:prstClr val="black"/>
        </a:fontRef>
        <a:schemeClr val="lt1"/>
      </a:tcTxStyle>
      <a:tcStyle>
        <a:tcBdr>
          <a:bottom>
            <a:ln w="38100" cmpd="sng">
              <a:solidFill>
                <a:schemeClr val="lt1"/>
              </a:solidFill>
            </a:ln>
          </a:bottom>
        </a:tcBdr>
        <a:fill>
          <a:solidFill>
            <a:schemeClr val="dk1"/>
          </a:solidFill>
        </a:fill>
      </a:tcStyle>
    </a:firstRow>
  </a:tblStyle>
