  <a:tblStyle xmlns:a="http://schemas.openxmlformats.org/drawingml/2006/main" styleId="{18603FDC-E32A-4AB5-989C-0864C3EAD2B8}" styleName="Themed Style 2 - Accent 2">
    <a:tblBg>
      <a:fillRef idx="3">
        <a:schemeClr val="accent2"/>
      </a:fillRef>
      <a:effectRef idx="3">
        <a:schemeClr val="accent2"/>
      </a:effectRef>
    </a:tblBg>
    <a:wholeTbl>
      <a:tcTxStyle>
        <a:fontRef idx="minor">
          <a:scrgbClr r="0" g="0" b="0"/>
        </a:fontRef>
        <a:schemeClr val="lt1"/>
      </a:tcTxStyle>
      <a:tcStyle>
        <a:tcBdr>
          <a:left>
            <a:lnRef idx="1">
              <a:schemeClr val="accent2">
                <a:tint val="50000"/>
              </a:schemeClr>
            </a:lnRef>
          </a:left>
          <a:right>
            <a:lnRef idx="1">
              <a:schemeClr val="accent2">
                <a:tint val="50000"/>
              </a:schemeClr>
            </a:lnRef>
          </a:right>
          <a:top>
            <a:lnRef idx="1">
              <a:schemeClr val="accent2">
                <a:tint val="50000"/>
              </a:schemeClr>
            </a:lnRef>
          </a:top>
          <a:bottom>
            <a:lnRef idx="1">
              <a:schemeClr val="accent2">
                <a:tint val="50000"/>
              </a:schemeClr>
            </a:lnRef>
          </a:bottom>
          <a:insideH>
            <a:ln>
              <a:noFill/>
            </a:ln>
          </a:insideH>
          <a:insideV>
            <a:ln>
              <a:noFill/>
            </a:ln>
          </a:insideV>
        </a:tcBdr>
        <a:fill>
          <a:noFill/>
        </a:fill>
      </a:tcStyle>
    </a:wholeTbl>
    <a:band1H>
      <a:tcStyle>
        <a:tcBdr/>
        <a:fill>
          <a:solidFill>
            <a:schemeClr val="lt1">
              <a:alpha val="20000"/>
            </a:schemeClr>
          </a:solidFill>
        </a:fill>
      </a:tcStyle>
    </a:band1H>
    <a:band1V>
      <a:tcStyle>
        <a:tcBdr/>
        <a:fill>
          <a:solidFill>
            <a:schemeClr val="lt1">
              <a:alpha val="20000"/>
            </a:schemeClr>
          </a:solidFill>
        </a:fill>
      </a:tcStyle>
    </a:band1V>
    <a:lastCol>
      <a:tcTxStyle b="on"/>
      <a:tcStyle>
        <a:tcBdr>
          <a:left>
            <a:lnRef idx="2">
              <a:schemeClr val="lt1"/>
            </a:lnRef>
          </a:left>
        </a:tcBdr>
      </a:tcStyle>
    </a:lastCol>
    <a:firstCol>
      <a:tcTxStyle b="on"/>
      <a:tcStyle>
        <a:tcBdr>
          <a:right>
            <a:lnRef idx="2">
              <a:schemeClr val="lt1"/>
            </a:lnRef>
          </a:right>
        </a:tcBdr>
      </a:tcStyle>
    </a:firstCol>
    <a:lastRow>
      <a:tcTxStyle b="on"/>
      <a:tcStyle>
        <a:tcBdr>
          <a:top>
            <a:lnRef idx="2">
              <a:schemeClr val="lt1"/>
            </a:lnRef>
          </a:top>
        </a:tcBdr>
        <a:fill>
          <a:noFill/>
        </a:fill>
      </a:tcStyle>
    </a:lastRow>
    <a:seCell>
      <a:tcStyle>
        <a:tcBdr>
          <a:left>
            <a:ln>
              <a:noFill/>
            </a:ln>
          </a:left>
          <a:top>
            <a:ln>
              <a:noFill/>
            </a:ln>
          </a:top>
        </a:tcBdr>
      </a:tcStyle>
    </a:seCell>
    <a:swCell>
      <a:tcStyle>
        <a:tcBdr>
          <a:right>
            <a:ln>
              <a:noFill/>
            </a:ln>
          </a:right>
          <a:top>
            <a:ln>
              <a:noFill/>
            </a:ln>
          </a:top>
        </a:tcBdr>
      </a:tcStyle>
    </a:swCell>
    <a:firstRow>
      <a:tcTxStyle b="on"/>
      <a:tcStyle>
        <a:tcBdr>
          <a:bottom>
            <a:lnRef idx="3">
              <a:schemeClr val="lt1"/>
            </a:lnRef>
          </a:bottom>
        </a:tcBdr>
        <a:fill>
          <a:noFill/>
        </a:fill>
      </a:tcStyle>
    </a:firstRow>
    <a:neCell>
      <a:tcStyle>
        <a:tcBdr>
          <a:bottom>
            <a:ln>
              <a:noFill/>
            </a:ln>
          </a:bottom>
        </a:tcBdr>
      </a:tcStyle>
    </a:neCell>
  </a:tblStyle>
