  <a:tblStyle xmlns:a="http://schemas.openxmlformats.org/drawingml/2006/main" styleId="{3C2FFA5D-87B4-456A-9821-1D502468CF0F}" styleName="Themed Style 1 - Accent 1">
    <a:tblBg>
      <a:fillRef idx="2">
        <a:schemeClr val="accent1"/>
      </a:fillRef>
      <a:effectRef idx="1">
        <a:schemeClr val="accent1"/>
      </a:effectRef>
    </a:tblBg>
    <a:wholeTbl>
      <a:tcTxStyle>
        <a:fontRef idx="minor">
          <a:scrgbClr r="0" g="0" b="0"/>
        </a:fontRef>
        <a:schemeClr val="dk1"/>
      </a:tcTxStyle>
      <a:tcStyle>
        <a:tcBdr>
          <a:left>
            <a:lnRef idx="1">
              <a:schemeClr val="accent1"/>
            </a:lnRef>
          </a:left>
          <a:right>
            <a:lnRef idx="1">
              <a:schemeClr val="accent1"/>
            </a:lnRef>
          </a:right>
          <a:top>
            <a:lnRef idx="1">
              <a:schemeClr val="accent1"/>
            </a:lnRef>
          </a:top>
          <a:bottom>
            <a:lnRef idx="1">
              <a:schemeClr val="accent1"/>
            </a:lnRef>
          </a:bottom>
          <a:insideH>
            <a:lnRef idx="1">
              <a:schemeClr val="accent1"/>
            </a:lnRef>
          </a:insideH>
          <a:insideV>
            <a:lnRef idx="1">
              <a:schemeClr val="accent1"/>
            </a:lnRef>
          </a:insideV>
        </a:tcBdr>
        <a:fill>
          <a:noFill/>
        </a:fill>
      </a:tcStyle>
    </a:wholeTbl>
    <a:band1H>
      <a:tcStyle>
        <a:tcBdr/>
        <a:fill>
          <a:solidFill>
            <a:schemeClr val="accent1">
              <a:alpha val="40000"/>
            </a:schemeClr>
          </a:solidFill>
        </a:fill>
      </a:tcStyle>
    </a:band1H>
    <a:band2H>
      <a:tcStyle>
        <a:tcBdr/>
      </a:tcStyle>
    </a:band2H>
    <a:band1V>
      <a:tcStyle>
        <a:tcBdr>
          <a:top>
            <a:lnRef idx="1">
              <a:schemeClr val="accent1"/>
            </a:lnRef>
          </a:top>
          <a:bottom>
            <a:lnRef idx="1">
              <a:schemeClr val="accent1"/>
            </a:lnRef>
          </a:bottom>
        </a:tcBdr>
        <a:fill>
          <a:solidFill>
            <a:schemeClr val="accent1">
              <a:alpha val="40000"/>
            </a:schemeClr>
          </a:solidFill>
        </a:fill>
      </a:tcStyle>
    </a:band1V>
    <a:band2V>
      <a:tcStyle>
        <a:tcBdr/>
      </a:tcStyle>
    </a:band2V>
    <a:lastCol>
      <a:tcTxStyle b="on"/>
      <a:tcStyle>
        <a:tcBdr>
          <a:left>
            <a:lnRef idx="2">
              <a:schemeClr val="accent1"/>
            </a:lnRef>
          </a:left>
          <a:right>
            <a:lnRef idx="1">
              <a:schemeClr val="accent1"/>
            </a:lnRef>
          </a:right>
          <a:top>
            <a:lnRef idx="1">
              <a:schemeClr val="accent1"/>
            </a:lnRef>
          </a:top>
          <a:bottom>
            <a:lnRef idx="1">
              <a:schemeClr val="accent1"/>
            </a:lnRef>
          </a:bottom>
          <a:insideH>
            <a:lnRef idx="1">
              <a:schemeClr val="accent1"/>
            </a:lnRef>
          </a:insideH>
          <a:insideV>
            <a:ln>
              <a:noFill/>
            </a:ln>
          </a:insideV>
        </a:tcBdr>
      </a:tcStyle>
    </a:lastCol>
    <a:firstCol>
      <a:tcTxStyle b="on"/>
      <a:tcStyle>
        <a:tcBdr>
          <a:left>
            <a:lnRef idx="1">
              <a:schemeClr val="accent1"/>
            </a:lnRef>
          </a:left>
          <a:right>
            <a:lnRef idx="2">
              <a:schemeClr val="accent1"/>
            </a:lnRef>
          </a:right>
          <a:top>
            <a:lnRef idx="1">
              <a:schemeClr val="accent1"/>
            </a:lnRef>
          </a:top>
          <a:bottom>
            <a:lnRef idx="1">
              <a:schemeClr val="accent1"/>
            </a:lnRef>
          </a:bottom>
          <a:insideH>
            <a:lnRef idx="1">
              <a:schemeClr val="accent1"/>
            </a:lnRef>
          </a:insideH>
          <a:insideV>
            <a:ln>
              <a:noFill/>
            </a:ln>
          </a:insideV>
        </a:tcBdr>
      </a:tcStyle>
    </a:firstCol>
    <a:lastRow>
      <a:tcTxStyle b="on"/>
      <a:tcStyle>
        <a:tcBdr>
          <a:left>
            <a:lnRef idx="1">
              <a:schemeClr val="accent1"/>
            </a:lnRef>
          </a:left>
          <a:right>
            <a:lnRef idx="1">
              <a:schemeClr val="accent1"/>
            </a:lnRef>
          </a:right>
          <a:top>
            <a:lnRef idx="2">
              <a:schemeClr val="accent1"/>
            </a:lnRef>
          </a:top>
          <a:bottom>
            <a:lnRef idx="2">
              <a:schemeClr val="accent1"/>
            </a:lnRef>
          </a:bottom>
          <a:insideH>
            <a:ln>
              <a:noFill/>
            </a:ln>
          </a:insideH>
          <a:insideV>
            <a:ln>
              <a:noFill/>
            </a:ln>
          </a:insideV>
        </a:tcBdr>
        <a:fill>
          <a:noFill/>
        </a:fill>
      </a:tcStyle>
    </a:lastRow>
    <a:firstRow>
      <a:tcTxStyle b="on">
        <a:fontRef idx="minor">
          <a:scrgbClr r="0" g="0" b="0"/>
        </a:fontRef>
        <a:schemeClr val="lt1"/>
      </a:tcTxStyle>
      <a:tcStyle>
        <a:tcBdr>
          <a:left>
            <a:lnRef idx="1">
              <a:schemeClr val="accent1"/>
            </a:lnRef>
          </a:left>
          <a:right>
            <a:lnRef idx="1">
              <a:schemeClr val="accent1"/>
            </a:lnRef>
          </a:right>
          <a:top>
            <a:lnRef idx="1">
              <a:schemeClr val="accent1"/>
            </a:lnRef>
          </a:top>
          <a:bottom>
            <a:lnRef idx="2">
              <a:schemeClr val="lt1"/>
            </a:lnRef>
          </a:bottom>
          <a:insideH>
            <a:ln>
              <a:noFill/>
            </a:ln>
          </a:insideH>
          <a:insideV>
            <a:ln>
              <a:noFill/>
            </a:ln>
          </a:insideV>
        </a:tcBdr>
        <a:fill>
          <a:solidFill>
            <a:schemeClr val="accent1"/>
          </a:solidFill>
        </a:fill>
      </a:tcStyle>
    </a:firstRow>
  </a:tblStyle>
