  <a:tblStyle xmlns:a="http://schemas.openxmlformats.org/drawingml/2006/main" styleId="{5940675A-B579-460E-94D1-54222C63F5DA}" styleName="No Style, Table Grid">
    <a:wholeTbl>
      <a:tcTxStyle>
        <a:fontRef idx="minor">
          <a:scrgbClr r="0" g="0" b="0"/>
        </a:fontRef>
        <a:schemeClr val="tx1"/>
      </a:tcTxStyle>
      <a:tcStyle>
        <a:tcBdr>
          <a:left>
            <a:ln w="12700" cmpd="sng">
              <a:solidFill>
                <a:schemeClr val="tx1"/>
              </a:solidFill>
            </a:ln>
          </a:left>
          <a:right>
            <a:ln w="12700" cmpd="sng">
              <a:solidFill>
                <a:schemeClr val="tx1"/>
              </a:solidFill>
            </a:ln>
          </a:right>
          <a:top>
            <a:ln w="12700" cmpd="sng">
              <a:solidFill>
                <a:schemeClr val="tx1"/>
              </a:solidFill>
            </a:ln>
          </a:top>
          <a:bottom>
            <a:ln w="12700" cmpd="sng">
              <a:solidFill>
                <a:schemeClr val="tx1"/>
              </a:solidFill>
            </a:ln>
          </a:bottom>
          <a:insideH>
            <a:ln w="12700" cmpd="sng">
              <a:solidFill>
                <a:schemeClr val="tx1"/>
              </a:solidFill>
            </a:ln>
          </a:insideH>
          <a:insideV>
            <a:ln w="12700" cmpd="sng">
              <a:solidFill>
                <a:schemeClr val="tx1"/>
              </a:solidFill>
            </a:ln>
          </a:insideV>
        </a:tcBdr>
        <a:fill>
          <a:noFill/>
        </a:fill>
      </a:tcStyle>
    </a:wholeTbl>
  </a:tblStyle>
