  <a:tblStyle xmlns:a="http://schemas.openxmlformats.org/drawingml/2006/main" styleId="{7E9639D4-E3E2-4D34-9284-5A2195B3D0D7}" styleName="Light Style 2">
    <a:wholeTbl>
      <a:tcTxStyle>
        <a:fontRef idx="minor">
          <a:scrgbClr r="0" g="0" b="0"/>
        </a:fontRef>
        <a:schemeClr val="tx1"/>
      </a:tcTxStyle>
      <a:tcStyle>
        <a:tcBdr>
          <a:left>
            <a:lnRef idx="1">
              <a:schemeClr val="tx1"/>
            </a:lnRef>
          </a:left>
          <a:right>
            <a:lnRef idx="1">
              <a:schemeClr val="tx1"/>
            </a:lnRef>
          </a:right>
          <a:top>
            <a:lnRef idx="1">
              <a:schemeClr val="tx1"/>
            </a:lnRef>
          </a:top>
          <a:bottom>
            <a:lnRef idx="1">
              <a:schemeClr val="tx1"/>
            </a:lnRef>
          </a:bottom>
          <a:insideH>
            <a:ln>
              <a:noFill/>
            </a:ln>
          </a:insideH>
          <a:insideV>
            <a:ln>
              <a:noFill/>
            </a:ln>
          </a:insideV>
        </a:tcBdr>
        <a:fill>
          <a:noFill/>
        </a:fill>
      </a:tcStyle>
    </a:wholeTbl>
    <a:band1H>
      <a:tcStyle>
        <a:tcBdr>
          <a:top>
            <a:lnRef idx="1">
              <a:schemeClr val="tx1"/>
            </a:lnRef>
          </a:top>
          <a:bottom>
            <a:lnRef idx="1">
              <a:schemeClr val="tx1"/>
            </a:lnRef>
          </a:bottom>
        </a:tcBdr>
      </a:tcStyle>
    </a:band1H>
    <a:band1V>
      <a:tcStyle>
        <a:tcBdr>
          <a:left>
            <a:lnRef idx="1">
              <a:schemeClr val="tx1"/>
            </a:lnRef>
          </a:left>
          <a:right>
            <a:lnRef idx="1">
              <a:schemeClr val="tx1"/>
            </a:lnRef>
          </a:right>
        </a:tcBdr>
      </a:tcStyle>
    </a:band1V>
    <a:band2V>
      <a:tcStyle>
        <a:tcBdr>
          <a:left>
            <a:lnRef idx="1">
              <a:schemeClr val="tx1"/>
            </a:lnRef>
          </a:left>
          <a:right>
            <a:lnRef idx="1">
              <a:schemeClr val="tx1"/>
            </a:lnRef>
          </a:right>
        </a:tcBdr>
      </a:tcStyle>
    </a:band2V>
    <a:lastCol>
      <a:tcTxStyle b="on"/>
      <a:tcStyle>
        <a:tcBdr/>
      </a:tcStyle>
    </a:lastCol>
    <a:firstCol>
      <a:tcTxStyle b="on"/>
      <a:tcStyle>
        <a:tcBdr/>
      </a:tcStyle>
    </a:firstCol>
    <a:lastRow>
      <a:tcTxStyle b="on"/>
      <a:tcStyle>
        <a:tcBdr>
          <a:top>
            <a:ln w="50800" cmpd="dbl">
              <a:solidFill>
                <a:schemeClr val="tx1"/>
              </a:solidFill>
            </a:ln>
          </a:top>
        </a:tcBdr>
      </a:tcStyle>
    </a:lastRow>
    <a:firstRow>
      <a:tcTxStyle b="on">
        <a:fontRef idx="minor">
          <a:scrgbClr r="0" g="0" b="0"/>
        </a:fontRef>
        <a:schemeClr val="bg1"/>
      </a:tcTxStyle>
      <a:tcStyle>
        <a:tcBdr/>
        <a:fillRef idx="1">
          <a:schemeClr val="tx1"/>
        </a:fillRef>
      </a:tcStyle>
    </a:firstRow>
  </a:tblStyle>
