  <a:tblStyle xmlns:a="http://schemas.openxmlformats.org/drawingml/2006/main" styleId="{9D7B26C5-4107-4FEC-AEDC-1716B250A1EF}" styleName="Light Style 1">
    <a:wholeTbl>
      <a:tcTxStyle>
        <a:fontRef idx="minor">
          <a:scrgbClr r="0" g="0" b="0"/>
        </a:fontRef>
        <a:schemeClr val="tx1"/>
      </a:tcTxStyle>
      <a:tcStyle>
        <a:tcBdr>
          <a:left>
            <a:ln>
              <a:noFill/>
            </a:ln>
          </a:left>
          <a:right>
            <a:ln>
              <a:noFill/>
            </a:ln>
          </a:right>
          <a:top>
            <a:ln w="12700" cmpd="sng">
              <a:solidFill>
                <a:schemeClr val="tx1"/>
              </a:solidFill>
            </a:ln>
          </a:top>
          <a:bottom>
            <a:ln w="12700" cmpd="sng">
              <a:solidFill>
                <a:schemeClr val="tx1"/>
              </a:solidFill>
            </a:ln>
          </a:bottom>
          <a:insideH>
            <a:ln>
              <a:noFill/>
            </a:ln>
          </a:insideH>
          <a:insideV>
            <a:ln>
              <a:noFill/>
            </a:ln>
          </a:insideV>
        </a:tcBdr>
        <a:fill>
          <a:noFill/>
        </a:fill>
      </a:tcStyle>
    </a:wholeTbl>
    <a:band1H>
      <a:tcStyle>
        <a:tcBdr/>
        <a:fill>
          <a:solidFill>
            <a:schemeClr val="tx1">
              <a:alpha val="20000"/>
            </a:schemeClr>
          </a:solidFill>
        </a:fill>
      </a:tcStyle>
    </a:band1H>
    <a:band2H>
      <a:tcStyle>
        <a:tcBdr/>
      </a:tcStyle>
    </a:band2H>
    <a:band1V>
      <a:tcStyle>
        <a:tcBdr/>
        <a:fill>
          <a:solidFill>
            <a:schemeClr val="tx1">
              <a:alpha val="20000"/>
            </a:schemeClr>
          </a:solidFill>
        </a:fill>
      </a:tcStyle>
    </a:band1V>
    <a:lastCol>
      <a:tcTxStyle b="on"/>
      <a:tcStyle>
        <a:tcBdr/>
      </a:tcStyle>
    </a:lastCol>
    <a:firstCol>
      <a:tcTxStyle b="on"/>
      <a:tcStyle>
        <a:tcBdr/>
      </a:tcStyle>
    </a:firstCol>
    <a:lastRow>
      <a:tcTxStyle b="on"/>
      <a:tcStyle>
        <a:tcBdr>
          <a:top>
            <a:ln w="12700" cmpd="sng">
              <a:solidFill>
                <a:schemeClr val="tx1"/>
              </a:solidFill>
            </a:ln>
          </a:top>
        </a:tcBdr>
        <a:fill>
          <a:noFill/>
        </a:fill>
      </a:tcStyle>
    </a:lastRow>
    <a:firstRow>
      <a:tcTxStyle b="on"/>
      <a:tcStyle>
        <a:tcBdr>
          <a:bottom>
            <a:ln w="12700" cmpd="sng">
              <a:solidFill>
                <a:schemeClr val="tx1"/>
              </a:solidFill>
            </a:ln>
          </a:bottom>
        </a:tcBdr>
        <a:fill>
          <a:noFill/>
        </a:fill>
      </a:tcStyle>
    </a:firstRow>
  </a:tblStyle>
