  <a:tblStyle xmlns:a="http://schemas.openxmlformats.org/drawingml/2006/main" styleId="{E929F9F4-4A8F-4326-A1B4-22849713DDAB}" styleName="Dark Style 1 - Accent 4">
    <a:wholeTbl>
      <a:tcTxStyle>
        <a:fontRef idx="minor">
          <a:scrgbClr r="0" g="0" b="0"/>
        </a:fontRef>
        <a:schemeClr val="lt1"/>
      </a:tcTxStyle>
      <a:tcStyle>
        <a:tcBdr>
          <a:left>
            <a:ln>
              <a:noFill/>
            </a:ln>
          </a:left>
          <a:right>
            <a:ln>
              <a:noFill/>
            </a:ln>
          </a:right>
          <a:top>
            <a:ln>
              <a:noFill/>
            </a:ln>
          </a:top>
          <a:bottom>
            <a:ln>
              <a:noFill/>
            </a:ln>
          </a:bottom>
          <a:insideH>
            <a:ln>
              <a:noFill/>
            </a:ln>
          </a:insideH>
          <a:insideV>
            <a:ln>
              <a:noFill/>
            </a:ln>
          </a:insideV>
        </a:tcBdr>
        <a:fill>
          <a:solidFill>
            <a:schemeClr val="accent4"/>
          </a:solidFill>
        </a:fill>
      </a:tcStyle>
    </a:wholeTbl>
    <a:band1H>
      <a:tcStyle>
        <a:tcBdr/>
        <a:fill>
          <a:solidFill>
            <a:schemeClr val="accent4">
              <a:shade val="60000"/>
            </a:schemeClr>
          </a:solidFill>
        </a:fill>
      </a:tcStyle>
    </a:band1H>
    <a:band1V>
      <a:tcStyle>
        <a:tcBdr/>
        <a:fill>
          <a:solidFill>
            <a:schemeClr val="accent4">
              <a:shade val="60000"/>
            </a:schemeClr>
          </a:solidFill>
        </a:fill>
      </a:tcStyle>
    </a:band1V>
    <a:lastCol>
      <a:tcTxStyle b="on"/>
      <a:tcStyle>
        <a:tcBdr>
          <a:left>
            <a:ln w="25400" cmpd="sng">
              <a:solidFill>
                <a:schemeClr val="lt1"/>
              </a:solidFill>
            </a:ln>
          </a:left>
        </a:tcBdr>
        <a:fill>
          <a:solidFill>
            <a:schemeClr val="accent4">
              <a:shade val="60000"/>
            </a:schemeClr>
          </a:solidFill>
        </a:fill>
      </a:tcStyle>
    </a:lastCol>
    <a:firstCol>
      <a:tcTxStyle b="on"/>
      <a:tcStyle>
        <a:tcBdr>
          <a:right>
            <a:ln w="25400" cmpd="sng">
              <a:solidFill>
                <a:schemeClr val="lt1"/>
              </a:solidFill>
            </a:ln>
          </a:right>
        </a:tcBdr>
        <a:fill>
          <a:solidFill>
            <a:schemeClr val="accent4">
              <a:shade val="60000"/>
            </a:schemeClr>
          </a:solidFill>
        </a:fill>
      </a:tcStyle>
    </a:firstCol>
    <a:lastRow>
      <a:tcTxStyle b="on"/>
      <a:tcStyle>
        <a:tcBdr>
          <a:top>
            <a:ln w="25400" cmpd="sng">
              <a:solidFill>
                <a:schemeClr val="lt1"/>
              </a:solidFill>
            </a:ln>
          </a:top>
        </a:tcBdr>
        <a:fill>
          <a:solidFill>
            <a:schemeClr val="accent4">
              <a:shade val="40000"/>
            </a:schemeClr>
          </a:solidFill>
        </a:fill>
      </a:tcStyle>
    </a:lastRow>
    <a:seCell>
      <a:tcStyle>
        <a:tcBdr>
          <a:left>
            <a:ln>
              <a:noFill/>
            </a:ln>
          </a:left>
        </a:tcBdr>
      </a:tcStyle>
    </a:seCell>
    <a:swCell>
      <a:tcStyle>
        <a:tcBdr>
          <a:right>
            <a:ln>
              <a:noFill/>
            </a:ln>
          </a:right>
        </a:tcBdr>
      </a:tcStyle>
    </a:swCell>
    <a:firstRow>
      <a:tcTxStyle b="on"/>
      <a:tcStyle>
        <a:tcBdr>
          <a:bottom>
            <a:ln w="25400" cmpd="sng">
              <a:solidFill>
                <a:schemeClr val="lt1"/>
              </a:solidFill>
            </a:ln>
          </a:bottom>
        </a:tcBdr>
        <a:fill>
          <a:solidFill>
            <a:schemeClr val="dk1"/>
          </a:solidFill>
        </a:fill>
      </a:tcStyle>
    </a:firstRow>
    <a:neCell>
      <a:tcStyle>
        <a:tcBdr>
          <a:left>
            <a:ln>
              <a:noFill/>
            </a:ln>
          </a:left>
        </a:tcBdr>
      </a:tcStyle>
    </a:neCell>
    <a:nwCell>
      <a:tcStyle>
        <a:tcBdr>
          <a:right>
            <a:ln>
              <a:noFill/>
            </a:ln>
          </a:right>
        </a:tcBdr>
      </a:tcStyle>
    </a:nwCell>
  </a:tblStyle>
